,_id,clusterID,connectionTime,disconnectTime,doneChargingTime,kWhDelivered,sessionID,siteID,spaceID,stationID,timezone,userID,userInputs/0/WhPerMile,userInputs/0/kWhRequested,userInputs/0/milesRequested,userInputs/0/minutesAvailable,userInputs/0/modifiedAt,userInputs/0/paymentRequired,userInputs/0/requestedDeparture,userInputs/0/userID,userInputs/1/WhPerMile,userInputs/1/kWhRequested,userInputs/1/milesRequested,userInputs/1/minutesAvailable,userInputs/1/modifiedAt,userInputs/1/paymentRequired,userInputs/1/requestedDeparture,userInputs/1/userID,chargingDurationHours,chargingDuration,extraTimeConnected,weather_conditions,departure_hour,departure_hour_range
0,5e225f9ff9af8b5c26d21715,39,2020-01-01 09:42:14,2020-01-02 02:25:40,2020-01-01 14:42:11,32.02,2_39_131_30_2020-01-01 09:42:14.259248,2,CA-305,2-39-131-30,America/Los_Angeles,67.0,250.0,60.0,240.0,720.0,"Wed, 01 Jan 2020 09:42:27 GMT",True,"Wed, 01 Jan 2020 21:42:14 GMT",67.0,,,,,,,,,16.72388888888889,0 days 16:43:26,0 days 11:43:29,Clouds generally forming or developing,2,2-3
1,5e225f9ff9af8b5c26d21716,39,2020-01-01 18:10:34,2020-01-01 21:05:40,2020-01-01 19:22:56,2.328,2_39_127_19_2020-01-01 18:10:34.057445,2,CA-309,2-39-127-19,America/Los_Angeles,710.0,261.0,7.83,30.0,458.0,"Wed, 01 Jan 2020 18:10:53 GMT",True,"Thu, 02 Jan 2020 01:48:34 GMT",710.0,,,,,,,,,2.9183333333333334,0 days 02:55:06,0 days 01:42:44,State of sky on the whole unchanged,21,21-22
2,5e225f9ff9af8b5c26d21717,39,2020-01-01 19:44:51,2020-01-02 01:23:37,2020-01-01 22:43:57,19.868,2_39_79_377_2020-01-01 19:44:51.127414,2,CA-325,2-39-79-377,America/Los_Angeles,248.0,250.0,20.0,80.0,338.0,"Wed, 01 Jan 2020 19:46:01 GMT",True,"Thu, 02 Jan 2020 01:22:51 GMT",248.0,,,,,,,,,5.646111111111111,0 days 05:38:46,0 days 02:39:40,Clouds generally forming or developing,1,1-2
3,5e225f9ff9af8b5c26d21718,39,2020-01-02 01:12:29,2020-01-02 04:38:39,2020-01-02 03:11:48,8.336,2_39_126_20_2020-01-02 01:12:28.778216,2,CA-310,2-39-126-20,America/Los_Angeles,1099.0,400.0,24.0,60.0,125.0,"Thu, 02 Jan 2020 01:13:30 GMT",True,"Thu, 02 Jan 2020 03:17:29 GMT",1099.0,,,,,,,,,3.436111111111111,0 days 03:26:10,0 days 01:26:51,Clouds generally forming or developing,4,4-5
4,5e225f9ff9af8b5c26d21719,39,2020-01-02 04:18:06,2020-01-03 00:06:13,2020-01-02 06:41:48,14.731,2_39_79_382_2020-01-02 04:18:06.407434,2,CA-491,2-39-79-382,America/Los_Angeles,3267.0,400.0,40.0,100.0,583.0,"Thu, 02 Jan 2020 04:18:39 GMT",True,"Thu, 02 Jan 2020 14:01:06 GMT",3267.0,,,,,,,,,19.801944444444445,0 days 19:48:07,0 days 17:24:25,"Drizzle, not freezing, continuous",0,0-1
5,5e23b122f9af8b5fe4b973bf,39,2020-01-02 16:05:15,2020-01-03 00:11:51,2020-01-02 16:39:20,2.083,2_39_79_380_2020-01-02 16:05:14.818106,2,CA-489,2-39-79-380,America/Los_Angeles,751.0,400.0,8.0,20.0,590.0,"Thu, 02 Jan 2020 16:05:35 GMT",True,"Fri, 03 Jan 2020 01:55:15 GMT",751.0,,,,,,,,,8.11,0 days 08:06:36,0 days 07:32:31,"Drizzle, not freezing, continuous",0,0-1
6,5e23b122f9af8b5fe4b973c0,39,2020-01-02 16:06:34,2020-01-02 17:04:02,2020-01-02 16:37:26,0.855,2_39_79_383_2020-01-02 16:06:34.210024,2,CA-492,2-39-79-383,America/Los_Angeles,,,,,,,,,,,,,,,,,,0.9577777777777777,0 days 00:57:28,0 days 00:26:36,Clouds generally forming or developing,17,17-18
7,5e23b122f9af8b5fe4b973c1,39,2020-01-02 16:31:35,2020-01-03 00:29:28,2020-01-03 00:29:26,50.788,2_39_78_366_2020-01-02 16:31:34.854057,2,CA-323,2-39-78-366,America/Los_Angeles,3853.0,360.0,64.8,180.0,603.0,"Thu, 02 Jan 2020 16:31:59 GMT",True,"Fri, 03 Jan 2020 02:34:35 GMT",3853.0,,,,,,,,,7.964722222222222,0 days 07:57:53,0 days 00:00:02,"Drizzle, not freezing, continuous",0,0-1
8,5e23b122f9af8b5fe4b973c2,39,2020-01-02 17:25:53,2020-01-03 02:14:55,2020-01-02 19:23:42,4.187,2_39_138_29_2020-01-02 17:25:52.764723,2,CA-304,2-39-138-29,America/Los_Angeles,620.0,400.0,12.0,30.0,421.0,"Thu, 02 Jan 2020 17:26:03 GMT",True,"Fri, 03 Jan 2020 00:26:53 GMT",620.0,,,,,,,,,8.817222222222222,0 days 08:49:02,0 days 06:51:13,"Drizzle, not freezing, continuous",2,2-3
9,5e23b122f9af8b5fe4b973c3,39,2020-01-02 17:45:13,2020-01-03 00:51:06,2020-01-02 19:55:59,6.874,2_39_78_367_2020-01-02 17:45:12.995970,2,CA-494,2-39-78-367,America/Los_Angeles,1001.0,600.0,12.0,20.0,129.0,"Thu, 02 Jan 2020 17:45:27 GMT",True,"Thu, 02 Jan 2020 19:54:13 GMT",1001.0,,,,,,,,,7.098055555555556,0 days 07:05:53,0 days 04:55:07,"Drizzle, not freezing, continuous",0,0-1
10,5e23b122f9af8b5fe4b973c4,39,2020-01-02 17:46:15,2020-01-02 21:02:06,2020-01-02 19:49:03,6.501,2_39_78_365_2020-01-02 17:46:14.843193,2,CA-321,2-39-78-365,America/Los_Angeles,1124.0,400.0,8.0,20.0,60.0,"Thu, 02 Jan 2020 17:46:37 GMT",True,"Thu, 02 Jan 2020 18:46:15 GMT",1124.0,,,,,,,,,3.2641666666666667,0 days 03:15:51,0 days 01:13:03,Clouds generally forming or developing,21,21-22
11,5e23b122f9af8b5fe4b973c5,39,2020-01-02 17:47:53,2020-01-02 20:42:59,2020-01-02 20:42:55,20.165,2_39_139_28_2020-01-02 17:47:52.598587,2,CA-303,2-39-139-28,America/Los_Angeles,710.0,261.0,7.83,30.0,458.0,"Thu, 02 Jan 2020 17:48:10 GMT",True,"Fri, 03 Jan 2020 01:25:53 GMT",710.0,261.0,41.76,160.0,458.0,"Thu, 02 Jan 2020 17:48:27 GMT",True,"Fri, 03 Jan 2020 01:25:53 GMT",710.0,2.9183333333333334,0 days 02:55:06,0 days 00:00:04,Clouds generally forming or developing,20,20-21
12,5e23b122f9af8b5fe4b973c6,39,2020-01-02 18:07:57,2020-01-02 20:46:38,2020-01-02 19:32:04,4.32,2_39_123_23_2020-01-02 18:07:56.928051,2,CA-313,2-39-123-23,America/Los_Angeles,2170.0,400.0,8.0,20.0,183.0,"Thu, 02 Jan 2020 18:08:20 GMT",True,"Thu, 02 Jan 2020 21:10:57 GMT",2170.0,,,,,,,,,2.644722222222222,0 days 02:38:41,0 days 01:14:34,Clouds generally forming or developing,20,20-21
13,5e23b122f9af8b5fe4b973c7,39,2020-01-02 18:25:20,2020-01-03 00:46:32,2020-01-02 20:41:45,5.191,2_39_79_381_2020-01-02 18:25:20.402594,2,CA-490,2-39-79-381,America/Los_Angeles,3389.0,400.0,8.0,20.0,190.0,"Thu, 02 Jan 2020 18:25:50 GMT",True,"Thu, 02 Jan 2020 21:35:20 GMT",3389.0,,,,,,,,,6.3533333333333335,0 days 06:21:12,0 days 04:04:47,"Drizzle, not freezing, continuous",0,0-1
14,5e23b122f9af8b5fe4b973c8,39,2020-01-02 18:40:46,2020-01-02 21:19:16,2020-01-02 21:18:35,8.379,2_39_90_440_2020-01-02 18:40:46.167914,2,CA-500,2-39-90-440,America/Los_Angeles,3447.0,375.0,15.0,40.0,219.0,"Thu, 02 Jan 2020 18:41:08 GMT",True,"Thu, 02 Jan 2020 22:19:46 GMT",3447.0,,,,,,,,,2.6416666666666666,0 days 02:38:30,0 days 00:00:41,Clouds generally forming or developing,21,21-22
15,5e23b122f9af8b5fe4b973c9,39,2020-01-02 18:51:01,2020-01-02 23:58:24,2020-01-02 20:00:30,3.399,2_39_89_25_2020-01-02 18:51:01.473182,2,CA-315,2-39-89-25,America/Los_Angeles,743.0,400.0,8.0,20.0,332.0,"Thu, 02 Jan 2020 18:51:17 GMT",True,"Fri, 03 Jan 2020 00:23:01 GMT",743.0,,,,,,,,,5.123055555555555,0 days 05:07:23,0 days 03:57:54,Clouds generally forming or developing,23,23-24
16,5e23b122f9af8b5fe4b973ca,39,2020-01-02 21:28:24,2020-01-02 21:54:33,2020-01-02 21:49:32,0.956,2_39_123_23_2020-01-02 21:28:23.830730,2,CA-313,2-39-123-23,America/Los_Angeles,2170.0,400.0,8.0,20.0,183.0,"Thu, 02 Jan 2020 21:28:36 GMT",True,"Fri, 03 Jan 2020 00:31:24 GMT",2170.0,,,,,,,,,0.43583333333333335,0 days 00:26:09,0 days 00:05:01,Clouds generally forming or developing,21,21-22
17,5e23b122f9af8b5fe4b973cb,39,2020-01-02 22:17:20,2020-01-03 05:05:05,2020-01-02 23:12:44,2.35,2_39_78_363_2020-01-02 22:17:20.170082,2,CA-320,2-39-78-363,America/Los_Angeles,1124.0,400.0,8.0,20.0,60.0,"Thu, 02 Jan 2020 22:17:38 GMT",True,"Thu, 02 Jan 2020 23:17:20 GMT",1124.0,,,,,,,,,6.795833333333333,0 days 06:47:45,0 days 05:52:21,"Drizzle, not freezing, continuous",5,5-6
18,5e23b122f9af8b5fe4b973cc,39,2020-01-02 22:23:55,2020-01-03 00:56:50,2020-01-03 00:56:45,17.075,2_39_139_28_2020-01-02 22:23:55.420890,2,CA-303,2-39-139-28,America/Los_Angeles,710.0,261.0,41.76,160.0,458.0,"Thu, 02 Jan 2020 22:24:23 GMT",True,"Fri, 03 Jan 2020 06:01:55 GMT",710.0,,,,,,,,,2.548611111111111,0 days 02:32:55,0 days 00:00:05,"Drizzle, not freezing, continuous",0,0-1
19,5e23b122f9af8b5fe4b973cd,39,2020-01-03 00:03:03,2020-01-03 01:16:25,2020-01-03 00:33:55,0.913,2_39_89_25_2020-01-03 00:03:03.221895,2,CA-315,2-39-89-25,America/Los_Angeles,,,,,,,,,,,,,,,,,,1.2227777777777777,0 days 01:13:22,0 days 00:42:30,"Drizzle, not freezing, continuous",1,1-2
20,5e23b122f9af8b5fe4b973ce,39,2020-01-03 02:50:03,2020-01-03 04:06:03,2020-01-03 04:05:54,8.768,2_39_139_28_2020-01-03 02:50:03.120616,2,CA-303,2-39-139-28,America/Los_Angeles,1263.0,400.0,12.0,30.0,115.0,"Fri, 03 Jan 2020 02:50:53 GMT",True,"Fri, 03 Jan 2020 04:45:03 GMT",1263.0,,,,,,,,,1.2666666666666666,0 days 01:16:00,0 days 00:00:09,"Drizzle, not freezing, continuous",4,4-5
21,5e2502a2f9af8b63eb5a4de2,39,2020-01-03 16:14:25,2020-01-04 01:25:30,2020-01-03 19:00:03,10.325,2_39_78_366_2020-01-03 16:14:25.439593,2,CA-323,2-39-78-366,America/Los_Angeles,3853.0,360.0,39.6,110.0,490.0,"Fri, 03 Jan 2020 16:15:03 GMT",True,"Sat, 04 Jan 2020 00:24:25 GMT",3853.0,,,,,,,,,9.184722222222222,0 days 09:11:05,0 days 06:25:27,"Rain, not freezing, continuous",1,1-2
22,5e2502a2f9af8b63eb5a4de3,39,2020-01-03 16:19:10,2020-01-03 18:08:03,2020-01-03 18:09:02,0.84,2_39_79_380_2020-01-03 16:19:09.581564,2,CA-489,2-39-79-380,America/Los_Angeles,,,,,,,,,,,,,,,,,,1.8147222222222221,0 days 01:48:53,-1 days +23:59:01,"Drizzle, not freezing, continuous",18,18-19
23,5e2502a2f9af8b63eb5a4de4,39,2020-01-03 16:37:06,2020-01-04 00:47:15,2020-01-03 18:05:49,4.426,2_39_89_25_2020-01-03 16:37:05.609840,2,CA-315,2-39-89-25,America/Los_Angeles,743.0,400.0,8.0,20.0,332.0,"Fri, 03 Jan 2020 16:37:26 GMT",True,"Fri, 03 Jan 2020 22:09:06 GMT",743.0,,,,,,,,,8.169166666666667,0 days 08:10:09,0 days 06:41:26,"Rain, not freezing, continuous",0,0-1
24,5e2502a2f9af8b63eb5a4de5,39,2020-01-03 17:14:49,2020-01-04 01:38:06,2020-01-03 17:43:15,0.807,2_39_79_379_2020-01-03 17:14:49.150327,2,CA-327,2-39-79-379,America/Los_Angeles,,,,,,,,,,,,,,,,,,8.388055555555555,0 days 08:23:17,0 days 07:54:51,"Rain, not freezing, continuous",1,1-2
25,5e2502a2f9af8b63eb5a4de6,39,2020-01-03 17:40:31,2020-01-03 19:30:12,2020-01-03 19:30:07,12.489,2_39_139_28_2020-01-03 17:40:30.774361,2,CA-303,2-39-139-28,America/Los_Angeles,798.0,400.0,20.0,50.0,109.0,"Fri, 03 Jan 2020 17:41:42 GMT",True,"Fri, 03 Jan 2020 19:29:31 GMT",798.0,,,,,,,,,1.8280555555555555,0 days 01:49:41,0 days 00:00:05,"Drizzle, not freezing, continuous",19,19-20
26,5e2502a2f9af8b63eb5a4de7,39,2020-01-03 17:48:23,2020-01-03 21:45:39,2020-01-03 21:46:38,0.914,2_39_79_377_2020-01-03 17:48:23.018957,2,CA-325,2-39-79-377,America/Los_Angeles,,,,,,,,,,,,,,,,,,3.9544444444444444,0 days 03:57:16,-1 days +23:59:01,"Drizzle, not freezing, continuous",21,21-22
27,5e2502a2f9af8b63eb5a4de8,39,2020-01-03 17:50:40,2020-01-04 00:52:55,2020-01-03 19:07:54,4.008,2_39_123_23_2020-01-03 17:50:40.207600,2,CA-313,2-39-123-23,America/Los_Angeles,2170.0,400.0,8.0,20.0,183.0,"Fri, 03 Jan 2020 17:50:48 GMT",True,"Fri, 03 Jan 2020 20:53:40 GMT",2170.0,400.0,8.0,20.0,183.0,"Fri, 03 Jan 2020 17:51:03 GMT",True,"Fri, 03 Jan 2020 20:53:40 GMT",2170.0,7.0375,0 days 07:02:15,0 days 05:45:01,"Rain, not freezing, continuous",0,0-1
28,5e2502a2f9af8b63eb5a4de9,39,2020-01-03 18:08:07,2020-01-03 20:14:53,2020-01-03 18:38:11,0.812,2_39_79_380_2020-01-03 18:08:06.946951,2,CA-489,2-39-79-380,America/Los_Angeles,,,,,,,,,,,,,,,,,,2.1127777777777776,0 days 02:06:46,0 days 01:36:42,"Drizzle, not freezing, continuous",20,20-21
29,5e2502a2f9af8b63eb5a4dea,39,2020-01-03 18:23:45,2020-01-03 21:19:46,2020-01-03 19:36:30,3.713,2_39_92_442_2020-01-03 18:23:44.761404,2,CA-498,2-39-92-442,America/Los_Angeles,3447.0,375.0,15.0,40.0,219.0,"Fri, 03 Jan 2020 18:24:02 GMT",True,"Fri, 03 Jan 2020 22:02:45 GMT",3447.0,,,,,,,,,2.933611111111111,0 days 02:56:01,0 days 01:43:16,"Drizzle, not freezing, continuous",21,21-22
30,5e2502a2f9af8b63eb5a4deb,39,2020-01-03 18:40:29,2020-01-04 03:55:21,2020-01-03 23:08:46,9.566,2_39_126_20_2020-01-03 18:40:28.924098,2,CA-310,2-39-126-20,America/Los_Angeles,3270.0,200.0,40.0,200.0,466.0,"Fri, 03 Jan 2020 18:40:45 GMT",True,"Sat, 04 Jan 2020 02:26:29 GMT",3270.0,,,,,,,,,9.247777777777777,0 days 09:14:52,0 days 04:46:35,"Rain, not freezing, continuous",3,3-4
31,5e2502a2f9af8b63eb5a4dec,39,2020-01-03 19:04:18,2020-01-04 01:50:00,2020-01-03 20:11:41,3.695,2_39_131_30_2020-01-03 19:04:18.163790,2,CA-305,2-39-131-30,America/Los_Angeles,567.0,400.0,8.0,20.0,596.0,"Fri, 03 Jan 2020 19:04:25 GMT",True,"Sat, 04 Jan 2020 05:00:18 GMT",567.0,400.0,8.0,20.0,596.0,"Fri, 03 Jan 2020 19:04:29 GMT",True,"Sat, 04 Jan 2020 05:00:18 GMT",567.0,6.761666666666667,0 days 06:45:42,0 days 05:38:19,"Rain, not freezing, continuous",1,1-2
32,5e2502a2f9af8b63eb5a4ded,39,2020-01-03 19:10:14,2020-01-03 20:00:13,2020-01-03 20:00:09,2.804,2_39_130_31_2020-01-03 19:10:14.392450,2,CA-306,2-39-130-31,America/Los_Angeles,365.0,333.0,9.99,30.0,104.0,"Fri, 03 Jan 2020 19:11:47 GMT",True,"Fri, 03 Jan 2020 20:54:14 GMT",365.0,,,,,,,,,0.8330555555555555,0 days 00:49:59,0 days 00:00:04,"Drizzle, not freezing, continuous",20,20-21
33,5e2502a2f9af8b63eb5a4dee,39,2020-01-04 00:59:57,2020-01-04 02:29:40,2020-01-04 02:29:35,4.98,2_39_123_23_2020-01-04 00:59:56.797170,2,CA-313,2-39-123-23,America/Los_Angeles,1920.0,400.0,8.0,20.0,61.0,"Sat, 04 Jan 2020 01:00:23 GMT",True,"Sat, 04 Jan 2020 02:00:57 GMT",1920.0,,,,,,,,,1.4952777777777777,0 days 01:29:43,0 days 00:00:05,"Rain, not freezing, continuous",2,2-3
34,5e2502a2f9af8b63eb5a4def,39,2020-01-04 02:19:38,2020-01-04 21:09:25,2020-01-04 05:34:17,11.271,2_39_139_28_2020-01-04 02:19:38.310090,2,CA-303,2-39-139-28,America/Los_Angeles,838.0,600.0,36.0,60.0,287.0,"Sat, 04 Jan 2020 02:19:53 GMT",True,"Sat, 04 Jan 2020 07:06:38 GMT",838.0,600.0,36.0,60.0,287.0,"Sat, 04 Jan 2020 02:20:03 GMT",True,"Sat, 04 Jan 2020 07:06:38 GMT",838.0,18.829722222222223,0 days 18:49:47,0 days 15:35:08,"Rain, not freezing, continuous",21,21-22
35,5e2502a2f9af8b63eb5a4df0,39,2020-01-04 03:21:06,2020-01-04 03:40:32,2020-01-04 03:41:31,2.127,2_39_131_30_2020-01-04 03:21:05.618565,2,CA-305,2-39-131-30,America/Los_Angeles,1238.0,520.0,104.0,200.0,715.0,"Sat, 04 Jan 2020 03:21:52 GMT",True,"Sat, 04 Jan 2020 15:16:06 GMT",1238.0,,,,,,,,,0.3238888888888889,0 days 00:19:26,-1 days +23:59:01,"Rain, not freezing, continuous",3,3-4
36,5e26541ef9af8b67acde4c71,39,2020-01-04 16:03:06,2020-01-05 00:17:36,2020-01-04 16:33:26,0.845,2_39_131_30_2020-01-04 16:03:05.854880,2,CA-305,2-39-131-30,America/Los_Angeles,,,,,,,,,,,,,,,,,,8.241666666666667,0 days 08:14:30,0 days 07:44:10,Clouds generally forming or developing,0,0-1
37,5e26541ef9af8b67acde4c72,39,2020-01-04 16:35:51,2020-01-04 17:57:53,2020-01-04 17:57:48,8.696,2_39_129_17_2020-01-04 16:35:50.900297,2,CA-307,2-39-129-17,America/Los_Angeles,1938.0,400.0,8.0,20.0,140.0,"Sat, 04 Jan 2020 16:35:53 GMT",True,"Sat, 04 Jan 2020 18:55:51 GMT",1938.0,400.0,16.0,40.0,140.0,"Sat, 04 Jan 2020 16:36:07 GMT",True,"Sat, 04 Jan 2020 18:55:51 GMT",1938.0,1.3672222222222221,0 days 01:22:02,0 days 00:00:05,"Rain, not freezing, continuous",17,17-18
38,5e26541ef9af8b67acde4c73,39,2020-01-04 16:45:48,2020-01-05 01:11:35,2020-01-04 23:48:30,47.386,2_39_79_377_2020-01-04 16:45:48.379080,2,CA-325,2-39-79-377,America/Los_Angeles,248.0,250.0,47.5,190.0,576.0,"Sat, 04 Jan 2020 16:46:41 GMT",True,"Sun, 05 Jan 2020 02:21:48 GMT",248.0,,,,,,,,,8.429722222222223,0 days 08:25:47,0 days 01:23:05,Clouds generally forming or developing,1,1-2
39,5e26541ef9af8b67acde4c74,39,2020-01-04 17:36:05,2020-01-04 18:44:00,2020-01-04 18:43:52,3.64,2_39_128_18_2020-01-04 17:36:05.318091,2,CA-308,2-39-128-18,America/Los_Angeles,365.0,333.0,9.99,30.0,104.0,"Sat, 04 Jan 2020 17:36:23 GMT",True,"Sat, 04 Jan 2020 19:20:05 GMT",365.0,,,,,,,,,1.1319444444444444,0 days 01:07:55,0 days 00:00:08,"Rain, not freezing, continuous",18,18-19
40,5e26541ef9af8b67acde4c75,39,2020-01-04 19:20:38,2020-01-04 20:16:08,2020-01-04 20:16:00,0.879,2_39_129_17_2020-01-04 19:20:38.030150,2,CA-307,2-39-129-17,America/Los_Angeles,,,,,,,,,,,,,,,,,,0.925,0 days 00:55:30,0 days 00:00:08,"Rain, not freezing, continuous",20,20-21
41,5e26541ef9af8b67acde4c76,39,2020-01-04 20:13:10,2020-01-04 22:22:06,2020-01-04 21:07:40,2.505,2_39_125_21_2020-01-04 20:13:09.963739,2,CA-311,2-39-125-21,America/Los_Angeles,1920.0,450.0,9.0,20.0,61.0,"Sat, 04 Jan 2020 20:17:05 GMT",True,"Sat, 04 Jan 2020 21:14:10 GMT",1920.0,450.0,9.0,20.0,61.0,"Sat, 04 Jan 2020 20:17:15 GMT",True,"Sat, 04 Jan 2020 21:14:10 GMT",1920.0,2.148888888888889,0 days 02:08:56,0 days 01:14:26,"Rain, not freezing, continuous",22,22-23
42,5e26541ef9af8b67acde4c77,39,2020-01-04 23:36:53,2020-01-05 00:08:53,2020-01-05 00:09:51,0.79,2_39_127_19_2020-01-04 23:36:53.158060,2,CA-309,2-39-127-19,America/Los_Angeles,,,,,,,,,,,,,,,,,,0.5333333333333333,0 days 00:32:00,-1 days +23:59:02,Clouds generally forming or developing,0,0-1
43,5e26541ef9af8b67acde4c78,39,2020-01-05 00:08:56,2020-01-05 00:42:18,2020-01-05 00:40:59,0.787395277777778,2_39_127_19_2020-01-05 00:08:56.486738,2,CA-309,2-39-127-19,America/Los_Angeles,,,,,,,,,,,,,,,,,,0.5561111111111111,0 days 00:33:22,0 days 00:01:19,Clouds generally forming or developing,0,0-1
44,5e26541ef9af8b67acde4c79,39,2020-01-05 00:14:24,2020-01-05 01:49:46,2020-01-05 00:44:33,0.877,2_39_138_29_2020-01-05 00:14:24.357979,2,CA-304,2-39-138-29,America/Los_Angeles,,,,,,,,,,,,,,,,,,1.5894444444444444,0 days 01:35:22,0 days 01:05:13,Clouds generally forming or developing,1,1-2
45,5e26541ef9af8b67acde4c7a,39,2020-01-05 00:42:28,2020-01-05 01:13:52,2020-01-05 01:13:47,0.778,2_39_126_20_2020-01-05 00:42:28.223622,2,CA-310,2-39-126-20,America/Los_Angeles,,,,,,,,,,,,,,,,,,0.5233333333333333,0 days 00:31:24,0 days 00:00:05,Clouds generally forming or developing,1,1-2
46,5e26541ef9af8b67acde4c7b,39,2020-01-05 02:20:55,2020-01-05 04:51:46,2020-01-05 04:22:40,9.222,2_39_129_17_2020-01-05 02:20:54.531254,2,CA-307,2-39-129-17,America/Los_Angeles,1099.0,400.0,24.0,60.0,125.0,"Sun, 05 Jan 2020 02:21:33 GMT",True,"Sun, 05 Jan 2020 04:25:55 GMT",1099.0,,,,,,,,,2.5141666666666667,0 days 02:30:51,0 days 00:29:06,Clouds generally forming or developing,4,4-5
47,5e26541ef9af8b67acde4c7c,39,2020-01-05 02:30:56,2020-01-05 04:04:28,2020-01-05 04:04:19,5.423,2_39_89_25_2020-01-05 02:30:56.509870,2,CA-315,2-39-89-25,America/Los_Angeles,1091.0,300.0,9.0,30.0,90.0,"Sun, 05 Jan 2020 02:31:16 GMT",True,"Sun, 05 Jan 2020 04:00:56 GMT",1091.0,,,,,,,,,1.558888888888889,0 days 01:33:32,0 days 00:00:09,Clouds generally forming or developing,4,4-5
48,5e27a59cf9af8b6b6627addc,39,2020-01-05 17:22:55,2020-01-05 19:08:24,2020-01-05 18:56:41,4.689,2_39_89_25_2020-01-05 17:22:54.865827,2,CA-315,2-39-89-25,America/Los_Angeles,743.0,400.0,8.0,20.0,79.0,"Sun, 05 Jan 2020 17:23:02 GMT",True,"Sun, 05 Jan 2020 18:41:55 GMT",743.0,,,,,,,,,1.7580555555555555,0 days 01:45:29,0 days 00:11:43,Clouds generally forming or developing,19,19-20
49,5e27a59cf9af8b6b6627addd,39,2020-01-05 19:52:59,2020-01-05 22:11:46,2020-01-05 20:30:24,1.441,2_39_79_380_2020-01-05 19:52:58.995281,2,CA-489,2-39-79-380,America/Los_Angeles,3389.0,400.0,4.0,10.0,190.0,"Sun, 05 Jan 2020 19:54:34 GMT",True,"Sun, 05 Jan 2020 23:02:59 GMT",3389.0,,,,,,,,,2.3130555555555556,0 days 02:18:47,0 days 01:41:22,Clouds generally forming or developing,22,22-23
50,5e27a59cf9af8b6b6627adde,39,2020-01-05 20:31:11,2020-01-06 01:33:54,2020-01-06 00:14:21,12.918,2_39_139_28_2020-01-05 20:31:11.005412,2,CA-303,2-39-139-28,America/Los_Angeles,838.0,600.0,36.0,60.0,287.0,"Sun, 05 Jan 2020 20:31:45 GMT",True,"Mon, 06 Jan 2020 01:18:11 GMT",838.0,600.0,36.0,60.0,287.0,"Sun, 05 Jan 2020 20:31:53 GMT",True,"Mon, 06 Jan 2020 01:18:11 GMT",838.0,5.045277777777778,0 days 05:02:43,0 days 01:19:33,Clouds generally forming or developing,1,1-2
51,5e27a59cf9af8b6b6627addf,39,2020-01-05 20:31:59,2020-01-06 01:33:31,2020-01-06 01:33:46,0.994,2_39_131_30_2020-01-05 20:31:58.947706,2,CA-305,2-39-131-30,America/Los_Angeles,,,,,,,,,,,,,,,,,,5.025555555555556,0 days 05:01:32,-1 days +23:59:45,Clouds generally forming or developing,1,1-2
52,5e27a59cf9af8b6b6627ade0,39,2020-01-05 23:06:45,2020-01-06 00:09:17,2020-01-05 23:50:21,2.077,2_39_127_19_2020-01-05 23:06:45.211244,2,CA-309,2-39-127-19,America/Los_Angeles,1920.0,450.0,9.0,20.0,61.0,"Sun, 05 Jan 2020 23:07:12 GMT",True,"Mon, 06 Jan 2020 00:07:45 GMT",1920.0,450.0,9.0,20.0,61.0,"Sun, 05 Jan 2020 23:07:33 GMT",True,"Mon, 06 Jan 2020 00:07:45 GMT",1920.0,1.0422222222222222,0 days 01:02:32,0 days 00:18:56,Clouds generally forming or developing,0,0-1
53,5e27a59cf9af8b6b6627ade1,39,2020-01-05 23:27:46,2020-01-06 00:33:19,2020-01-05 23:58:26,0.85,2_39_79_379_2020-01-05 23:27:45.925246,2,CA-327,2-39-79-379,America/Los_Angeles,,,,,,,,,,,,,,,,,,1.0925,0 days 01:05:33,0 days 00:34:53,Clouds generally forming or developing,0,0-1
54,5e28f72af9af8b70ebc91c7e,39,2020-01-06 15:54:03,2020-01-07 01:08:11,2020-01-06 20:45:22,24.261,2_39_78_366_2020-01-06 15:54:03.422821,2,CA-323,2-39-78-366,America/Los_Angeles,3853.0,360.0,28.8,80.0,490.0,"Mon, 06 Jan 2020 15:54:11 GMT",True,"Tue, 07 Jan 2020 00:04:03 GMT",3853.0,,,,,,,,,9.235555555555555,0 days 09:14:08,0 days 04:22:49,"Drizzle, not freezing, continuous",1,1-2
55,5e28f72af9af8b70ebc91c7f,39,2020-01-06 15:58:50,2020-01-06 16:32:28,2020-01-06 16:29:06,0.831,2_39_79_380_2020-01-06 15:58:49.622769,2,CA-489,2-39-79-380,America/Los_Angeles,,,,,,,,,,,,,,,,,,0.5605555555555556,0 days 00:33:38,0 days 00:03:22,Clouds generally forming or developing,16,16-17
56,5e28f72af9af8b70ebc91c80,39,2020-01-06 16:07:15,2020-01-07 03:16:11,2020-01-07 03:15:59,16.006,2_39_79_379_2020-01-06 16:07:15.399027,2,CA-327,2-39-79-379,America/Los_Angeles,676.0,400.0,24.0,60.0,629.0,"Mon, 06 Jan 2020 16:07:19 GMT",True,"Tue, 07 Jan 2020 02:36:15 GMT",676.0,,,,,,,,,11.148888888888889,0 days 11:08:56,0 days 00:00:12,"Drizzle, not freezing, continuous",3,3-4
57,5e28f72af9af8b70ebc91c81,39,2020-01-06 16:26:31,2020-01-07 01:18:35,2020-01-06 20:48:30,0.964,2_39_139_28_2020-01-06 16:26:31.205980,2,CA-303,2-39-139-28,America/Los_Angeles,,,,,,,,,,,,,,,,,,8.867777777777778,0 days 08:52:04,0 days 04:30:05,"Drizzle, not freezing, continuous",1,1-2
58,5e28f72af9af8b70ebc91c82,39,2020-01-06 16:27:34,2020-01-06 21:59:10,2020-01-06 16:48:34,1.296,2_39_79_377_2020-01-06 16:27:33.876128,2,CA-325,2-39-79-377,America/Los_Angeles,751.0,400.0,8.0,20.0,590.0,"Mon, 06 Jan 2020 16:27:44 GMT",True,"Tue, 07 Jan 2020 02:17:34 GMT",751.0,,,,,,,,,5.526666666666666,0 days 05:31:36,0 days 05:10:36,Clouds generally forming or developing,21,21-22
59,5e28f72af9af8b70ebc91c83,39,2020-01-06 16:38:10,2020-01-07 00:09:43,2020-01-06 21:11:27,15.822,2_39_131_30_2020-01-06 16:38:10.136068,2,CA-305,2-39-131-30,America/Los_Angeles,712.0,400.0,28.0,70.0,307.0,"Mon, 06 Jan 2020 16:38:20 GMT",True,"Mon, 06 Jan 2020 21:45:10 GMT",712.0,,,,,,,,,7.525833333333333,0 days 07:31:33,0 days 02:58:16,"Drizzle, not freezing, continuous",0,0-1
60,5e28f72af9af8b70ebc91c84,39,2020-01-06 16:38:56,2020-01-06 23:08:17,2020-01-06 20:46:16,0.943,2_39_129_17_2020-01-06 16:38:56.073904,2,CA-307,2-39-129-17,America/Los_Angeles,,,,,,,,,,,,,,,,,,6.489166666666667,0 days 06:29:21,0 days 02:22:01,Clouds generally forming or developing,23,23-24
61,5e28f72af9af8b70ebc91c85,39,2020-01-06 16:41:08,2020-01-07 01:43:10,2020-01-06 19:55:16,21.338,2_39_79_382_2020-01-06 16:41:07.846325,2,CA-491,2-39-79-382,America/Los_Angeles,1104.0,250.0,37.5,150.0,436.0,"Mon, 06 Jan 2020 16:41:55 GMT",True,"Mon, 06 Jan 2020 23:57:08 GMT",1104.0,,,,,,,,,9.033888888888889,0 days 09:02:02,0 days 05:47:54,"Drizzle, not freezing, continuous",1,1-2
62,5e28f72af9af8b70ebc91c86,39,2020-01-06 16:51:09,2020-01-06 20:27:02,2020-01-06 17:40:40,2.213,2_39_138_29_2020-01-06 16:51:08.856990,2,CA-304,2-39-138-29,America/Los_Angeles,1366.0,400.0,8.0,20.0,60.0,"Mon, 06 Jan 2020 16:51:32 GMT",True,"Mon, 06 Jan 2020 17:51:09 GMT",1366.0,,,,,,,,,3.5980555555555553,0 days 03:35:53,0 days 02:46:22,Clouds generally forming or developing,20,20-21
63,5e28f72af9af8b70ebc91c87,39,2020-01-06 17:08:17,2020-01-07 01:28:22,2020-01-06 18:19:03,3.9,2_39_127_19_2020-01-06 17:08:17.392912,2,CA-309,2-39-127-19,America/Los_Angeles,567.0,400.0,8.0,20.0,596.0,"Mon, 06 Jan 2020 17:08:32 GMT",True,"Tue, 07 Jan 2020 03:04:17 GMT",567.0,,,,,,,,,8.334722222222222,0 days 08:20:05,0 days 07:09:19,"Drizzle, not freezing, continuous",1,1-2
64,5e28f72af9af8b70ebc91c88,39,2020-01-06 17:19:31,2020-01-07 01:59:00,2020-01-06 18:39:39,6.01,2_39_78_365_2020-01-06 17:19:30.632305,2,CA-321,2-39-78-365,America/Los_Angeles,714.0,400.0,24.0,60.0,361.0,"Mon, 06 Jan 2020 17:19:44 GMT",True,"Mon, 06 Jan 2020 23:20:31 GMT",714.0,,,,,,,,,8.658055555555556,0 days 08:39:29,0 days 07:19:21,"Drizzle, not freezing, continuous",1,1-2
65,5e28f72af9af8b70ebc91c89,39,2020-01-06 17:27:09,2020-01-07 01:38:47,2020-01-06 23:07:07,30.26,2_39_78_363_2020-01-06 17:27:08.774394,2,CA-320,2-39-78-363,America/Los_Angeles,1137.0,400.0,40.0,100.0,443.0,"Mon, 06 Jan 2020 17:27:43 GMT",True,"Tue, 07 Jan 2020 00:50:09 GMT",1137.0,,,,,,,,,8.193888888888889,0 days 08:11:38,0 days 02:31:40,"Drizzle, not freezing, continuous",1,1-2
66,5e28f72af9af8b70ebc91c8a,39,2020-01-06 17:31:57,2020-01-06 23:25:49,2020-01-06 20:48:15,0.8,2_39_130_31_2020-01-06 17:31:56.733009,2,CA-306,2-39-130-31,America/Los_Angeles,,,,,,,,,,,,,,,,,,5.897777777777778,0 days 05:53:52,0 days 02:37:34,Clouds generally forming or developing,23,23-24
67,5e28f72af9af8b70ebc91c8b,39,2020-01-06 17:37:05,2020-01-07 02:38:32,2020-01-06 18:24:06,1.411,2_39_89_25_2020-01-06 17:37:05.095406,2,CA-315,2-39-89-25,America/Los_Angeles,324.0,444.0,8.88,20.0,70.0,"Mon, 06 Jan 2020 17:37:21 GMT",True,"Mon, 06 Jan 2020 18:47:05 GMT",324.0,,,,,,,,,9.024166666666666,0 days 09:01:27,0 days 08:14:26,"Drizzle, not freezing, continuous",2,2-3
68,5e28f72af9af8b70ebc91c8c,39,2020-01-06 17:48:33,2020-01-07 02:03:30,2020-01-06 19:43:32,5.961,2_39_95_27_2020-01-06 17:48:33.110861,2,CA-319,2-39-95-27,America/Los_Angeles,1222.0,400.0,8.0,20.0,72.0,"Mon, 06 Jan 2020 17:48:51 GMT",True,"Mon, 06 Jan 2020 19:00:33 GMT",1222.0,,,,,,,,,8.249166666666667,0 days 08:14:57,0 days 06:19:58,"Drizzle, not freezing, continuous",2,2-3
69,5e28f72af9af8b70ebc91c8d,39,2020-01-06 17:56:31,2020-01-07 01:38:41,2020-01-06 19:24:22,4.293,2_39_90_440_2020-01-06 17:56:30.692525,2,CA-500,2-39-90-440,America/Los_Angeles,743.0,400.0,8.0,20.0,447.0,"Mon, 06 Jan 2020 17:56:50 GMT",True,"Tue, 07 Jan 2020 01:23:31 GMT",743.0,,,,,,,,,7.7027777777777775,0 days 07:42:10,0 days 06:14:19,"Drizzle, not freezing, continuous",1,1-2
70,5e28f72af9af8b70ebc91c8e,39,2020-01-06 18:02:27,2020-01-07 02:17:48,2020-01-06 19:59:13,5.884,2_39_91_437_2020-01-06 18:02:26.750975,2,CA-317,2-39-91-437,America/Los_Angeles,891.0,400.0,8.0,20.0,215.0,"Mon, 06 Jan 2020 18:03:16 GMT",True,"Mon, 06 Jan 2020 21:37:27 GMT",891.0,,,,,,,,,8.255833333333333,0 days 08:15:21,0 days 06:18:35,"Drizzle, not freezing, continuous",2,2-3
71,5e28f72af9af8b70ebc91c8f,39,2020-01-06 18:07:47,2020-01-07 01:17:16,2020-01-06 19:15:34,3.43,2_39_125_21_2020-01-06 18:07:47.364420,2,CA-311,2-39-125-21,America/Los_Angeles,2170.0,400.0,8.0,20.0,183.0,"Mon, 06 Jan 2020 18:07:53 GMT",True,"Mon, 06 Jan 2020 21:10:47 GMT",2170.0,,,,,,,,,7.158055555555555,0 days 07:09:29,0 days 06:01:42,"Drizzle, not freezing, continuous",1,1-2
72,5e28f72af9af8b70ebc91c90,39,2020-01-06 18:16:46,2020-01-06 22:13:17,2020-01-06 20:23:59,7.141,2_39_90_26_2020-01-06 18:16:46.074695,2,CA-316,2-39-90-26,America/Los_Angeles,515.0,400.0,12.0,30.0,144.0,"Mon, 06 Jan 2020 18:17:32 GMT",True,"Mon, 06 Jan 2020 20:40:46 GMT",515.0,400.0,12.0,30.0,144.0,"Mon, 06 Jan 2020 18:17:54 GMT",True,"Mon, 06 Jan 2020 20:40:46 GMT",515.0,3.9419444444444443,0 days 03:56:31,0 days 01:49:18,Clouds generally forming or developing,22,22-23
73,5e28f72af9af8b70ebc91c91,39,2020-01-06 18:47:05,2020-01-07 01:35:30,2020-01-06 19:17:37,2.471,2_39_78_364_2020-01-06 18:47:04.784079,2,CA-495,2-39-78-364,America/Los_Angeles,1095.0,400.0,16.0,40.0,397.0,"Mon, 06 Jan 2020 18:47:11 GMT",True,"Tue, 07 Jan 2020 01:24:05 GMT",1095.0,,,,,,,,,6.8069444444444445,0 days 06:48:25,0 days 06:17:53,"Drizzle, not freezing, continuous",1,1-2
74,5e28f72af9af8b70ebc91c92,39,2020-01-06 19:55:18,2020-01-07 01:18:15,2020-01-06 21:30:43,4.693,2_39_79_383_2020-01-06 19:55:18.081734,2,CA-492,2-39-79-383,America/Los_Angeles,3389.0,400.0,8.0,20.0,190.0,"Mon, 06 Jan 2020 19:58:03 GMT",True,"Mon, 06 Jan 2020 23:05:18 GMT",3389.0,400.0,8.0,20.0,190.0,"Mon, 06 Jan 2020 19:58:17 GMT",True,"Mon, 06 Jan 2020 23:05:18 GMT",3389.0,5.3825,0 days 05:22:57,0 days 03:47:32,"Drizzle, not freezing, continuous",1,1-2
75,5e28f72af9af8b70ebc91c93,39,2020-01-06 20:39:32,2020-01-06 22:48:48,2020-01-06 22:07:18,3.343,2_39_78_360_2020-01-06 20:39:31.758198,2,CA-322,2-39-78-360,America/Los_Angeles,560.0,400.0,12.0,30.0,297.0,"Mon, 06 Jan 2020 20:39:43 GMT",True,"Tue, 07 Jan 2020 01:36:32 GMT",560.0,400.0,12.0,30.0,194.0,"Mon, 06 Jan 2020 20:40:22 GMT",True,"Mon, 06 Jan 2020 23:53:32 GMT",560.0,2.1544444444444446,0 days 02:09:16,0 days 00:41:30,Clouds generally forming or developing,22,22-23
76,5e28f72af9af8b70ebc91c94,39,2020-01-06 21:30:35,2020-01-06 23:33:28,2020-01-06 21:50:09,0.591,2_39_92_436_2020-01-06 21:30:35.316299,2,CA-318,2-39-92-436,America/Los_Angeles,,,,,,,,,,,,,,,,,,2.0480555555555555,0 days 02:02:53,0 days 01:43:19,Clouds generally forming or developing,23,23-24
77,5e28f72af9af8b70ebc91c95,39,2020-01-06 23:47:38,2020-01-07 01:50:58,2020-01-07 01:06:53,3.926,2_39_130_31_2020-01-06 23:47:37.619088,2,CA-306,2-39-130-31,America/Los_Angeles,1366.0,400.0,8.0,20.0,60.0,"Mon, 06 Jan 2020 23:48:27 GMT",True,"Tue, 07 Jan 2020 00:47:38 GMT",1366.0,,,,,,,,,2.0555555555555554,0 days 02:03:20,0 days 00:44:05,"Drizzle, not freezing, continuous",1,1-2
78,5e28f72af9af8b70ebc91c96,39,2020-01-06 23:54:11,2020-01-07 03:10:18,2020-01-07 00:24:36,0.846,2_39_129_17_2020-01-06 23:54:11.010552,2,CA-307,2-39-129-17,America/Los_Angeles,,,,,,,,,,,,,,,,,,3.268611111111111,0 days 03:16:07,0 days 02:45:42,"Drizzle, not freezing, continuous",3,3-4
79,5e28f72af9af8b70ebc91c97,39,2020-01-07 00:51:33,2020-01-07 02:26:51,2020-01-07 01:21:53,0.888,2_39_131_30_2020-01-07 00:51:32.520469,2,CA-305,2-39-131-30,America/Los_Angeles,,,,,,,,,,,,,,,,,,1.5883333333333334,0 days 01:35:18,0 days 01:04:58,"Drizzle, not freezing, continuous",2,2-3
80,5e2a48adf9af8b75aed8e908,39,2020-01-07 16:02:34,2020-01-08 00:31:30,2020-01-07 20:40:06,1.381,2_39_79_380_2020-01-07 16:02:33.756969,2,CA-489,2-39-79-380,America/Los_Angeles,,,,,,,,,,,,,,,,,,8.482222222222223,0 days 08:28:56,0 days 03:51:24,"Drizzle, not freezing, continuous",0,0-1
81,5e2a48adf9af8b75aed8e909,39,2020-01-07 16:08:38,2020-01-08 00:24:17,2020-01-07 16:46:03,3.158,2_39_79_377_2020-01-07 16:08:26.985548,2,CA-325,2-39-79-377,America/Los_Angeles,2461.0,400.0,8.0,20.0,273.0,"Tue, 07 Jan 2020 16:08:37 GMT",True,"Tue, 07 Jan 2020 20:41:38 GMT",2461.0,,,,,,,,,8.260833333333334,0 days 08:15:39,0 days 07:38:14,"Drizzle, not freezing, continuous",0,0-1
82,5e2a48adf9af8b75aed8e90a,39,2020-01-07 16:14:25,2020-01-08 01:00:27,2020-01-07 23:20:00,11.31,2_39_139_28_2020-01-07 16:14:11.372907,2,CA-303,2-39-139-28,America/Los_Angeles,4947.0,380.0,11.4,30.0,478.0,"Tue, 07 Jan 2020 16:14:25 GMT",True,"Wed, 08 Jan 2020 00:12:25 GMT",4947.0,,,,,,,,,8.767222222222221,0 days 08:46:02,0 days 01:40:27,"Drizzle, not freezing, continuous",1,1-2
83,5e2a48adf9af8b75aed8e90b,39,2020-01-07 16:18:25,2020-01-07 16:27:22,2020-01-07 16:27:21,0.812,2_39_78_366_2020-01-07 16:18:24.813262,2,CA-323,2-39-78-366,America/Los_Angeles,3853.0,360.0,14.4,40.0,490.0,"Tue, 07 Jan 2020 16:18:32 GMT",True,"Wed, 08 Jan 2020 00:28:25 GMT",3853.0,360.0,7.2,20.0,490.0,"Tue, 07 Jan 2020 16:18:42 GMT",True,"Wed, 08 Jan 2020 00:28:25 GMT",3853.0,0.14916666666666667,0 days 00:08:57,0 days 00:00:01,"Drizzle, not freezing, continuous",16,16-17
84,5e2a48adf9af8b75aed8e90c,39,2020-01-07 16:34:12,2020-01-08 00:44:57,2020-01-08 00:11:23,28.575,2_39_78_367_2020-01-07 16:34:11.592579,2,CA-494,2-39-78-367,America/Los_Angeles,1470.0,292.0,29.2,100.0,311.0,"Tue, 07 Jan 2020 16:34:20 GMT",True,"Tue, 07 Jan 2020 21:45:12 GMT",1470.0,,,,,,,,,8.179166666666667,0 days 08:10:45,0 days 00:33:34,"Drizzle, not freezing, continuous",0,0-1
85,5e2a48adf9af8b75aed8e90d,39,2020-01-07 16:41:45,2020-01-08 02:47:35,2020-01-07 23:20:45,0.99,2_39_124_558_2020-01-07 16:41:45.476338,2,CA-504,2-39-124-558,America/Los_Angeles,,,,,,,,,,,,,,,,,,10.097222222222221,0 days 10:05:50,0 days 03:26:50,"Drizzle, not freezing, continuous",2,2-3
86,5e2a48adf9af8b75aed8e90e,39,2020-01-07 16:44:45,2020-01-08 02:07:44,2020-01-07 23:11:26,0.852,2_39_78_366_2020-01-07 16:44:44.889177,2,CA-323,2-39-78-366,America/Los_Angeles,,,,,,,,,,,,,,,,,,9.383055555555556,0 days 09:22:59,0 days 02:56:18,"Drizzle, not freezing, continuous",2,2-3
87,5e2a48adf9af8b75aed8e90f,39,2020-01-07 16:48:17,2020-01-08 01:57:37,2020-01-07 19:54:01,20.334,2_39_79_379_2020-01-07 16:48:17.302526,2,CA-327,2-39-79-379,America/Los_Angeles,1104.0,250.0,37.5,150.0,436.0,"Tue, 07 Jan 2020 16:49:00 GMT",True,"Wed, 08 Jan 2020 00:04:17 GMT",1104.0,,,,,,,,,9.155555555555555,0 days 09:09:20,0 days 06:03:36,"Drizzle, not freezing, continuous",1,1-2
88,5e2a48adf9af8b75aed8e910,39,2020-01-07 17:07:19,2020-01-08 00:12:31,2020-01-07 18:29:48,4.073,2_39_89_25_2020-01-07 17:07:19.306022,2,CA-315,2-39-89-25,America/Los_Angeles,743.0,400.0,8.0,20.0,447.0,"Tue, 07 Jan 2020 17:07:37 GMT",True,"Wed, 08 Jan 2020 00:34:19 GMT",743.0,400.0,8.0,20.0,447.0,"Tue, 07 Jan 2020 17:08:02 GMT",True,"Wed, 08 Jan 2020 00:34:19 GMT",743.0,7.086666666666667,0 days 07:05:12,0 days 05:42:43,"Drizzle, not freezing, continuous",0,0-1
89,5e2a48adf9af8b75aed8e911,39,2020-01-07 17:09:37,2020-01-08 01:28:57,2020-01-07 19:30:28,8.983,2_39_78_360_2020-01-07 17:09:37.198411,2,CA-322,2-39-78-360,America/Los_Angeles,1137.0,400.0,20.0,50.0,460.0,"Tue, 07 Jan 2020 17:10:25 GMT",True,"Wed, 08 Jan 2020 00:49:37 GMT",1137.0,,,,,,,,,8.322222222222223,0 days 08:19:20,0 days 05:58:29,"Drizzle, not freezing, continuous",1,1-2
90,5e2a48adf9af8b75aed8e912,39,2020-01-07 17:18:08,2020-01-08 01:56:09,2020-01-07 18:50:28,10.451,2_39_95_27_2020-01-07 17:18:08.277614,2,CA-319,2-39-95-27,America/Los_Angeles,714.0,400.0,24.0,60.0,361.0,"Tue, 07 Jan 2020 17:18:42 GMT",True,"Tue, 07 Jan 2020 23:19:08 GMT",714.0,,,,,,,,,8.633611111111112,0 days 08:38:01,0 days 07:05:41,"Drizzle, not freezing, continuous",1,1-2
91,5e2a48adf9af8b75aed8e913,39,2020-01-07 17:56:01,2020-01-07 22:44:12,2020-01-07 22:27:53,0.961,2_39_78_363_2020-01-07 17:56:00.645488,2,CA-320,2-39-78-363,America/Los_Angeles,,,,,,,,,,,,,,,,,,4.803055555555556,0 days 04:48:11,0 days 00:16:19,"Drizzle, not freezing, continuous",22,22-23
92,5e2a48adf9af8b75aed8e914,39,2020-01-07 18:01:29,2020-01-08 02:41:04,2020-01-07 20:30:22,17.273,2_39_95_444_2020-01-07 18:01:29.003460,2,CA-497,2-39-95-444,America/Los_Angeles,2961.0,400.0,40.0,100.0,60.0,"Tue, 07 Jan 2020 18:01:42 GMT",True,"Tue, 07 Jan 2020 19:01:29 GMT",2961.0,,,,,,,,,8.659722222222221,0 days 08:39:35,0 days 06:10:42,"Drizzle, not freezing, continuous",2,2-3
93,5e2a48adf9af8b75aed8e915,39,2020-01-07 18:02:14,2020-01-07 18:39:58,2020-01-07 18:33:18,0.992,2_39_78_361_2020-01-07 18:02:14.215729,2,CA-493,2-39-78-361,America/Los_Angeles,,,,,,,,,,,,,,,,,,0.6288888888888889,0 days 00:37:44,0 days 00:06:40,"Drizzle, not freezing, continuous",18,18-19
94,5e2a48adf9af8b75aed8e916,39,2020-01-07 18:18:52,2020-01-08 02:06:18,2020-01-07 20:18:11,12.102,2_39_91_437_2020-01-07 18:18:52.016000,2,CA-317,2-39-91-437,America/Los_Angeles,1095.0,400.0,16.0,40.0,397.0,"Tue, 07 Jan 2020 18:19:04 GMT",True,"Wed, 08 Jan 2020 00:55:52 GMT",1095.0,,,,,,,,,7.790555555555556,0 days 07:47:26,0 days 05:48:07,"Drizzle, not freezing, continuous",2,2-3
95,5e2a48adf9af8b75aed8e917,39,2020-01-07 18:19:25,2020-01-08 01:20:41,2020-01-07 18:45:57,0.736,2_39_79_376_2020-01-07 18:19:25.324169,2,CA-324,2-39-79-376,America/Los_Angeles,,,,,,,,,,,,,,,,,,7.021111111111111,0 days 07:01:16,0 days 06:34:44,"Drizzle, not freezing, continuous",1,1-2
96,5e2a48adf9af8b75aed8e918,39,2020-01-07 18:41:44,2020-01-08 00:33:07,2020-01-07 20:23:35,3.346,2_39_79_383_2020-01-07 18:41:44.053230,2,CA-492,2-39-79-383,America/Los_Angeles,634.0,300.0,9.0,30.0,400.0,"Tue, 07 Jan 2020 18:42:01 GMT",True,"Wed, 08 Jan 2020 01:21:44 GMT",634.0,300.0,9.0,30.0,320.0,"Tue, 07 Jan 2020 20:17:03 GMT",True,"Wed, 08 Jan 2020 00:01:44 GMT",634.0,5.856388888888889,0 days 05:51:23,0 days 04:09:32,"Drizzle, not freezing, continuous",0,0-1
97,5e2a48adf9af8b75aed8e919,39,2020-01-07 19:11:32,2020-01-08 01:02:39,2020-01-07 20:23:22,3.527,2_39_130_31_2020-01-07 19:11:31.617969,2,CA-306,2-39-130-31,America/Los_Angeles,1366.0,400.0,8.0,20.0,60.0,"Tue, 07 Jan 2020 19:11:44 GMT",True,"Tue, 07 Jan 2020 20:11:32 GMT",1366.0,,,,,,,,,5.851944444444444,0 days 05:51:07,0 days 04:39:17,"Drizzle, not freezing, continuous",1,1-2
98,5e2a48adf9af8b75aed8e91a,39,2020-01-07 19:18:22,2020-01-08 00:38:00,2020-01-07 21:50:45,15.039,2_39_78_361_2020-01-07 19:18:22.250952,2,CA-493,2-39-78-361,America/Los_Angeles,69.0,400.0,40.0,100.0,363.0,"Tue, 07 Jan 2020 19:18:39 GMT",True,"Wed, 08 Jan 2020 01:21:22 GMT",69.0,,,,,,,,,5.327222222222222,0 days 05:19:38,0 days 02:47:15,"Drizzle, not freezing, continuous",0,0-1
99,5e2a48adf9af8b75aed8e91b,39,2020-01-07 20:11:49,2020-01-08 03:27:20,2020-01-08 00:14:00,22.382,2_39_123_23_2020-01-07 20:11:49.110350,2,CA-313,2-39-123-23,America/Los_Angeles,4011.0,375.0,22.5,60.0,462.0,"Tue, 07 Jan 2020 20:12:56 GMT",True,"Wed, 08 Jan 2020 03:53:49 GMT",4011.0,375.0,22.5,60.0,462.0,"Wed, 08 Jan 2020 03:27:15 GMT",True,"Wed, 08 Jan 2020 03:53:49 GMT",4011.0,7.258611111111111,0 days 07:15:31,0 days 03:13:20,"Drizzle, not freezing, continuous",3,3-4
100,5e2a48adf9af8b75aed8e91c,39,2020-01-07 20:19:40,2020-01-08 01:10:06,2020-01-07 21:25:52,3.352,2_39_88_24_2020-01-07 20:19:39.760082,2,CA-314,2-39-88-24,America/Los_Angeles,2170.0,400.0,8.0,20.0,183.0,"Tue, 07 Jan 2020 20:19:50 GMT",True,"Tue, 07 Jan 2020 23:22:40 GMT",2170.0,,,,,,,,,4.8405555555555555,0 days 04:50:26,0 days 03:44:14,"Drizzle, not freezing, continuous",1,1-2
101,5e2a48adf9af8b75aed8e91d,39,2020-01-07 20:29:34,2020-01-07 21:30:46,2020-01-07 21:30:42,3.436,2_39_79_381_2020-01-07 20:29:14.889944,2,CA-490,2-39-79-381,America/Los_Angeles,1093.0,333.0,6.66,20.0,66.0,"Tue, 07 Jan 2020 20:29:33 GMT",True,"Tue, 07 Jan 2020 21:35:34 GMT",1093.0,,,,,,,,,1.02,0 days 01:01:12,0 days 00:00:04,"Drizzle, not freezing, continuous",21,21-22
102,5e2a48adf9af8b75aed8e91e,39,2020-01-07 20:37:23,2020-01-08 01:26:14,2020-01-07 21:50:13,2.328,2_39_90_26_2020-01-07 20:37:23.109854,2,CA-316,2-39-90-26,America/Los_Angeles,1082.0,400.0,8.0,20.0,64.0,"Tue, 07 Jan 2020 20:40:40 GMT",True,"Tue, 07 Jan 2020 21:41:23 GMT",1082.0,,,,,,,,,4.814166666666667,0 days 04:48:51,0 days 03:36:01,"Drizzle, not freezing, continuous",1,1-2
103,5e2a48adf9af8b75aed8e91f,39,2020-01-07 20:44:18,2020-01-08 00:05:37,2020-01-07 22:49:40,13.449,2_39_129_17_2020-01-07 20:44:18.282719,2,CA-307,2-39-129-17,America/Los_Angeles,1912.0,400.0,20.0,50.0,196.0,"Tue, 07 Jan 2020 20:44:31 GMT",True,"Wed, 08 Jan 2020 00:00:18 GMT",1912.0,,,,,,,,,3.355277777777778,0 days 03:21:19,0 days 01:15:57,"Drizzle, not freezing, continuous",0,0-1
104,5e2a48adf9af8b75aed8e920,39,2020-01-07 20:55:52,2020-01-07 21:20:38,2020-01-07 21:20:30,0.679,2_39_126_20_2020-01-07 20:55:52.355261,2,CA-310,2-39-126-20,America/Los_Angeles,,,,,,,,,,,,,,,,,,0.4127777777777778,0 days 00:24:46,0 days 00:00:08,"Drizzle, not freezing, continuous",21,21-22
105,5e2a48adf9af8b75aed8e921,39,2020-01-07 21:18:55,2020-01-07 22:04:06,2020-01-07 22:04:00,1.913,2_39_138_29_2020-01-07 21:18:55.159507,2,CA-304,2-39-138-29,America/Los_Angeles,533.0,400.0,8.0,20.0,65.0,"Tue, 07 Jan 2020 21:20:35 GMT",True,"Tue, 07 Jan 2020 22:23:55 GMT",533.0,400.0,12.0,30.0,109.0,"Tue, 07 Jan 2020 21:21:06 GMT",True,"Tue, 07 Jan 2020 23:07:55 GMT",533.0,0.7530555555555556,0 days 00:45:11,0 days 00:00:06,"Drizzle, not freezing, continuous",22,22-23
106,5e2a48adf9af8b75aed8e922,39,2020-01-07 21:22:49,2020-01-08 00:36:19,2020-01-08 00:35:56,4.443,2_39_131_30_2020-01-07 21:22:49.291498,2,CA-305,2-39-131-30,America/Los_Angeles,668.0,425.0,4.25,10.0,455.0,"Tue, 07 Jan 2020 21:24:47 GMT",True,"Wed, 08 Jan 2020 04:57:49 GMT",668.0,,,,,,,,,3.225,0 days 03:13:30,0 days 00:00:23,"Drizzle, not freezing, continuous",0,0-1
107,5e2a48adf9af8b75aed8e923,39,2020-01-08 00:02:24,2020-01-08 02:20:56,2020-01-08 02:01:13,6.083,2_39_127_19_2020-01-08 00:02:24.280980,2,CA-309,2-39-127-19,America/Los_Angeles,1920.0,450.0,9.0,20.0,61.0,"Wed, 08 Jan 2020 00:02:59 GMT",True,"Wed, 08 Jan 2020 01:03:24 GMT",1920.0,450.0,9.0,20.0,91.0,"Wed, 08 Jan 2020 00:03:16 GMT",True,"Wed, 08 Jan 2020 01:33:24 GMT",1920.0,2.3088888888888888,0 days 02:18:32,0 days 00:19:43,"Drizzle, not freezing, continuous",2,2-3
108,5e2a48adf9af8b75aed8e924,39,2020-01-08 00:24:44,2020-01-08 01:14:58,2020-01-08 01:08:55,0.971,2_39_138_29_2020-01-08 00:24:43.948203,2,CA-304,2-39-138-29,America/Los_Angeles,,,,,,,,,,,,,,,,,,0.8372222222222222,0 days 00:50:14,0 days 00:06:03,"Drizzle, not freezing, continuous",1,1-2
109,5e2a48adf9af8b75aed8e925,39,2020-01-08 01:13:30,2020-01-08 06:01:58,2020-01-08 05:41:28,15.307,2_39_139_28_2020-01-08 01:13:30.507280,2,CA-303,2-39-139-28,America/Los_Angeles,838.0,600.0,36.0,60.0,287.0,"Wed, 08 Jan 2020 01:14:00 GMT",True,"Wed, 08 Jan 2020 06:00:30 GMT",838.0,600.0,36.0,60.0,287.0,"Wed, 08 Jan 2020 01:14:06 GMT",True,"Wed, 08 Jan 2020 06:00:30 GMT",838.0,4.807777777777778,0 days 04:48:28,0 days 00:20:30,"Drizzle, not freezing, continuous",6,6-7
110,5e2a48adf9af8b75aed8e926,39,2020-01-08 01:18:52,2020-01-08 02:42:05,2020-01-08 01:55:18,1.425,2_39_131_30_2020-01-08 01:18:51.896007,2,CA-305,2-39-131-30,America/Los_Angeles,365.0,333.0,9.99,30.0,104.0,"Wed, 08 Jan 2020 01:19:29 GMT",True,"Wed, 08 Jan 2020 03:02:52 GMT",365.0,,,,,,,,,1.3869444444444445,0 days 01:23:13,0 days 00:46:47,"Drizzle, not freezing, continuous",2,2-3
111,5e2a48adf9af8b75aed8e927,39,2020-01-08 03:07:09,2020-01-08 03:39:04,2020-01-08 03:38:05,0.902,2_39_129_17_2020-01-08 03:07:08.706728,2,CA-307,2-39-129-17,America/Los_Angeles,,,,,,,,,,,,,,,,,,0.5319444444444444,0 days 00:31:55,0 days 00:00:59,"Drizzle, not freezing, continuous",3,3-4
112,5e2a48adf9af8b75aed8e928,39,2020-01-08 03:34:44,2020-01-08 04:31:52,2020-01-08 04:31:01,1.309,2_39_138_29_2020-01-08 03:34:43.874159,2,CA-304,2-39-138-29,America/Los_Angeles,,,,,,,,,,,,,,,,,,0.9522222222222222,0 days 00:57:08,0 days 00:00:51,"Drizzle, not freezing, continuous",4,4-5
113,5e2a48adf9af8b75aed8e929,39,2020-01-08 03:43:10,2020-01-08 06:08:46,2020-01-08 06:08:42,15.08,2_39_128_18_2020-01-08 03:43:09.855899,2,CA-308,2-39-128-18,America/Los_Angeles,1099.0,400.0,32.0,80.0,164.0,"Wed, 08 Jan 2020 03:44:01 GMT",True,"Wed, 08 Jan 2020 06:27:10 GMT",1099.0,,,,,,,,,2.4266666666666667,0 days 02:25:36,0 days 00:00:04,"Drizzle, not freezing, continuous",6,6-7
114,5e2b9a2af9af8b7d745b12e8,39,2020-01-08 16:01:10,2020-01-08 22:31:22,2020-01-08 21:44:12,0.867,2_39_79_380_2020-01-08 16:01:09.994789,2,CA-489,2-39-79-380,America/Los_Angeles,,,,,,,,,,,,,,,,,,6.503333333333333,0 days 06:30:12,0 days 00:47:10,"Drizzle, not freezing, continuous",22,22-23
115,5e2b9a2af9af8b7d745b12e9,39,2020-01-08 16:12:49,2020-01-09 01:39:37,2020-01-09 00:24:05,15.141,2_39_78_366_2020-01-08 16:12:48.710988,2,CA-323,2-39-78-366,America/Los_Angeles,3853.0,360.0,18.0,50.0,490.0,"Wed, 08 Jan 2020 16:13:00 GMT",True,"Thu, 09 Jan 2020 00:22:49 GMT",3853.0,,,,,,,,,9.446666666666667,0 days 09:26:48,0 days 01:15:32,"Drizzle, not freezing, continuous",1,1-2
116,5e2b9a2af9af8b7d745b12ea,39,2020-01-08 16:32:07,2020-01-08 19:51:07,2020-01-08 16:58:46,1.609,2_39_79_377_2020-01-08 16:32:07.072408,2,CA-325,2-39-79-377,America/Los_Angeles,751.0,400.0,8.0,20.0,590.0,"Wed, 08 Jan 2020 16:32:41 GMT",True,"Thu, 09 Jan 2020 02:22:07 GMT",751.0,,,,,,,,,3.316666666666667,0 days 03:19:00,0 days 02:52:21,"Drizzle, not freezing, continuous",19,19-20
117,5e2b9a2af9af8b7d745b12eb,39,2020-01-08 16:36:23,2020-01-09 00:42:08,2020-01-08 17:31:36,2.616,2_39_138_29_2020-01-08 16:36:22.541067,2,CA-304,2-39-138-29,America/Los_Angeles,1366.0,400.0,8.0,20.0,60.0,"Wed, 08 Jan 2020 16:36:31 GMT",True,"Wed, 08 Jan 2020 17:36:23 GMT",1366.0,,,,,,,,,8.095833333333333,0 days 08:05:45,0 days 07:10:32,"Drizzle, not freezing, continuous",0,0-1
118,5e2b9a2af9af8b7d745b12ec,39,2020-01-08 16:41:51,2020-01-09 01:38:50,2020-01-09 01:00:39,1.017,2_39_78_363_2020-01-08 16:41:51.130310,2,CA-320,2-39-78-363,America/Los_Angeles,,,,,,,,,,,,,,,,,,8.949722222222222,0 days 08:56:59,0 days 00:38:11,"Drizzle, not freezing, continuous",1,1-2
119,5e2b9a2af9af8b7d745b12ed,39,2020-01-08 16:45:11,2020-01-09 01:11:37,2020-01-08 18:43:43,6.326,2_39_79_379_2020-01-08 16:45:10.828203,2,CA-327,2-39-79-379,America/Los_Angeles,5368.0,600.0,12.0,20.0,60.0,"Wed, 08 Jan 2020 16:48:18 GMT",True,"Wed, 08 Jan 2020 17:45:11 GMT",5368.0,,,,,,,,,8.440555555555555,0 days 08:26:26,0 days 06:27:54,"Drizzle, not freezing, continuous",1,1-2
120,5e2b9a2af9af8b7d745b12ee,39,2020-01-08 16:51:21,2020-01-09 01:30:09,2020-01-08 20:04:14,20.866,2_39_79_382_2020-01-08 16:51:21.322414,2,CA-491,2-39-79-382,America/Los_Angeles,1104.0,250.0,37.5,150.0,436.0,"Wed, 08 Jan 2020 16:53:24 GMT",True,"Thu, 09 Jan 2020 00:07:21 GMT",1104.0,,,,,,,,,8.646666666666667,0 days 08:38:48,0 days 05:25:55,"Drizzle, not freezing, continuous",1,1-2
121,5e2b9a2af9af8b7d745b12ef,39,2020-01-08 17:03:38,2020-01-09 01:22:12,2020-01-08 18:42:21,4.989,2_39_89_25_2020-01-08 17:03:38.145516,2,CA-315,2-39-89-25,America/Los_Angeles,743.0,400.0,8.0,20.0,447.0,"Wed, 08 Jan 2020 17:03:56 GMT",True,"Thu, 09 Jan 2020 00:30:38 GMT",743.0,,,,,,,,,8.309444444444445,0 days 08:18:34,0 days 06:39:51,"Drizzle, not freezing, continuous",1,1-2
122,5e2b9a2af9af8b7d745b12f0,39,2020-01-08 17:08:31,2020-01-09 05:30:02,2020-01-08 18:09:17,1.95,2_39_91_437_2020-01-08 17:08:31.235522,2,CA-317,2-39-91-437,America/Los_Angeles,324.0,444.0,8.88,20.0,70.0,"Wed, 08 Jan 2020 17:08:46 GMT",True,"Wed, 08 Jan 2020 18:18:31 GMT",324.0,,,,,,,,,12.358611111111111,0 days 12:21:31,0 days 11:20:45,"Drizzle, not freezing, continuous",5,5-6
123,5e2b9a2af9af8b7d745b12f1,39,2020-01-08 17:09:10,2020-01-09 00:25:17,2020-01-08 18:57:16,10.929,2_39_92_436_2020-01-08 17:09:10.502784,2,CA-318,2-39-92-436,America/Los_Angeles,1095.0,400.0,16.0,40.0,411.0,"Wed, 08 Jan 2020 17:09:20 GMT",True,"Thu, 09 Jan 2020 00:00:10 GMT",1095.0,,,,,,,,,7.268611111111111,0 days 07:16:07,0 days 05:28:01,"Drizzle, not freezing, continuous",0,0-1
124,5e2b9a2af9af8b7d745b12f2,39,2020-01-08 17:16:12,2020-01-08 18:27:46,2020-01-08 18:27:41,3.605,2_39_79_381_2020-01-08 17:16:12.235518,2,CA-490,2-39-79-381,America/Los_Angeles,1091.0,300.0,9.0,30.0,90.0,"Wed, 08 Jan 2020 17:16:58 GMT",True,"Wed, 08 Jan 2020 18:46:12 GMT",1091.0,,,,,,,,,1.1927777777777777,0 days 01:11:34,0 days 00:00:05,"Drizzle, not freezing, continuous",18,18-19
125,5e2b9a2af9af8b7d745b12f3,39,2020-01-08 17:34:15,2020-01-08 23:36:28,2020-01-08 23:37:25,9.225,2_39_78_362_2020-01-08 17:34:14.763455,2,CA-496,2-39-78-362,America/Los_Angeles,1470.0,292.0,11.68,40.0,311.0,"Wed, 08 Jan 2020 17:34:23 GMT",True,"Wed, 08 Jan 2020 22:45:15 GMT",1470.0,,,,,,,,,6.036944444444444,0 days 06:02:13,-1 days +23:59:03,"Drizzle, not freezing, continuous",23,23-24
126,5e2b9a2af9af8b7d745b12f4,39,2020-01-08 17:57:00,2020-01-09 00:04:48,2020-01-08 19:57:38,12.886,2_39_139_28_2020-01-08 17:57:00.106655,2,CA-303,2-39-139-28,America/Los_Angeles,1912.0,400.0,20.0,50.0,196.0,"Wed, 08 Jan 2020 17:57:07 GMT",True,"Wed, 08 Jan 2020 21:13:00 GMT",1912.0,,,,,,,,,6.13,0 days 06:07:48,0 days 04:07:10,"Drizzle, not freezing, continuous",0,0-1
127,5e2b9a2af9af8b7d745b12f5,39,2020-01-08 18:01:17,2020-01-09 02:05:35,2020-01-08 20:23:20,13.13,2_39_79_376_2020-01-08 18:01:16.918074,2,CA-324,2-39-79-376,America/Los_Angeles,714.0,400.0,24.0,60.0,361.0,"Wed, 08 Jan 2020 18:01:39 GMT",True,"Thu, 09 Jan 2020 00:02:17 GMT",714.0,,,,,,,,,8.071666666666667,0 days 08:04:18,0 days 05:42:15,"Drizzle, not freezing, continuous",2,2-3
128,5e2b9a2af9af8b7d745b12f6,39,2020-01-08 19:29:18,2020-01-08 20:59:48,2020-01-08 19:59:38,0.79,2_39_124_22_2020-01-08 19:29:18.415205,2,CA-312,2-39-124-22,America/Los_Angeles,,,,,,,,,,,,,,,,,,1.5083333333333333,0 days 01:30:30,0 days 01:00:10,"Drizzle, not freezing, continuous",20,20-21
129,5e2b9a2af9af8b7d745b12f7,39,2020-01-08 19:56:27,2020-01-09 01:33:03,2020-01-08 21:54:48,6.249,2_39_123_23_2020-01-08 19:56:26.883685,2,CA-313,2-39-123-23,America/Los_Angeles,2170.0,400.0,8.0,20.0,183.0,"Wed, 08 Jan 2020 19:57:15 GMT",True,"Wed, 08 Jan 2020 22:59:27 GMT",2170.0,,,,,,,,,5.61,0 days 05:36:36,0 days 03:38:15,"Drizzle, not freezing, continuous",1,1-2
130,5e2b9a2af9af8b7d745b12f8,39,2020-01-08 20:23:19,2020-01-08 22:57:43,2020-01-08 22:40:53,7.41,2_39_92_442_2020-01-08 20:23:02.781043,2,CA-498,2-39-92-442,America/Los_Angeles,3711.0,375.0,15.0,40.0,133.0,"Wed, 08 Jan 2020 20:23:18 GMT",True,"Wed, 08 Jan 2020 22:36:19 GMT",3711.0,,,,,,,,,2.5733333333333333,0 days 02:34:24,0 days 00:16:50,"Drizzle, not freezing, continuous",22,22-23
131,5e2b9a2af9af8b7d745b12f9,39,2020-01-08 20:45:16,2020-01-09 01:18:56,2020-01-08 22:38:18,5.862,2_39_79_383_2020-01-08 20:45:16.393274,2,CA-492,2-39-79-383,America/Los_Angeles,1222.0,400.0,8.0,20.0,72.0,"Wed, 08 Jan 2020 20:45:32 GMT",True,"Wed, 08 Jan 2020 21:57:16 GMT",1222.0,,,,,,,,,4.561111111111111,0 days 04:33:40,0 days 02:40:38,"Drizzle, not freezing, continuous",1,1-2
132,5e2b9a2af9af8b7d745b12fa,39,2020-01-08 20:58:15,2020-01-09 03:39:45,2020-01-09 01:00:36,22.388,2_39_131_30_2020-01-08 20:58:14.811792,2,CA-305,2-39-131-30,America/Los_Angeles,4011.0,375.0,22.5,60.0,462.0,"Wed, 08 Jan 2020 20:58:25 GMT",True,"Thu, 09 Jan 2020 04:40:15 GMT",4011.0,375.0,22.5,60.0,462.0,"Thu, 09 Jan 2020 03:39:00 GMT",True,"Thu, 09 Jan 2020 04:40:15 GMT",4011.0,6.691666666666666,0 days 06:41:30,0 days 02:39:09,"Drizzle, not freezing, continuous",3,3-4
133,5e2b9a2af9af8b7d745b12fb,39,2020-01-08 21:05:17,2020-01-09 00:15:26,2020-01-08 23:02:40,6.756,2_39_78_360_2020-01-08 21:05:16.540896,2,CA-322,2-39-78-360,America/Los_Angeles,1091.0,300.0,9.0,30.0,139.0,"Wed, 08 Jan 2020 21:05:26 GMT",True,"Wed, 08 Jan 2020 23:24:17 GMT",1091.0,,,,,,,,,3.1691666666666665,0 days 03:10:09,0 days 01:12:46,"Drizzle, not freezing, continuous",0,0-1
134,5e2b9a2af9af8b7d745b12fc,39,2020-01-09 02:07:05,2020-01-09 05:25:11,2020-01-09 05:25:02,11.746,2_39_139_28_2020-01-09 02:07:05.333312,2,CA-303,2-39-139-28,America/Los_Angeles,838.0,600.0,36.0,60.0,287.0,"Thu, 09 Jan 2020 02:07:18 GMT",True,"Thu, 09 Jan 2020 06:54:05 GMT",838.0,600.0,36.0,60.0,287.0,"Thu, 09 Jan 2020 02:07:28 GMT",True,"Thu, 09 Jan 2020 06:54:05 GMT",838.0,3.3016666666666667,0 days 03:18:06,0 days 00:00:09,"Drizzle, not freezing, continuous",5,5-6
135,5e2b9a2af9af8b7d745b12fd,39,2020-01-09 04:43:48,2020-01-09 06:04:15,2020-01-09 06:03:51,4.627,2_39_126_20_2020-01-09 04:43:47.940850,2,CA-310,2-39-126-20,America/Los_Angeles,4622.0,300.0,6.0,20.0,127.0,"Thu, 09 Jan 2020 04:44:23 GMT",True,"Thu, 09 Jan 2020 06:50:48 GMT",4622.0,300.0,6.0,20.0,127.0,"Thu, 09 Jan 2020 06:03:48 GMT",True,"Thu, 09 Jan 2020 06:50:48 GMT",4622.0,1.3408333333333333,0 days 01:20:27,0 days 00:00:24,"Drizzle, not freezing, continuous",6,6-7
136,5e2cebb1f9af8b027e9a5811,39,2020-01-09 16:04:15,2020-01-09 23:29:44,2020-01-09 16:34:35,0.843,2_39_79_380_2020-01-09 16:04:14.830518,2,CA-489,2-39-79-380,America/Los_Angeles,,,,,,,,,,,,,,,,,,7.424722222222222,0 days 07:25:29,0 days 06:55:09,"Drizzle, not freezing, continuous",23,23-24
137,5e2cebb1f9af8b027e9a5812,39,2020-01-09 16:10:47,2020-01-09 23:35:50,2020-01-09 19:59:52,13.202,2_39_139_28_2020-01-09 16:10:37.336926,2,CA-303,2-39-139-28,America/Los_Angeles,4947.0,380.0,15.2,40.0,443.0,"Thu, 09 Jan 2020 16:10:47 GMT",True,"Thu, 09 Jan 2020 23:33:47 GMT",4947.0,380.0,15.2,40.0,366.0,"Thu, 09 Jan 2020 17:48:26 GMT",True,"Thu, 09 Jan 2020 22:16:47 GMT",4947.0,7.4175,0 days 07:25:03,0 days 03:35:58,"Drizzle, not freezing, continuous",23,23-24
138,5e2cebb1f9af8b027e9a5813,39,2020-01-09 16:19:20,2020-01-09 21:15:37,2020-01-09 17:48:45,9.424,2_39_78_367_2020-01-09 16:19:20.277716,2,CA-494,2-39-78-367,America/Los_Angeles,1470.0,292.0,11.68,40.0,311.0,"Thu, 09 Jan 2020 16:19:37 GMT",True,"Thu, 09 Jan 2020 21:30:20 GMT",1470.0,,,,,,,,,4.938055555555556,0 days 04:56:17,0 days 03:26:52,"Drizzle, not freezing, continuous",21,21-22
139,5e2cebb1f9af8b027e9a5814,39,2020-01-09 16:33:21,2020-01-10 01:17:43,2020-01-09 16:56:07,1.369,2_39_79_379_2020-01-09 16:33:21.216720,2,CA-327,2-39-79-379,America/Los_Angeles,751.0,400.0,8.0,20.0,590.0,"Thu, 09 Jan 2020 16:34:52 GMT",True,"Fri, 10 Jan 2020 02:23:21 GMT",751.0,,,,,,,,,8.739444444444445,0 days 08:44:22,0 days 08:21:36,"Drizzle, not freezing, continuous",1,1-2
140,5e2cebb1f9af8b027e9a5815,39,2020-01-09 16:42:43,2020-01-10 02:13:36,2020-01-09 19:56:08,20.438,2_39_79_376_2020-01-09 16:42:43.172172,2,CA-324,2-39-79-376,America/Los_Angeles,1104.0,250.0,37.5,150.0,436.0,"Thu, 09 Jan 2020 16:43:01 GMT",True,"Thu, 09 Jan 2020 23:58:43 GMT",1104.0,,,,,,,,,9.514722222222222,0 days 09:30:53,0 days 06:17:28,"Drizzle, not freezing, continuous",2,2-3
141,5e2cebb1f9af8b027e9a5816,39,2020-01-09 16:46:00,2020-01-10 03:24:12,2020-01-09 19:58:18,9.887,2_39_128_562_2020-01-09 16:46:00.255020,2,CA-508,2-39-128-562,America/Los_Angeles,1534.0,250.0,10.0,40.0,404.0,"Thu, 09 Jan 2020 16:46:28 GMT",True,"Thu, 09 Jan 2020 23:30:00 GMT",1534.0,,,,,,,,,10.636666666666667,0 days 10:38:12,0 days 07:25:54,"Drizzle, not freezing, continuous",3,3-4
142,5e2cebb1f9af8b027e9a5817,39,2020-01-09 16:48:36,2020-01-10 02:17:35,2020-01-09 18:22:03,4.716,2_39_78_360_2020-01-09 16:48:35.825092,2,CA-322,2-39-78-360,America/Los_Angeles,2244.0,400.0,8.0,20.0,60.0,"Thu, 09 Jan 2020 16:49:05 GMT",True,"Thu, 09 Jan 2020 17:48:36 GMT",2244.0,,,,,,,,,9.483055555555556,0 days 09:28:59,0 days 07:55:32,"Drizzle, not freezing, continuous",2,2-3
143,5e2cebb1f9af8b027e9a5818,39,2020-01-09 16:57:00,2020-01-10 02:12:19,2020-01-10 01:09:35,27.671,2_39_92_442_2020-01-09 16:56:59.771282,2,CA-498,2-39-92-442,America/Los_Angeles,564.0,231.0,27.72,120.0,562.0,"Thu, 09 Jan 2020 16:57:14 GMT",True,"Fri, 10 Jan 2020 02:19:00 GMT",564.0,,,,,,,,,9.255277777777778,0 days 09:15:19,0 days 01:02:44,"Drizzle, not freezing, continuous",2,2-3
144,5e2cebb1f9af8b027e9a5819,39,2020-01-09 17:06:01,2020-01-10 01:28:35,2020-01-09 23:23:51,0.845,2_39_78_366_2020-01-09 17:06:00.694759,2,CA-323,2-39-78-366,America/Los_Angeles,,,,,,,,,,,,,,,,,,8.376111111111111,0 days 08:22:34,0 days 02:04:44,"Drizzle, not freezing, continuous",1,1-2
145,5e2cebb1f9af8b027e9a581a,39,2020-01-09 17:08:03,2020-01-10 01:07:06,2020-01-09 20:06:33,10.759,2_39_131_30_2020-01-09 17:08:02.638904,2,CA-305,2-39-131-30,America/Los_Angeles,620.0,400.0,12.0,30.0,481.0,"Thu, 09 Jan 2020 17:08:14 GMT",True,"Fri, 10 Jan 2020 01:09:03 GMT",620.0,,,,,,,,,7.984166666666667,0 days 07:59:03,0 days 05:00:33,"Drizzle, not freezing, continuous",1,1-2
146,5e2cebb1f9af8b027e9a581b,39,2020-01-09 17:16:07,2020-01-09 22:51:31,2020-01-09 21:08:44,2.744,2_39_78_365_2020-01-09 17:16:07.248740,2,CA-321,2-39-78-365,America/Los_Angeles,634.0,300.0,3.0,10.0,320.0,"Thu, 09 Jan 2020 17:16:34 GMT",True,"Thu, 09 Jan 2020 22:36:07 GMT",634.0,,,,,,,,,5.59,0 days 05:35:24,0 days 01:42:47,"Drizzle, not freezing, continuous",22,22-23
147,5e2cebb1f9af8b027e9a581c,39,2020-01-09 17:27:40,2020-01-10 04:43:06,2020-01-09 18:50:13,4.0,2_39_89_25_2020-01-09 17:27:40.035050,2,CA-315,2-39-89-25,America/Los_Angeles,743.0,400.0,8.0,20.0,447.0,"Thu, 09 Jan 2020 17:27:50 GMT",True,"Fri, 10 Jan 2020 00:54:40 GMT",743.0,,,,,,,,,11.257222222222222,0 days 11:15:26,0 days 09:52:53,"Drizzle, not freezing, continuous",4,4-5
148,5e2cebb1f9af8b027e9a581d,39,2020-01-09 17:51:41,2020-01-10 03:11:43,2020-01-09 19:08:00,7.565,2_39_79_377_2020-01-09 17:51:41.065598,2,CA-325,2-39-79-377,America/Los_Angeles,558.0,400.0,24.0,60.0,60.0,"Thu, 09 Jan 2020 17:51:43 GMT",True,"Thu, 09 Jan 2020 18:51:41 GMT",558.0,,,,,,,,,9.33388888888889,0 days 09:20:02,0 days 08:03:43,"Drizzle, not freezing, continuous",3,3-4
149,5e2cebb1f9af8b027e9a581e,39,2020-01-09 18:02:39,2020-01-09 20:50:51,2020-01-09 18:36:04,1.265,2_39_130_31_2020-01-09 18:02:38.602392,2,CA-306,2-39-130-31,America/Los_Angeles,1366.0,400.0,8.0,20.0,60.0,"Thu, 09 Jan 2020 18:03:34 GMT",True,"Thu, 09 Jan 2020 19:02:39 GMT",1366.0,,,,,,,,,2.8033333333333332,0 days 02:48:12,0 days 02:14:47,"Drizzle, not freezing, continuous",20,20-21
150,5e2cebb1f9af8b027e9a581f,39,2020-01-09 18:10:39,2020-01-10 01:23:36,2020-01-09 19:35:30,4.396,2_39_123_23_2020-01-09 18:10:38.616395,2,CA-313,2-39-123-23,America/Los_Angeles,2170.0,400.0,8.0,20.0,183.0,"Thu, 09 Jan 2020 18:10:47 GMT",True,"Thu, 09 Jan 2020 21:13:39 GMT",2170.0,,,,,,,,,7.215833333333333,0 days 07:12:57,0 days 05:48:06,"Drizzle, not freezing, continuous",1,1-2
151,5e2cebb1f9af8b027e9a5820,39,2020-01-09 18:11:57,2020-01-10 00:25:51,2020-01-09 20:14:18,12.278,2_39_92_436_2020-01-09 18:11:57.104589,2,CA-318,2-39-92-436,America/Los_Angeles,1095.0,400.0,16.0,40.0,352.0,"Thu, 09 Jan 2020 18:12:10 GMT",True,"Fri, 10 Jan 2020 00:03:57 GMT",1095.0,,,,,,,,,6.2316666666666665,0 days 06:13:54,0 days 04:11:33,"Drizzle, not freezing, continuous",0,0-1
152,5e2cebb1f9af8b027e9a5821,39,2020-01-09 18:16:11,2020-01-10 00:56:22,2020-01-09 20:14:51,5.801,2_39_79_381_2020-01-09 18:16:11.053695,2,CA-490,2-39-79-381,America/Los_Angeles,5368.0,600.0,12.0,20.0,60.0,"Thu, 09 Jan 2020 18:26:51 GMT",True,"Thu, 09 Jan 2020 19:16:11 GMT",5368.0,600.0,12.0,20.0,60.0,"Thu, 09 Jan 2020 18:48:59 GMT",True,"Thu, 09 Jan 2020 19:16:11 GMT",5368.0,6.669722222222222,0 days 06:40:11,0 days 04:41:31,"Drizzle, not freezing, continuous",0,0-1
153,5e2cebb1f9af8b027e9a5822,39,2020-01-09 18:37:28,2020-01-09 18:42:47,2020-01-09 18:42:46,0.527,2_39_78_361_2020-01-09 18:37:27.722288,2,CA-493,2-39-78-361,America/Los_Angeles,1137.0,400.0,20.0,50.0,514.0,"Thu, 09 Jan 2020 18:37:44 GMT",True,"Fri, 10 Jan 2020 03:11:28 GMT",1137.0,,,,,,,,,0.08861111111111111,0 days 00:05:19,0 days 00:00:01,"Drizzle, not freezing, continuous",18,18-19
154,5e2cebb1f9af8b027e9a5823,39,2020-01-09 18:38:40,2020-01-10 02:01:28,2020-01-09 19:52:37,8.502,2_39_95_27_2020-01-09 18:38:40.130714,2,CA-319,2-39-95-27,America/Los_Angeles,714.0,400.0,24.0,60.0,361.0,"Thu, 09 Jan 2020 18:38:54 GMT",True,"Fri, 10 Jan 2020 00:39:40 GMT",714.0,,,,,,,,,7.38,0 days 07:22:48,0 days 06:08:51,"Drizzle, not freezing, continuous",2,2-3
155,5e2cebb1f9af8b027e9a5824,39,2020-01-09 18:40:34,2020-01-09 20:06:36,2020-01-09 19:56:09,6.888,2_39_125_21_2020-01-09 18:40:33.590799,2,CA-311,2-39-125-21,America/Los_Angeles,798.0,400.0,20.0,50.0,93.0,"Thu, 09 Jan 2020 18:41:52 GMT",True,"Thu, 09 Jan 2020 20:13:34 GMT",798.0,,,,,,,,,1.433888888888889,0 days 01:26:02,0 days 00:10:27,"Drizzle, not freezing, continuous",20,20-21
156,5e2cebb1f9af8b027e9a5825,39,2020-01-09 18:40:58,2020-01-10 00:13:07,2020-01-09 21:19:54,4.134,2_39_129_17_2020-01-09 18:40:57.549588,2,CA-307,2-39-129-17,America/Los_Angeles,668.0,425.0,4.25,10.0,455.0,"Thu, 09 Jan 2020 18:41:06 GMT",True,"Fri, 10 Jan 2020 02:15:58 GMT",668.0,,,,,,,,,5.535833333333334,0 days 05:32:09,0 days 02:53:13,"Drizzle, not freezing, continuous",0,0-1
157,5e2cebb1f9af8b027e9a5826,39,2020-01-09 18:46:39,2020-01-10 02:51:41,2020-01-09 20:08:20,4.39,2_39_91_437_2020-01-09 18:46:38.522743,2,CA-317,2-39-91-437,America/Los_Angeles,567.0,400.0,8.0,20.0,459.0,"Thu, 09 Jan 2020 18:46:51 GMT",True,"Fri, 10 Jan 2020 02:25:39 GMT",567.0,,,,,,,,,8.08388888888889,0 days 08:05:02,0 days 06:43:21,"Drizzle, not freezing, continuous",2,2-3
158,5e2cebb1f9af8b027e9a5827,39,2020-01-09 18:55:35,2020-01-09 19:15:56,2020-01-09 19:15:52,0.664,2_39_90_26_2020-01-09 18:55:34.735498,2,CA-316,2-39-90-26,America/Los_Angeles,1082.0,400.0,8.0,20.0,64.0,"Thu, 09 Jan 2020 18:56:02 GMT",True,"Thu, 09 Jan 2020 19:59:35 GMT",1082.0,,,,,,,,,0.33916666666666667,0 days 00:20:21,0 days 00:00:04,"Drizzle, not freezing, continuous",19,19-20
159,5e2cebb1f9af8b027e9a5828,39,2020-01-09 19:00:19,2020-01-10 05:14:11,2020-01-09 23:33:32,0.902,2_39_78_361_2020-01-09 19:00:19.495083,2,CA-493,2-39-78-361,America/Los_Angeles,,,,,,,,,,,,,,,,,,10.231111111111112,0 days 10:13:52,0 days 05:40:39,"Drizzle, not freezing, continuous",5,5-6
160,5e2cebb1f9af8b027e9a5829,39,2020-01-09 19:02:04,2020-01-09 20:19:23,2020-01-09 20:19:18,8.029,2_39_128_18_2020-01-09 19:02:04.205474,2,CA-308,2-39-128-18,America/Los_Angeles,1938.0,400.0,16.0,40.0,140.0,"Thu, 09 Jan 2020 19:02:15 GMT",True,"Thu, 09 Jan 2020 21:22:04 GMT",1938.0,,,,,,,,,1.2886111111111112,0 days 01:17:19,0 days 00:00:05,"Drizzle, not freezing, continuous",20,20-21
161,5e2cebb1f9af8b027e9a582a,39,2020-01-09 19:05:30,2020-01-10 02:10:19,2020-01-09 21:00:50,11.897,2_39_91_441_2020-01-09 19:05:29.623166,2,CA-499,2-39-91-441,America/Los_Angeles,69.0,400.0,40.0,100.0,363.0,"Thu, 09 Jan 2020 19:06:10 GMT",True,"Fri, 10 Jan 2020 01:08:30 GMT",69.0,,,,,,,,,7.080277777777778,0 days 07:04:49,0 days 05:09:29,"Drizzle, not freezing, continuous",2,2-3
162,5e2cebb1f9af8b027e9a582b,39,2020-01-09 20:33:51,2020-01-10 01:43:28,2020-01-09 21:53:23,2.618,2_39_95_444_2020-01-09 20:33:51.335572,2,CA-497,2-39-95-444,America/Los_Angeles,1082.0,400.0,8.0,20.0,64.0,"Thu, 09 Jan 2020 20:34:45 GMT",True,"Thu, 09 Jan 2020 21:37:51 GMT",1082.0,,,,,,,,,5.160277777777778,0 days 05:09:37,0 days 03:50:05,"Drizzle, not freezing, continuous",1,1-2
163,5e2cebb1f9af8b027e9a582c,39,2020-01-09 20:37:05,2020-01-09 23:55:01,2020-01-09 21:57:22,2.802,2_39_88_24_2020-01-09 20:37:05.490074,2,CA-314,2-39-88-24,America/Los_Angeles,560.0,400.0,12.0,30.0,194.0,"Thu, 09 Jan 2020 20:37:13 GMT",True,"Thu, 09 Jan 2020 23:51:05 GMT",560.0,,,,,,,,,3.298888888888889,0 days 03:17:56,0 days 01:57:39,"Drizzle, not freezing, continuous",23,23-24
164,5e2cebb1f9af8b027e9a582d,39,2020-01-09 20:57:53,2020-01-09 22:07:21,2020-01-09 21:28:58,0.901,2_39_78_364_2020-01-09 20:57:52.554476,2,CA-495,2-39-78-364,America/Los_Angeles,,,,,,,,,,,,,,,,,,1.1577777777777778,0 days 01:09:28,0 days 00:38:23,"Drizzle, not freezing, continuous",22,22-23
165,5e2cebb1f9af8b027e9a582e,39,2020-01-09 21:39:01,2020-01-10 02:50:12,2020-01-09 22:25:38,1.972,2_39_125_21_2020-01-09 21:39:00.649715,2,CA-311,2-39-125-21,America/Los_Angeles,891.0,400.0,8.0,20.0,215.0,"Thu, 09 Jan 2020 21:39:05 GMT",True,"Fri, 10 Jan 2020 01:14:01 GMT",891.0,,,,,,,,,5.186388888888889,0 days 05:11:11,0 days 04:24:34,"Drizzle, not freezing, continuous",2,2-3
166,5e2cebb1f9af8b027e9a582f,39,2020-01-09 21:50:11,2020-01-10 03:26:12,2020-01-10 03:26:07,37.041,2_39_138_29_2020-01-09 21:50:11.200177,2,CA-304,2-39-138-29,America/Los_Angeles,3270.0,200.0,40.0,200.0,466.0,"Thu, 09 Jan 2020 21:52:02 GMT",True,"Fri, 10 Jan 2020 05:36:11 GMT",3270.0,,,,,,,,,5.6002777777777775,0 days 05:36:01,0 days 00:00:05,"Drizzle, not freezing, continuous",3,3-4
167,5e2cebb1f9af8b027e9a5830,39,2020-01-09 23:51:08,2020-01-10 04:16:43,2020-01-10 02:23:36,0.923,2_39_78_365_2020-01-09 23:51:07.629784,2,CA-321,2-39-78-365,America/Los_Angeles,,,,,,,,,,,,,,,,,,4.426388888888889,0 days 04:25:35,0 days 01:53:07,"Drizzle, not freezing, continuous",4,4-5
168,5e2cebb1f9af8b027e9a5831,39,2020-01-09 23:59:32,2020-01-10 04:20:56,2020-01-10 01:20:34,3.985,2_39_139_28_2020-01-09 23:59:31.928819,2,CA-303,2-39-139-28,America/Los_Angeles,1920.0,450.0,9.0,20.0,154.0,"Fri, 10 Jan 2020 00:00:52 GMT",True,"Fri, 10 Jan 2020 02:33:32 GMT",1920.0,450.0,9.0,20.0,154.0,"Fri, 10 Jan 2020 00:00:57 GMT",True,"Fri, 10 Jan 2020 02:33:32 GMT",1920.0,4.3566666666666665,0 days 04:21:24,0 days 03:00:22,"Drizzle, not freezing, continuous",4,4-5
169,5e2cebb1f9af8b027e9a5832,39,2020-01-10 01:54:40,2020-01-10 06:11:28,2020-01-10 06:11:19,15.375,2_39_123_23_2020-01-10 01:54:39.609365,2,CA-313,2-39-123-23,America/Los_Angeles,1108.0,400.0,20.0,50.0,278.0,"Fri, 10 Jan 2020 01:54:45 GMT",True,"Fri, 10 Jan 2020 06:32:40 GMT",1108.0,,,,,,,,,4.28,0 days 04:16:48,0 days 00:00:09,"Drizzle, not freezing, continuous",6,6-7
170,5e2cebb1f9af8b027e9a5833,39,2020-01-10 02:04:19,2020-01-10 03:22:13,2020-01-10 03:13:56,3.204,2_39_128_18_2020-01-10 02:04:19.319550,2,CA-308,2-39-128-18,America/Los_Angeles,4622.0,300.0,6.0,20.0,127.0,"Fri, 10 Jan 2020 02:04:35 GMT",True,"Fri, 10 Jan 2020 04:11:19 GMT",4622.0,300.0,6.0,20.0,127.0,"Fri, 10 Jan 2020 03:21:43 GMT",True,"Fri, 10 Jan 2020 04:11:19 GMT",4622.0,1.2983333333333333,0 days 01:17:54,0 days 00:08:17,"Drizzle, not freezing, continuous",3,3-4
171,5e2cebb1f9af8b027e9a5834,39,2020-01-10 02:18:52,2020-01-10 02:41:44,2020-01-10 02:41:39,0.657,2_39_129_17_2020-01-10 02:18:52.455484,2,CA-307,2-39-129-17,America/Los_Angeles,,,,,,,,,,,,,,,,,,0.3811111111111111,0 days 00:22:52,0 days 00:00:05,"Drizzle, not freezing, continuous",2,2-3
172,5e2cebb1f9af8b027e9a5835,39,2020-01-10 02:42:40,2020-01-10 03:27:28,2020-01-10 03:27:23,1.632,2_39_131_30_2020-01-10 02:42:40.156450,2,CA-305,2-39-131-30,America/Los_Angeles,1539.0,400.0,4.0,10.0,60.0,"Fri, 10 Jan 2020 02:42:50 GMT",True,"Fri, 10 Jan 2020 03:42:40 GMT",1539.0,,,,,,,,,0.7466666666666667,0 days 00:44:48,0 days 00:00:05,"Drizzle, not freezing, continuous",3,3-4
173,5e2cebb1f9af8b027e9a5836,39,2020-01-10 03:34:05,2020-01-10 06:28:47,2020-01-10 06:07:30,15.866,2_39_129_17_2020-01-10 03:34:04.636200,2,CA-307,2-39-129-17,America/Los_Angeles,1099.0,400.0,28.0,70.0,139.0,"Fri, 10 Jan 2020 03:35:04 GMT",True,"Fri, 10 Jan 2020 05:53:05 GMT",1099.0,,,,,,,,,2.9116666666666666,0 days 02:54:42,0 days 00:21:17,"Drizzle, not freezing, continuous",6,6-7
174,5e2cebb1f9af8b027e9a5837,39,2020-01-10 04:20:04,2020-01-10 05:40:51,2020-01-10 05:40:46,9.097,2_39_138_29_2020-01-10 04:20:03.729404,2,CA-304,2-39-138-29,America/Los_Angeles,1263.0,400.0,12.0,30.0,115.0,"Fri, 10 Jan 2020 04:21:33 GMT",True,"Fri, 10 Jan 2020 06:15:04 GMT",1263.0,,,,,,,,,1.3463888888888889,0 days 01:20:47,0 days 00:00:05,"Drizzle, not freezing, continuous",5,5-6
175,5e2e3d2ef9af8b066b3749ab,39,2020-01-10 12:22:21,2020-01-10 13:34:40,2020-01-10 13:34:35,7.329,2_39_128_18_2020-01-10 12:22:21.415749,2,CA-308,2-39-128-18,America/Los_Angeles,300.0,400.0,28.0,70.0,360.0,"Fri, 10 Jan 2020 12:22:48 GMT",True,"Fri, 10 Jan 2020 18:22:21 GMT",300.0,400.0,28.0,70.0,362.0,"Fri, 10 Jan 2020 12:37:14 GMT",True,"Fri, 10 Jan 2020 18:24:21 GMT",300.0,1.2052777777777777,0 days 01:12:19,0 days 00:00:05,"Drizzle, not freezing, continuous",13,13-14
176,5e2e3d2ef9af8b066b3749ac,39,2020-01-10 15:02:11,2020-01-10 22:54:35,2020-01-10 20:21:36,13.725,2_39_78_365_2020-01-10 15:02:10.722596,2,CA-321,2-39-78-365,America/Los_Angeles,4913.0,400.0,20.0,50.0,575.0,"Fri, 10 Jan 2020 15:02:44 GMT",True,"Sat, 11 Jan 2020 00:37:11 GMT",4913.0,,,,,,,,,7.873333333333333,0 days 07:52:24,0 days 02:32:59,"Drizzle, not freezing, continuous",22,22-23
177,5e2e3d2ef9af8b066b3749ad,39,2020-01-10 15:07:14,2020-01-10 17:01:03,2020-01-10 16:44:13,4.895,2_39_89_25_2020-01-10 15:07:13.698290,2,CA-315,2-39-89-25,America/Los_Angeles,743.0,400.0,8.0,20.0,53.0,"Fri, 10 Jan 2020 15:07:36 GMT",True,"Fri, 10 Jan 2020 16:00:14 GMT",743.0,,,,,,,,,1.8969444444444445,0 days 01:53:49,0 days 00:16:50,"Drizzle, not freezing, continuous",17,17-18
178,5e2e3d2ef9af8b066b3749ae,39,2020-01-10 15:37:25,2020-01-11 00:22:34,2020-01-10 18:07:17,9.301,2_39_139_28_2020-01-10 15:37:24.641066,2,CA-303,2-39-139-28,America/Los_Angeles,1564.0,300.0,12.0,40.0,185.0,"Fri, 10 Jan 2020 15:37:41 GMT",True,"Fri, 10 Jan 2020 18:42:25 GMT",1564.0,,,,,,,,,8.7525,0 days 08:45:09,0 days 06:15:17,Clouds generally forming or developing,0,0-1
179,5e2e3d2ef9af8b066b3749af,39,2020-01-10 15:59:42,2020-01-11 01:42:20,2020-01-10 19:30:56,3.727,2_39_79_382_2020-01-10 15:59:42.282278,2,CA-491,2-39-79-382,America/Los_Angeles,4701.0,300.0,12.0,40.0,400.0,"Fri, 10 Jan 2020 17:44:34 GMT",True,"Fri, 10 Jan 2020 22:39:42 GMT",4701.0,,,,,,,,,9.710555555555555,0 days 09:42:38,0 days 06:11:24,Clouds generally forming or developing,1,1-2
180,5e2e3d2ef9af8b066b3749b0,39,2020-01-10 16:03:23,2020-01-10 18:56:58,2020-01-10 18:57:56,0.874,2_39_79_380_2020-01-10 16:03:22.748851,2,CA-489,2-39-79-380,America/Los_Angeles,,,,,,,,,,,,,,,,,,2.8930555555555557,0 days 02:53:35,-1 days +23:59:02,"Drizzle, not freezing, continuous",18,18-19
181,5e2e3d2ef9af8b066b3749b1,39,2020-01-10 16:13:39,2020-01-11 01:37:51,2020-01-11 00:32:52,16.885,2_39_78_366_2020-01-10 16:13:39.004329,2,CA-323,2-39-78-366,America/Los_Angeles,3853.0,360.0,36.0,100.0,490.0,"Fri, 10 Jan 2020 16:13:46 GMT",True,"Sat, 11 Jan 2020 00:23:39 GMT",3853.0,,,,,,,,,9.403333333333334,0 days 09:24:12,0 days 01:04:59,Clouds generally forming or developing,1,1-2
182,5e2e3d2ef9af8b066b3749b2,39,2020-01-10 16:29:21,2020-01-10 18:33:53,2020-01-10 17:09:42,2.389,2_39_78_363_2020-01-10 16:29:20.664199,2,CA-320,2-39-78-363,America/Los_Angeles,1091.0,300.0,9.0,30.0,139.0,"Fri, 10 Jan 2020 16:29:35 GMT",True,"Fri, 10 Jan 2020 18:48:21 GMT",1091.0,,,,,,,,,2.0755555555555554,0 days 02:04:32,0 days 01:24:11,"Drizzle, not freezing, continuous",18,18-19
183,5e2e3d2ef9af8b066b3749b3,39,2020-01-10 16:34:02,2020-01-10 20:16:37,2020-01-10 20:16:36,9.525,2_39_78_367_2020-01-10 16:34:01.669780,2,CA-494,2-39-78-367,America/Los_Angeles,1470.0,292.0,17.52,60.0,313.0,"Fri, 10 Jan 2020 16:34:19 GMT",True,"Fri, 10 Jan 2020 21:47:02 GMT",1470.0,,,,,,,,,3.709722222222222,0 days 03:42:35,0 days 00:00:01,"Drizzle, not freezing, continuous",20,20-21
184,5e2e3d2ef9af8b066b3749b4,39,2020-01-10 16:34:55,2020-01-11 01:15:12,2020-01-10 17:05:38,0.872,2_39_79_379_2020-01-10 16:34:54.672609,2,CA-327,2-39-79-379,America/Los_Angeles,,,,,,,,,,,,,,,,,,8.671388888888888,0 days 08:40:17,0 days 08:09:34,Clouds generally forming or developing,1,1-2
185,5e2e3d2ef9af8b066b3749b5,39,2020-01-10 16:43:53,2020-01-10 20:16:10,2020-01-10 20:17:08,2.054,2_39_91_437_2020-01-10 16:43:53.295588,2,CA-317,2-39-91-437,America/Los_Angeles,324.0,444.0,8.88,20.0,70.0,"Fri, 10 Jan 2020 16:44:02 GMT",True,"Fri, 10 Jan 2020 17:53:53 GMT",324.0,,,,,,,,,3.5380555555555557,0 days 03:32:17,-1 days +23:59:02,"Drizzle, not freezing, continuous",20,20-21
186,5e2e3d2ef9af8b066b3749b6,39,2020-01-10 17:13:02,2020-01-11 03:49:04,2020-01-10 18:22:47,3.797,2_39_131_30_2020-01-10 17:13:02.232231,2,CA-305,2-39-131-30,America/Los_Angeles,567.0,400.0,8.0,20.0,459.0,"Fri, 10 Jan 2020 17:13:11 GMT",True,"Sat, 11 Jan 2020 00:52:02 GMT",567.0,400.0,8.0,20.0,459.0,"Fri, 10 Jan 2020 17:13:15 GMT",True,"Sat, 11 Jan 2020 00:52:02 GMT",567.0,10.600555555555555,0 days 10:36:02,0 days 09:26:17,Clouds generally forming or developing,3,3-4
187,5e2e3d2ef9af8b066b3749b7,39,2020-01-10 17:32:30,2020-01-11 02:04:48,2020-01-10 19:49:11,15.847,2_39_89_25_2020-01-10 17:32:20.995510,2,CA-315,2-39-89-25,America/Los_Angeles,2961.0,400.0,40.0,100.0,60.0,"Fri, 10 Jan 2020 17:32:30 GMT",True,"Fri, 10 Jan 2020 18:32:30 GMT",2961.0,,,,,,,,,8.538333333333334,0 days 08:32:18,0 days 06:15:37,Clouds generally forming or developing,2,2-3
188,5e2e3d2ef9af8b066b3749b8,39,2020-01-10 17:38:36,2020-01-11 03:14:28,2020-01-10 19:31:41,11.41,2_39_79_376_2020-01-10 17:38:35.889025,2,CA-324,2-39-79-376,America/Los_Angeles,558.0,400.0,28.0,70.0,60.0,"Fri, 10 Jan 2020 17:38:38 GMT",True,"Fri, 10 Jan 2020 18:38:36 GMT",558.0,,,,,,,,,9.597777777777777,0 days 09:35:52,0 days 07:42:47,Clouds generally forming or developing,3,3-4
189,5e2e3d2ef9af8b066b3749b9,39,2020-01-10 17:40:16,2020-01-11 02:20:19,2020-01-10 19:47:37,14.174,2_39_95_27_2020-01-10 17:40:16.253899,2,CA-319,2-39-95-27,America/Los_Angeles,714.0,400.0,24.0,60.0,361.0,"Fri, 10 Jan 2020 17:40:29 GMT",True,"Fri, 10 Jan 2020 23:41:16 GMT",714.0,,,,,,,,,8.6675,0 days 08:40:03,0 days 06:32:42,Clouds generally forming or developing,2,2-3
190,5e2e3d2ef9af8b066b3749ba,39,2020-01-10 17:46:03,2020-01-11 00:21:07,2020-01-10 19:49:47,13.308,2_39_129_17_2020-01-10 17:46:03.453731,2,CA-307,2-39-129-17,America/Los_Angeles,1912.0,400.0,20.0,50.0,196.0,"Fri, 10 Jan 2020 17:46:25 GMT",True,"Fri, 10 Jan 2020 21:02:03 GMT",1912.0,,,,,,,,,6.584444444444444,0 days 06:35:04,0 days 04:31:20,Clouds generally forming or developing,0,0-1
191,5e2e3d2ef9af8b066b3749bb,39,2020-01-10 17:47:55,2020-01-10 21:10:54,2020-01-10 19:53:16,7.029,2_39_78_360_2020-01-10 17:47:54.975387,2,CA-322,2-39-78-360,America/Los_Angeles,515.0,400.0,12.0,30.0,144.0,"Fri, 10 Jan 2020 17:48:14 GMT",True,"Fri, 10 Jan 2020 20:11:55 GMT",515.0,,,,,,,,,3.3830555555555555,0 days 03:22:59,0 days 01:17:38,"Drizzle, not freezing, continuous",21,21-22
192,5e2e3d2ef9af8b066b3749bc,39,2020-01-10 18:03:26,2020-01-11 00:29:05,2020-01-10 20:08:01,12.25,2_39_79_383_2020-01-10 18:03:25.631999,2,CA-492,2-39-79-383,America/Los_Angeles,1095.0,400.0,16.0,40.0,352.0,"Fri, 10 Jan 2020 18:03:41 GMT",True,"Fri, 10 Jan 2020 23:55:26 GMT",1095.0,,,,,,,,,6.4275,0 days 06:25:39,0 days 04:21:04,Clouds generally forming or developing,0,0-1
193,5e2e3d2ef9af8b066b3749bd,39,2020-01-10 18:07:54,2020-01-10 19:44:07,2020-01-10 18:39:13,0.895,2_39_128_18_2020-01-10 18:07:53.783300,2,CA-308,2-39-128-18,America/Los_Angeles,,,,,,,,,,,,,,,,,,1.603611111111111,0 days 01:36:13,0 days 01:04:54,"Drizzle, not freezing, continuous",19,19-20
194,5e2e3d2ef9af8b066b3749be,39,2020-01-10 18:09:41,2020-01-11 02:07:41,2020-01-10 18:41:39,1.206,2_39_130_31_2020-01-10 18:09:40.535964,2,CA-306,2-39-130-31,America/Los_Angeles,1366.0,400.0,8.0,20.0,60.0,"Fri, 10 Jan 2020 18:10:24 GMT",True,"Fri, 10 Jan 2020 19:09:41 GMT",1366.0,,,,,,,,,7.966666666666667,0 days 07:58:00,0 days 07:26:02,Clouds generally forming or developing,2,2-3
195,5e2e3d2ef9af8b066b3749bf,39,2020-01-10 18:19:00,2020-01-10 20:18:13,2020-01-10 18:49:44,0.758,2_39_91_441_2020-01-10 18:19:00.127170,2,CA-499,2-39-91-441,America/Los_Angeles,,,,,,,,,,,,,,,,,,1.9869444444444444,0 days 01:59:13,0 days 01:28:29,"Drizzle, not freezing, continuous",20,20-21
196,5e2e3d2ef9af8b066b3749c0,39,2020-01-10 18:29:28,2020-01-11 01:10:06,2020-01-10 20:55:03,7.667,2_39_125_21_2020-01-10 18:29:27.536902,2,CA-311,2-39-125-21,America/Los_Angeles,2170.0,400.0,8.0,20.0,183.0,"Fri, 10 Jan 2020 18:29:36 GMT",True,"Fri, 10 Jan 2020 21:32:28 GMT",2170.0,,,,,,,,,6.677222222222222,0 days 06:40:38,0 days 04:15:03,Clouds generally forming or developing,1,1-2
197,5e2e3d2ef9af8b066b3749c1,39,2020-01-10 18:34:50,2020-01-11 00:46:46,2020-01-10 19:38:24,4.116,2_39_127_19_2020-01-10 18:34:49.969865,2,CA-309,2-39-127-19,America/Los_Angeles,668.0,425.0,4.25,10.0,455.0,"Fri, 10 Jan 2020 18:34:56 GMT",True,"Sat, 11 Jan 2020 02:09:50 GMT",668.0,,,,,,,,,6.198888888888889,0 days 06:11:56,0 days 05:08:22,Clouds generally forming or developing,0,0-1
198,5e2e3d2ef9af8b066b3749c2,39,2020-01-10 18:55:09,2020-01-11 00:39:39,2020-01-10 20:14:25,3.903,2_39_89_439_2020-01-10 18:55:09.373990,2,CA-501,2-39-89-439,America/Los_Angeles,743.0,400.0,8.0,20.0,327.0,"Fri, 10 Jan 2020 18:55:22 GMT",True,"Sat, 11 Jan 2020 00:22:09 GMT",743.0,,,,,,,,,5.741666666666666,0 days 05:44:30,0 days 04:25:14,Clouds generally forming or developing,0,0-1
199,5e2e3d2ef9af8b066b3749c3,39,2020-01-10 18:57:02,2020-01-10 19:50:49,2020-01-10 19:27:49,0.788,2_39_79_380_2020-01-10 18:57:01.662057,2,CA-489,2-39-79-380,America/Los_Angeles,,,,,,,,,,,,,,,,,,0.8963888888888889,0 days 00:53:47,0 days 00:23:00,"Drizzle, not freezing, continuous",19,19-20
200,5e2e3d2ef9af8b066b3749c4,39,2020-01-10 19:05:07,2020-01-11 04:29:05,2020-01-10 21:31:15,14.7,2_39_78_363_2020-01-10 19:05:06.783940,2,CA-320,2-39-78-363,America/Los_Angeles,1274.0,400.0,20.0,50.0,237.0,"Fri, 10 Jan 2020 19:05:29 GMT",True,"Fri, 10 Jan 2020 23:02:07 GMT",1274.0,,,,,,,,,9.399444444444445,0 days 09:23:58,0 days 06:57:50,Clouds generally forming or developing,4,4-5
201,5e2e3d2ef9af8b066b3749c5,39,2020-01-10 19:26:07,2020-01-10 21:18:17,2020-01-10 21:16:07,0.977,2_39_123_23_2020-01-10 19:26:06.561288,2,CA-313,2-39-123-23,America/Los_Angeles,,,,,,,,,,,,,,,,,,1.8694444444444445,0 days 01:52:10,0 days 00:02:10,"Drizzle, not freezing, continuous",21,21-22
202,5e2e3d2ef9af8b066b3749c6,39,2020-01-10 20:08:25,2020-01-10 22:17:37,2020-01-10 21:34:07,4.295,2_39_79_380_2020-01-10 20:08:25.317353,2,CA-489,2-39-79-380,America/Los_Angeles,1864.0,400.0,8.0,20.0,126.0,"Fri, 10 Jan 2020 20:08:28 GMT",True,"Fri, 10 Jan 2020 22:14:25 GMT",1864.0,,,,,,,,,2.1533333333333333,0 days 02:09:12,0 days 00:43:30,"Drizzle, not freezing, continuous",22,22-23
203,5e2e3d2ef9af8b066b3749c7,39,2020-01-10 20:17:01,2020-01-10 23:57:38,2020-01-10 21:44:18,3.387,2_39_91_437_2020-01-10 20:17:01.025315,2,CA-317,2-39-91-437,America/Los_Angeles,560.0,400.0,12.0,30.0,194.0,"Fri, 10 Jan 2020 20:17:10 GMT",True,"Fri, 10 Jan 2020 23:31:01 GMT",560.0,,,,,,,,,3.6769444444444446,0 days 03:40:37,0 days 02:13:20,"Drizzle, not freezing, continuous",23,23-24
204,5e2e3d2ef9af8b066b3749c8,39,2020-01-10 20:22:59,2020-01-11 03:06:35,2020-01-10 21:45:52,4.697,2_39_128_18_2020-01-10 20:22:59.504137,2,CA-308,2-39-128-18,America/Los_Angeles,712.0,400.0,12.0,30.0,166.0,"Fri, 10 Jan 2020 20:23:11 GMT",True,"Fri, 10 Jan 2020 23:08:59 GMT",712.0,,,,,,,,,6.726666666666667,0 days 06:43:36,0 days 05:20:43,Clouds generally forming or developing,3,3-4
205,5e2e3d2ef9af8b066b3749c9,39,2020-01-10 20:29:21,2020-01-11 00:00:30,2020-01-10 21:45:55,0.85,2_39_79_377_2020-01-10 20:29:20.883269,2,CA-325,2-39-79-377,America/Los_Angeles,,,,,,,,,,,,,,,,,,3.5191666666666666,0 days 03:31:09,0 days 02:14:35,Clouds generally forming or developing,0,0-1
206,5e2e3d2ef9af8b066b3749ca,39,2020-01-10 20:49:34,2020-01-11 04:14:45,2020-01-10 21:49:28,1.933,2_39_126_20_2020-01-10 20:49:34.279646,2,CA-310,2-39-126-20,America/Los_Angeles,324.0,444.0,8.88,20.0,70.0,"Fri, 10 Jan 2020 20:49:48 GMT",True,"Fri, 10 Jan 2020 21:59:34 GMT",324.0,444.0,8.88,20.0,152.0,"Fri, 10 Jan 2020 22:12:48 GMT",True,"Fri, 10 Jan 2020 23:21:34 GMT",324.0,7.419722222222222,0 days 07:25:11,0 days 06:25:17,Clouds generally forming or developing,4,4-5
207,5e2e3d2ef9af8b066b3749cb,39,2020-01-10 20:55:16,2020-01-11 01:07:48,2020-01-10 21:41:00,1.94,2_39_78_367_2020-01-10 20:55:15.719620,2,CA-494,2-39-78-367,America/Los_Angeles,891.0,400.0,8.0,20.0,215.0,"Fri, 10 Jan 2020 20:55:24 GMT",True,"Sat, 11 Jan 2020 00:30:16 GMT",891.0,,,,,,,,,4.208888888888889,0 days 04:12:32,0 days 03:26:48,Clouds generally forming or developing,1,1-2
208,5e2e3d2ef9af8b066b3749cc,39,2020-01-10 22:57:12,2020-01-11 01:06:12,2020-01-11 00:07:32,6.545,2_39_123_23_2020-01-10 22:57:12.247786,2,CA-313,2-39-123-23,America/Los_Angeles,431.0,400.0,16.0,40.0,112.0,"Fri, 10 Jan 2020 22:57:45 GMT",True,"Sat, 11 Jan 2020 00:49:12 GMT",431.0,,,,,,,,,2.15,0 days 02:09:00,0 days 00:58:40,Clouds generally forming or developing,1,1-2
209,5e2e3d2ef9af8b066b3749cd,39,2020-01-10 23:12:17,2020-01-11 01:18:59,2020-01-11 00:26:10,3.687,2_39_90_440_2020-01-10 23:12:17.309494,2,CA-500,2-39-90-440,America/Los_Angeles,3447.0,375.0,15.0,40.0,219.0,"Fri, 10 Jan 2020 23:12:52 GMT",True,"Sat, 11 Jan 2020 02:51:17 GMT",3447.0,,,,,,,,,2.111666666666667,0 days 02:06:42,0 days 00:52:49,Clouds generally forming or developing,1,1-2
210,5e2e3d2ef9af8b066b3749ce,39,2020-01-11 01:13:48,2020-01-11 01:49:20,2020-01-11 01:49:12,2.056,2_39_139_28_2020-01-11 01:13:48.283333,2,CA-303,2-39-139-28,America/Los_Angeles,5368.0,600.0,12.0,20.0,60.0,"Sat, 11 Jan 2020 01:15:27 GMT",True,"Sat, 11 Jan 2020 02:13:48 GMT",5368.0,,,,,,,,,0.5922222222222222,0 days 00:35:32,0 days 00:00:08,Clouds generally forming or developing,1,1-2
211,5e2f8e9cf9af8b0a558fbd74,39,2020-01-11 14:27:47,2020-01-11 18:35:08,,15.707,2_39_138_29_2020-01-11 14:27:47.009281,2,CA-304,2-39-138-29,America/Los_Angeles,300.0,400.0,32.0,80.0,629.0,"Sat, 11 Jan 2020 14:27:56 GMT",True,"Sun, 12 Jan 2020 00:56:47 GMT",300.0,400.0,32.0,80.0,60.0,"Sat, 11 Jan 2020 14:28:39 GMT",True,"Sat, 11 Jan 2020 15:27:47 GMT",300.0,4.1225,0 days 04:07:21,,Clouds generally forming or developing,18,18-19
212,5e2f8e9cf9af8b0a558fbd75,39,2020-01-11 16:36:16,2020-01-11 22:53:20,,0.98,2_39_79_380_2020-01-11 16:36:16.186418,2,CA-489,2-39-79-380,America/Los_Angeles,,,,,,,,,,,,,,,,,,6.2844444444444445,0 days 06:17:04,,Clouds generally forming or developing,22,22-23
213,5e2f8e9cf9af8b0a558fbd76,39,2020-01-11 17:30:49,2020-01-11 22:05:13,,17.409,2_39_129_17_2020-01-11 17:30:40.238574,2,CA-307,2-39-129-17,America/Los_Angeles,291.0,250.0,17.5,70.0,679.0,"Sat, 11 Jan 2020 17:30:49 GMT",True,"Sun, 12 Jan 2020 04:49:49 GMT",291.0,250.0,17.5,70.0,679.0,"Sat, 11 Jan 2020 17:31:29 GMT",True,"Sun, 12 Jan 2020 04:49:49 GMT",291.0,4.573333333333333,0 days 04:34:24,,Clouds generally forming or developing,22,22-23
214,5e2f8e9cf9af8b0a558fbd77,39,2020-01-11 19:08:49,2020-01-11 20:17:47,,2.063,2_39_139_28_2020-01-11 19:08:49.044392,2,CA-303,2-39-139-28,America/Los_Angeles,365.0,333.0,9.99,30.0,104.0,"Sat, 11 Jan 2020 19:09:22 GMT",True,"Sat, 11 Jan 2020 20:52:49 GMT",365.0,,,,,,,,,1.1494444444444445,0 days 01:08:58,,Clouds generally forming or developing,20,20-21
215,5e2f8e9cf9af8b0a558fbd78,39,2020-01-11 22:48:52,2020-01-12 01:19:28,,8.84,2_39_91_437_2020-01-11 22:48:51.888774,2,CA-317,2-39-91-437,America/Los_Angeles,1108.0,400.0,20.0,50.0,174.0,"Sat, 11 Jan 2020 22:49:02 GMT",True,"Sun, 12 Jan 2020 01:42:52 GMT",1108.0,400.0,20.0,50.0,174.0,"Sat, 11 Jan 2020 22:49:44 GMT",True,"Sun, 12 Jan 2020 01:42:52 GMT",1108.0,2.51,0 days 02:30:36,,"Drizzle, not freezing, continuous",1,1-2
216,5e2f8e9cf9af8b0a558fbd79,39,2020-01-11 22:54:12,2020-01-12 03:52:11,,24.904,2_39_79_377_2020-01-11 22:54:12.409746,2,CA-325,2-39-79-377,America/Los_Angeles,248.0,250.0,25.0,100.0,355.0,"Sat, 11 Jan 2020 22:54:44 GMT",True,"Sun, 12 Jan 2020 04:49:12 GMT",248.0,,,,,,,,,4.966388888888889,0 days 04:57:59,,"Drizzle, not freezing, continuous",3,3-4
217,5e2f8e9cf9af8b0a558fbd7a,39,2020-01-11 22:59:14,2020-01-12 01:10:00,,5.473,2_39_131_30_2020-01-11 22:59:13.622831,2,CA-305,2-39-131-30,America/Los_Angeles,1920.0,450.0,13.5,30.0,154.0,"Sat, 11 Jan 2020 23:00:15 GMT",True,"Sun, 12 Jan 2020 01:33:14 GMT",1920.0,450.0,13.5,30.0,154.0,"Sat, 11 Jan 2020 23:00:22 GMT",True,"Sun, 12 Jan 2020 01:33:14 GMT",1920.0,2.1794444444444445,0 days 02:10:46,,"Drizzle, not freezing, continuous",1,1-2
218,5e30e01ff9af8b0f5cf06993,39,2020-01-12 16:43:29,2020-01-13 16:20:06,2020-01-13 13:50:40,33.232,2_39_131_30_2020-01-12 16:43:28.787116,2,CA-305,2-39-131-30,America/Los_Angeles,489.0,399.0,87.78,220.0,485.0,"Sun, 12 Jan 2020 16:43:53 GMT",True,"Mon, 13 Jan 2020 00:48:29 GMT",489.0,399.0,87.78,220.0,472.0,"Sun, 12 Jan 2020 16:44:16 GMT",True,"Mon, 13 Jan 2020 00:35:29 GMT",489.0,23.610277777777778,0 days 23:36:37,0 days 02:29:26,"Drizzle, not freezing, continuous",16,16-17
219,5e30e01ff9af8b0f5cf06994,39,2020-01-12 17:05:48,2020-01-12 17:28:19,,0.675,2_39_129_17_2020-01-12 17:05:47.799340,2,CA-307,2-39-129-17,America/Los_Angeles,,,,,,,,,,,,,,,,,,0.37527777777777777,0 days 00:22:31,,"Drizzle, not freezing, continuous",17,17-18
220,5e30e01ff9af8b0f5cf06995,39,2020-01-12 18:00:07,2020-01-13 02:02:27,2020-01-12 20:12:27,7.883,2_39_129_17_2020-01-12 17:59:55.842623,2,CA-307,2-39-129-17,America/Los_Angeles,5471.0,400.0,8.0,20.0,62.0,"Sun, 12 Jan 2020 18:00:06 GMT",True,"Sun, 12 Jan 2020 19:02:07 GMT",5471.0,400.0,8.0,20.0,62.0,"Mon, 13 Jan 2020 01:53:47 GMT",True,"Sun, 12 Jan 2020 19:02:07 GMT",5471.0,8.03888888888889,0 days 08:02:20,0 days 05:50:00,"Drizzle, not freezing, continuous",2,2-3
221,5e30e01ff9af8b0f5cf06996,39,2020-01-12 20:05:23,2020-01-12 22:03:44,2020-01-12 22:03:40,6.77,2_39_89_25_2020-01-12 20:05:23.222211,2,CA-315,2-39-89-25,America/Los_Angeles,1089.0,400.0,8.0,20.0,114.0,"Sun, 12 Jan 2020 20:06:56 GMT",True,"Sun, 12 Jan 2020 21:59:23 GMT",1089.0,,,,,,,,,1.9725,0 days 01:58:21,0 days 00:00:04,"Drizzle, not freezing, continuous",22,22-23
222,5e30e01ff9af8b0f5cf06997,39,2020-01-13 01:41:22,2020-01-13 02:34:34,2020-01-13 02:23:23,1.791,2_39_139_28_2020-01-13 01:41:21.633908,2,CA-303,2-39-139-28,America/Los_Angeles,1366.0,400.0,8.0,20.0,60.0,"Mon, 13 Jan 2020 01:41:36 GMT",True,"Mon, 13 Jan 2020 02:41:22 GMT",1366.0,,,,,,,,,0.8866666666666667,0 days 00:53:12,0 days 00:11:11,"Drizzle, not freezing, continuous",2,2-3
223,5e30e01ff9af8b0f5cf06998,39,2020-01-13 01:41:46,2020-01-13 03:44:59,2020-01-13 03:33:21,5.68,2_39_127_19_2020-01-13 01:41:46.087820,2,CA-309,2-39-127-19,America/Los_Angeles,4622.0,300.0,6.0,20.0,127.0,"Mon, 13 Jan 2020 01:42:09 GMT",True,"Mon, 13 Jan 2020 03:48:46 GMT",4622.0,,,,,,,,,2.053611111111111,0 days 02:03:13,0 days 00:11:38,"Drizzle, not freezing, continuous",3,3-4
224,5e30e01ff9af8b0f5cf06999,39,2020-01-13 02:08:54,2020-01-14 01:24:02,2020-01-13 09:52:50,51.459,2_39_129_17_2020-01-13 02:08:53.683125,2,CA-307,2-39-129-17,America/Los_Angeles,67.0,250.0,60.0,240.0,720.0,"Mon, 13 Jan 2020 02:08:58 GMT",True,"Mon, 13 Jan 2020 14:08:54 GMT",67.0,250.0,60.0,240.0,720.0,"Mon, 13 Jan 2020 02:09:11 GMT",True,"Mon, 13 Jan 2020 14:08:54 GMT",67.0,23.252222222222223,0 days 23:15:08,0 days 15:31:12,"Drizzle, not freezing, continuous",1,1-2
225,5e30e01ff9af8b0f5cf0699a,39,2020-01-13 02:40:40,2020-01-13 06:03:13,2020-01-13 05:23:13,16.661,2_39_139_28_2020-01-13 02:40:40.200795,2,CA-303,2-39-139-28,America/Los_Angeles,1099.0,400.0,32.0,80.0,171.0,"Mon, 13 Jan 2020 02:41:53 GMT",True,"Mon, 13 Jan 2020 05:31:40 GMT",1099.0,,,,,,,,,3.3758333333333335,0 days 03:22:33,0 days 00:40:00,"Drizzle, not freezing, continuous",6,6-7
226,5e3231b6f9af8b13f2ff1387,39,2020-01-13 14:10:41,2020-01-13 23:55:21,2020-01-13 18:13:26,20.9,2_39_79_379_2020-01-13 14:10:41.235156,2,CA-327,2-39-79-379,America/Los_Angeles,1104.0,250.0,37.5,150.0,436.0,"Mon, 13 Jan 2020 14:10:52 GMT",True,"Mon, 13 Jan 2020 21:26:41 GMT",1104.0,,,,,,,,,9.744444444444444,0 days 09:44:40,0 days 05:41:55,"Drizzle, not freezing, continuous",23,23-24
227,5e3231b6f9af8b13f2ff1388,39,2020-01-13 14:47:22,2020-01-13 16:19:50,2020-01-13 16:19:46,5.097,2_39_89_25_2020-01-13 14:47:21.928085,2,CA-315,2-39-89-25,America/Los_Angeles,743.0,400.0,8.0,20.0,50.0,"Mon, 13 Jan 2020 14:47:53 GMT",True,"Mon, 13 Jan 2020 15:37:22 GMT",743.0,,,,,,,,,1.541111111111111,0 days 01:32:28,0 days 00:00:04,"Drizzle, not freezing, continuous",16,16-17
228,5e3231b6f9af8b13f2ff1389,39,2020-01-13 15:08:49,2020-01-14 22:12:07,2020-01-13 19:50:48,13.753,2_39_95_27_2020-01-13 15:08:49.156069,2,CA-319,2-39-95-27,America/Los_Angeles,4913.0,400.0,20.0,50.0,720.0,"Mon, 13 Jan 2020 15:09:31 GMT",True,"Tue, 14 Jan 2020 03:08:49 GMT",4913.0,,,,,,,,,31.055,1 days 07:03:18,1 days 02:21:19,"Drizzle, not freezing, continuous",22,22-23
229,5e3231b6f9af8b13f2ff138a,39,2020-01-13 15:50:09,2020-01-14 02:15:09,2020-01-13 21:08:37,7.886,2_39_138_29_2020-01-13 15:49:48.727469,2,CA-304,2-39-138-29,America/Los_Angeles,5471.0,400.0,8.0,20.0,534.0,"Mon, 13 Jan 2020 15:50:08 GMT",True,"Tue, 14 Jan 2020 00:44:09 GMT",5471.0,,,,,,,,,10.416666666666666,0 days 10:25:00,0 days 05:06:32,"Drizzle, not freezing, continuous",2,2-3
230,5e3231b6f9af8b13f2ff138b,39,2020-01-13 16:12:36,2020-01-14 01:18:42,2020-01-14 00:37:19,33.701,2_39_79_376_2020-01-13 16:12:35.556842,2,CA-324,2-39-79-376,America/Los_Angeles,3853.0,360.0,36.0,100.0,490.0,"Mon, 13 Jan 2020 16:13:07 GMT",True,"Tue, 14 Jan 2020 00:22:36 GMT",3853.0,,,,,,,,,9.101666666666667,0 days 09:06:06,0 days 00:41:23,"Drizzle, not freezing, continuous",1,1-2
231,5e3231b6f9af8b13f2ff138c,39,2020-01-13 16:21:09,2020-01-14 01:26:56,2020-01-14 00:59:40,24.591,2_39_79_381_2020-01-13 16:21:09.500980,2,CA-490,2-39-79-381,America/Los_Angeles,1154.0,400.0,28.0,70.0,466.0,"Mon, 13 Jan 2020 16:21:55 GMT",True,"Tue, 14 Jan 2020 00:07:09 GMT",1154.0,,,,,,,,,9.096388888888889,0 days 09:05:47,0 days 00:27:16,"Drizzle, not freezing, continuous",1,1-2
232,5e3231b6f9af8b13f2ff138d,39,2020-01-13 16:41:22,2020-01-13 23:29:41,2020-01-13 19:34:45,5.22,2_39_79_377_2020-01-13 16:41:22.224840,2,CA-325,2-39-79-377,America/Los_Angeles,751.0,400.0,8.0,20.0,590.0,"Mon, 13 Jan 2020 16:41:32 GMT",True,"Tue, 14 Jan 2020 02:31:22 GMT",751.0,,,,,,,,,6.8052777777777775,0 days 06:48:19,0 days 03:54:56,"Drizzle, not freezing, continuous",23,23-24
233,5e3231b6f9af8b13f2ff138e,39,2020-01-13 16:44:19,2020-01-14 04:12:38,2020-01-13 20:23:06,8.289,2_39_124_558_2020-01-13 16:44:19.002518,2,CA-504,2-39-124-558,America/Los_Angeles,1534.0,250.0,10.0,40.0,404.0,"Mon, 13 Jan 2020 16:45:48 GMT",True,"Mon, 13 Jan 2020 23:28:19 GMT",1534.0,,,,,,,,,11.471944444444444,0 days 11:28:19,0 days 07:49:32,"Drizzle, not freezing, continuous",4,4-5
234,5e3231b6f9af8b13f2ff138f,39,2020-01-13 16:45:39,2020-01-14 01:11:15,2020-01-13 23:15:46,39.885,2_39_90_26_2020-01-13 16:45:39.410359,2,CA-316,2-39-90-26,America/Los_Angeles,273.0,400.0,40.0,100.0,454.0,"Mon, 13 Jan 2020 16:46:09 GMT",True,"Tue, 14 Jan 2020 00:19:39 GMT",273.0,,,,,,,,,8.426666666666666,0 days 08:25:36,0 days 01:55:29,"Drizzle, not freezing, continuous",1,1-2
235,5e3231b6f9af8b13f2ff1390,39,2020-01-13 16:47:28,2020-01-14 01:12:00,2020-01-13 20:06:08,6.119,2_39_79_378_2020-01-13 16:47:28.380862,2,CA-326,2-39-79-378,America/Los_Angeles,5368.0,400.0,8.0,20.0,60.0,"Mon, 13 Jan 2020 16:56:13 GMT",True,"Mon, 13 Jan 2020 17:47:28 GMT",5368.0,,,,,,,,,8.408888888888889,0 days 08:24:32,0 days 05:05:52,"Drizzle, not freezing, continuous",1,1-2
236,5e3231b6f9af8b13f2ff1391,39,2020-01-13 16:47:52,2020-01-14 00:26:50,2020-01-14 00:27:50,25.988,2_39_78_362_2020-01-13 16:47:52.309348,2,CA-496,2-39-78-362,America/Los_Angeles,1470.0,292.0,29.2,100.0,313.0,"Mon, 13 Jan 2020 16:48:47 GMT",True,"Mon, 13 Jan 2020 22:00:52 GMT",1470.0,,,,,,,,,7.649444444444445,0 days 07:38:58,-1 days +23:59:00,"Drizzle, not freezing, continuous",0,0-1
237,5e3231b6f9af8b13f2ff1392,39,2020-01-13 16:49:50,2020-01-13 20:57:14,2020-01-13 20:54:32,18.838,2_39_92_436_2020-01-13 16:49:50.299522,2,CA-318,2-39-92-436,America/Los_Angeles,1137.0,400.0,24.0,60.0,226.0,"Mon, 13 Jan 2020 16:50:14 GMT",True,"Mon, 13 Jan 2020 20:35:50 GMT",1137.0,,,,,,,,,4.123333333333333,0 days 04:07:24,0 days 00:02:42,"Drizzle, not freezing, continuous",20,20-21
238,5e3231b6f9af8b13f2ff1393,39,2020-01-13 16:57:09,2020-01-13 19:42:04,2020-01-13 19:41:59,3.223,2_39_79_383_2020-01-13 16:57:08.906396,2,CA-492,2-39-79-383,America/Los_Angeles,,,,,,,,,,,,,,,,,,2.748611111111111,0 days 02:44:55,0 days 00:00:05,"Drizzle, not freezing, continuous",19,19-20
239,5e3231b6f9af8b13f2ff1394,39,2020-01-13 16:59:45,2020-01-13 23:16:02,2020-01-13 18:04:34,2.953,2_39_130_31_2020-01-13 16:59:45.109037,2,CA-306,2-39-130-31,America/Los_Angeles,1366.0,400.0,8.0,20.0,60.0,"Mon, 13 Jan 2020 17:00:05 GMT",True,"Mon, 13 Jan 2020 17:59:45 GMT",1366.0,,,,,,,,,6.271388888888889,0 days 06:16:17,0 days 05:11:28,"Drizzle, not freezing, continuous",23,23-24
240,5e3231b6f9af8b13f2ff1395,39,2020-01-13 17:02:27,2020-01-13 18:21:20,2020-01-13 18:21:15,7.215,2_39_127_19_2020-01-13 17:02:27.072412,2,CA-309,2-39-127-19,America/Los_Angeles,1938.0,400.0,16.0,40.0,140.0,"Mon, 13 Jan 2020 17:02:31 GMT",True,"Mon, 13 Jan 2020 19:22:27 GMT",1938.0,400.0,16.0,40.0,140.0,"Mon, 13 Jan 2020 17:02:55 GMT",True,"Mon, 13 Jan 2020 19:22:27 GMT",1938.0,1.3147222222222221,0 days 01:18:53,0 days 00:00:05,"Drizzle, not freezing, continuous",18,18-19
241,5e3231b6f9af8b13f2ff1396,39,2020-01-13 17:06:13,2020-01-14 00:17:32,2020-01-13 22:02:10,21.277,2_39_92_442_2020-01-13 17:06:13.422989,2,CA-498,2-39-92-442,America/Los_Angeles,564.0,231.0,27.72,120.0,562.0,"Mon, 13 Jan 2020 17:06:27 GMT",True,"Tue, 14 Jan 2020 02:28:13 GMT",564.0,,,,,,,,,7.188611111111111,0 days 07:11:19,0 days 02:15:22,"Drizzle, not freezing, continuous",0,0-1
242,5e3231b6f9af8b13f2ff1397,39,2020-01-13 17:07:39,2020-01-14 03:12:45,2020-01-13 18:37:02,4.374,2_39_131_30_2020-01-13 17:07:38.833700,2,CA-305,2-39-131-30,America/Los_Angeles,567.0,400.0,8.0,20.0,459.0,"Mon, 13 Jan 2020 17:08:44 GMT",True,"Tue, 14 Jan 2020 00:46:39 GMT",567.0,,,,,,,,,10.085,0 days 10:05:06,0 days 08:35:43,"Drizzle, not freezing, continuous",3,3-4
243,5e3231b6f9af8b13f2ff1398,39,2020-01-13 17:12:27,2020-01-13 20:45:57,2020-01-13 20:45:53,22.131,2_39_78_365_2020-01-13 17:12:27.297864,2,CA-321,2-39-78-365,America/Los_Angeles,22.0,400.0,84.0,210.0,539.0,"Mon, 13 Jan 2020 17:13:54 GMT",True,"Tue, 14 Jan 2020 02:11:27 GMT",22.0,,,,,,,,,3.558333333333333,0 days 03:33:30,0 days 00:00:04,"Drizzle, not freezing, continuous",20,20-21
244,5e3231b6f9af8b13f2ff1399,39,2020-01-13 17:13:33,2020-01-14 03:13:03,2020-01-13 22:42:39,11.893,2_39_79_380_2020-01-13 17:13:32.897293,2,CA-489,2-39-79-380,America/Los_Angeles,3977.0,600.0,12.0,20.0,168.0,"Mon, 13 Jan 2020 17:15:03 GMT",True,"Mon, 13 Jan 2020 20:01:33 GMT",3977.0,,,,,,,,,9.991666666666667,0 days 09:59:30,0 days 04:30:24,"Drizzle, not freezing, continuous",3,3-4
245,5e3231b6f9af8b13f2ff139a,39,2020-01-13 17:14:53,2020-01-14 02:10:42,2020-01-13 18:20:34,6.915,2_39_91_437_2020-01-13 17:14:53.229403,2,CA-317,2-39-91-437,America/Los_Angeles,714.0,400.0,24.0,60.0,361.0,"Mon, 13 Jan 2020 17:15:22 GMT",True,"Mon, 13 Jan 2020 23:15:53 GMT",714.0,,,,,,,,,8.930277777777778,0 days 08:55:49,0 days 07:50:08,"Drizzle, not freezing, continuous",2,2-3
246,5e3231b6f9af8b13f2ff139b,39,2020-01-13 17:22:56,2020-01-13 20:27:06,2020-01-13 19:33:38,13.246,2_39_125_21_2020-01-13 17:22:55.679806,2,CA-311,2-39-125-21,America/Los_Angeles,1912.0,400.0,20.0,50.0,362.0,"Mon, 13 Jan 2020 17:23:12 GMT",True,"Mon, 13 Jan 2020 23:24:56 GMT",1912.0,,,,,,,,,3.0694444444444446,0 days 03:04:10,0 days 00:53:28,"Drizzle, not freezing, continuous",20,20-21
247,5e3231b6f9af8b13f2ff139c,39,2020-01-13 17:24:26,2020-01-14 01:28:13,2020-01-14 01:11:27,0.918,2_39_78_364_2020-01-13 17:24:26.198237,2,CA-495,2-39-78-364,America/Los_Angeles,,,,,,,,,,,,,,,,,,8.063055555555556,0 days 08:03:47,0 days 00:16:46,"Drizzle, not freezing, continuous",1,1-2
248,5e3231b6f9af8b13f2ff139d,39,2020-01-13 17:30:20,2020-01-13 20:38:01,2020-01-13 19:04:57,4.816,2_39_123_23_2020-01-13 17:30:20.307508,2,CA-313,2-39-123-23,America/Los_Angeles,562.0,325.0,6.5,20.0,172.0,"Mon, 13 Jan 2020 17:31:29 GMT",True,"Mon, 13 Jan 2020 20:22:20 GMT",562.0,,,,,,,,,3.1280555555555556,0 days 03:07:41,0 days 01:33:04,"Drizzle, not freezing, continuous",20,20-21
249,5e3231b6f9af8b13f2ff139e,39,2020-01-13 17:34:34,2020-01-14 01:44:08,2020-01-14 01:44:03,14.973,2_39_79_382_2020-01-13 17:34:34.281043,2,CA-491,2-39-79-382,America/Los_Angeles,2149.0,250.0,20.0,80.0,457.0,"Mon, 13 Jan 2020 17:38:31 GMT",True,"Tue, 14 Jan 2020 01:11:34 GMT",2149.0,,,,,,,,,8.159444444444444,0 days 08:09:34,0 days 00:00:05,"Drizzle, not freezing, continuous",1,1-2
250,5e3231b6f9af8b13f2ff139f,39,2020-01-13 17:47:39,2020-01-13 18:16:52,2020-01-13 18:16:46,0.782,2_39_126_20_2020-01-13 17:47:38.593981,2,CA-310,2-39-126-20,America/Los_Angeles,,,,,,,,,,,,,,,,,,0.48694444444444446,0 days 00:29:13,0 days 00:00:06,"Drizzle, not freezing, continuous",18,18-19
251,5e3231b6f9af8b13f2ff13a0,39,2020-01-13 17:49:41,2020-01-14 01:12:37,2020-01-13 22:04:58,13.673,2_39_89_25_2020-01-13 17:49:41.334141,2,CA-315,2-39-89-25,America/Los_Angeles,677.0,325.0,19.5,60.0,366.0,"Mon, 13 Jan 2020 17:49:51 GMT",True,"Mon, 13 Jan 2020 23:55:41 GMT",677.0,,,,,,,,,7.3822222222222225,0 days 07:22:56,0 days 03:07:39,"Drizzle, not freezing, continuous",1,1-2
252,5e3231b6f9af8b13f2ff13a1,39,2020-01-13 17:53:53,2020-01-14 01:26:40,2020-01-13 21:00:55,4.88,2_39_90_440_2020-01-13 17:53:53.033495,2,CA-500,2-39-90-440,America/Los_Angeles,743.0,400.0,8.0,20.0,382.0,"Mon, 13 Jan 2020 17:54:17 GMT",True,"Tue, 14 Jan 2020 00:15:53 GMT",743.0,,,,,,,,,7.546388888888889,0 days 07:32:47,0 days 04:25:45,"Drizzle, not freezing, continuous",1,1-2
253,5e3231b6f9af8b13f2ff13a2,39,2020-01-13 17:58:39,2020-01-14 03:11:55,2020-01-13 20:30:33,15.546,2_39_88_438_2020-01-13 17:58:38.876197,2,CA-502,2-39-88-438,America/Los_Angeles,558.0,400.0,36.0,90.0,60.0,"Mon, 13 Jan 2020 17:58:51 GMT",True,"Mon, 13 Jan 2020 18:58:39 GMT",558.0,,,,,,,,,9.221111111111112,0 days 09:13:16,0 days 06:41:22,"Drizzle, not freezing, continuous",3,3-4
254,5e3231b6f9af8b13f2ff13a3,39,2020-01-13 18:11:37,2020-01-14 01:54:02,2020-01-13 22:00:17,12.124,2_39_95_444_2020-01-13 18:11:37.109301,2,CA-497,2-39-95-444,America/Los_Angeles,1095.0,400.0,16.0,40.0,444.0,"Mon, 13 Jan 2020 18:11:42 GMT",True,"Tue, 14 Jan 2020 01:35:37 GMT",1095.0,,,,,,,,,7.706944444444445,0 days 07:42:25,0 days 03:53:45,"Drizzle, not freezing, continuous",1,1-2
255,5e3231b6f9af8b13f2ff13a4,39,2020-01-13 18:12:58,2020-01-14 02:37:51,2020-01-14 01:49:38,47.727,2_39_91_441_2020-01-13 18:12:50.500061,2,CA-499,2-39-91-441,America/Los_Angeles,2743.0,240.0,60.0,250.0,576.0,"Mon, 13 Jan 2020 18:12:58 GMT",True,"Tue, 14 Jan 2020 03:48:58 GMT",2743.0,,,,,,,,,8.414722222222222,0 days 08:24:53,0 days 00:48:13,"Drizzle, not freezing, continuous",2,2-3
256,5e3231b6f9af8b13f2ff13a5,39,2020-01-13 18:17:49,2020-01-13 20:01:50,2020-01-13 19:07:42,0.84,2_39_88_24_2020-01-13 18:17:48.713348,2,CA-314,2-39-88-24,America/Los_Angeles,,,,,,,,,,,,,,,,,,1.7336111111111112,0 days 01:44:01,0 days 00:54:08,"Drizzle, not freezing, continuous",20,20-21
257,5e3231b6f9af8b13f2ff13a6,39,2020-01-13 18:22:27,2020-01-14 01:23:57,2020-01-13 22:26:53,5.956,2_39_124_22_2020-01-13 18:22:26.618933,2,CA-312,2-39-124-22,America/Los_Angeles,2170.0,400.0,8.0,20.0,183.0,"Mon, 13 Jan 2020 18:22:39 GMT",True,"Mon, 13 Jan 2020 21:25:27 GMT",2170.0,,,,,,,,,7.025,0 days 07:01:30,0 days 02:57:04,"Drizzle, not freezing, continuous",1,1-2
258,5e3231b6f9af8b13f2ff13a7,39,2020-01-13 18:38:09,2020-01-14 02:47:33,2020-01-13 20:29:12,11.161,2_39_127_19_2020-01-13 18:38:08.833162,2,CA-309,2-39-127-19,America/Los_Angeles,69.0,400.0,40.0,100.0,363.0,"Mon, 13 Jan 2020 18:38:22 GMT",True,"Tue, 14 Jan 2020 00:41:09 GMT",69.0,400.0,40.0,100.0,363.0,"Tue, 14 Jan 2020 02:47:27 GMT",True,"Tue, 14 Jan 2020 00:41:09 GMT",69.0,8.156666666666666,0 days 08:09:24,0 days 06:18:21,"Drizzle, not freezing, continuous",2,2-3
259,5e3231b6f9af8b13f2ff13a8,39,2020-01-13 19:26:13,2020-01-13 22:52:33,2020-01-13 22:31:55,4.429,2_39_78_366_2020-01-13 19:26:13.250677,2,CA-323,2-39-78-366,America/Los_Angeles,2291.0,400.0,8.0,20.0,408.0,"Mon, 13 Jan 2020 19:32:03 GMT",True,"Tue, 14 Jan 2020 02:14:13 GMT",2291.0,,,,,,,,,3.438888888888889,0 days 03:26:20,0 days 00:20:38,"Drizzle, not freezing, continuous",22,22-23
260,5e3231b6f9af8b13f2ff13a9,39,2020-01-13 20:23:14,2020-01-14 01:18:44,2020-01-13 22:09:50,4.411,2_39_79_383_2020-01-13 20:23:14.430818,2,CA-492,2-39-79-383,America/Los_Angeles,3389.0,400.0,8.0,20.0,190.0,"Mon, 13 Jan 2020 20:23:36 GMT",True,"Mon, 13 Jan 2020 23:33:14 GMT",3389.0,,,,,,,,,4.925,0 days 04:55:30,0 days 03:08:54,"Drizzle, not freezing, continuous",1,1-2
261,5e3231b6f9af8b13f2ff13aa,39,2020-01-13 20:42:58,2020-01-14 01:50:00,2020-01-13 21:34:46,2.186,2_39_123_23_2020-01-13 20:42:57.625646,2,CA-313,2-39-123-23,America/Los_Angeles,891.0,400.0,8.0,20.0,215.0,"Mon, 13 Jan 2020 20:43:01 GMT",True,"Tue, 14 Jan 2020 00:17:58 GMT",891.0,,,,,,,,,5.117222222222222,0 days 05:07:02,0 days 04:15:14,"Drizzle, not freezing, continuous",1,1-2
262,5e3231b6f9af8b13f2ff13ab,39,2020-01-13 20:43:00,2020-01-14 03:32:47,2020-01-13 22:51:24,6.945,2_39_78_363_2020-01-13 20:43:00.222217,2,CA-320,2-39-78-363,America/Los_Angeles,1124.0,400.0,8.0,20.0,60.0,"Mon, 13 Jan 2020 20:43:22 GMT",True,"Mon, 13 Jan 2020 21:43:00 GMT",1124.0,,,,,,,,,6.829722222222222,0 days 06:49:47,0 days 04:41:23,"Drizzle, not freezing, continuous",3,3-4
263,5e3231b6f9af8b13f2ff13ac,39,2020-01-13 20:51:37,2020-01-14 02:02:37,2020-01-14 00:39:31,25.851,2_39_126_20_2020-01-13 20:51:37.164904,2,CA-310,2-39-126-20,America/Los_Angeles,22.0,400.0,84.0,210.0,556.0,"Mon, 13 Jan 2020 20:51:46 GMT",True,"Tue, 14 Jan 2020 06:07:37 GMT",22.0,,,,,,,,,5.183333333333334,0 days 05:11:00,0 days 01:23:06,"Drizzle, not freezing, continuous",2,2-3
264,5e3231b6f9af8b13f2ff13ad,39,2020-01-13 20:53:57,2020-01-14 01:50:10,2020-01-13 23:28:21,8.661,2_39_125_21_2020-01-13 20:53:43.885574,2,CA-311,2-39-125-21,America/Los_Angeles,4947.0,380.0,11.4,30.0,281.0,"Mon, 13 Jan 2020 20:53:57 GMT",True,"Tue, 14 Jan 2020 01:34:57 GMT",4947.0,,,,,,,,,4.936944444444444,0 days 04:56:13,0 days 02:21:49,"Drizzle, not freezing, continuous",1,1-2
265,5e3231b6f9af8b13f2ff13ae,39,2020-01-13 20:56:47,2020-01-14 02:19:06,2020-01-13 22:42:51,0.912,2_39_78_367_2020-01-13 20:56:46.934073,2,CA-494,2-39-78-367,America/Los_Angeles,,,,,,,,,,,,,,,,,,5.371944444444445,0 days 05:22:19,0 days 03:36:15,"Drizzle, not freezing, continuous",2,2-3
266,5e3231b6f9af8b13f2ff13af,39,2020-01-13 21:15:30,2020-01-14 02:42:11,2020-01-13 21:49:35,1.007,2_39_92_436_2020-01-13 21:15:30.359462,2,CA-318,2-39-92-436,America/Los_Angeles,562.0,325.0,3.25,10.0,257.0,"Mon, 13 Jan 2020 21:16:12 GMT",True,"Tue, 14 Jan 2020 01:32:30 GMT",562.0,,,,,,,,,5.4447222222222225,0 days 05:26:41,0 days 04:52:36,"Drizzle, not freezing, continuous",2,2-3
267,5e3231b6f9af8b13f2ff13b0,39,2020-01-13 23:40:26,2020-01-14 00:57:13,2020-01-14 00:57:08,7.668,2_39_128_18_2020-01-13 23:40:25.690185,2,CA-308,2-39-128-18,America/Los_Angeles,2290.0,600.0,12.0,20.0,428.0,"Mon, 13 Jan 2020 23:42:39 GMT",True,"Tue, 14 Jan 2020 06:48:26 GMT",2290.0,,,,,,,,,1.2797222222222222,0 days 01:16:47,0 days 00:00:05,"Drizzle, not freezing, continuous",0,0-1
268,5e3231b6f9af8b13f2ff13b1,39,2020-01-14 01:01:13,2020-01-14 01:37:21,2020-01-14 01:37:16,0.995,2_39_79_379_2020-01-14 01:01:13.446241,2,CA-327,2-39-79-379,America/Los_Angeles,,,,,,,,,,,,,,,,,,0.6022222222222222,0 days 00:36:08,0 days 00:00:05,"Drizzle, not freezing, continuous",1,1-2
269,5e3231b6f9af8b13f2ff13b2,39,2020-01-14 02:42:39,2020-01-14 03:01:03,2020-01-14 03:00:58,0.571,2_39_129_17_2020-01-14 02:42:39.192967,2,CA-307,2-39-129-17,America/Los_Angeles,,,,,,,,,,,,,,,,,,0.30666666666666664,0 days 00:18:24,0 days 00:00:05,"Drizzle, not freezing, continuous",3,3-4
270,5e338337f9af8b381fd75ba7,39,2020-01-14 15:18:31,2020-01-15 02:03:44,2020-01-14 19:23:33,21.662,2_39_79_379_2020-01-14 15:18:30.984173,2,CA-327,2-39-79-379,America/Los_Angeles,1104.0,250.0,37.5,150.0,436.0,"Tue, 14 Jan 2020 15:18:46 GMT",True,"Tue, 14 Jan 2020 22:34:31 GMT",1104.0,,,,,,,,,10.75361111111111,0 days 10:45:13,0 days 06:40:11,Clouds generally forming or developing,2,2-3
271,5e338337f9af8b381fd75ba8,39,2020-01-14 15:42:29,2020-01-15 00:11:33,2020-01-14 17:24:24,4.956,2_39_139_28_2020-01-14 15:42:29.065600,2,CA-303,2-39-139-28,America/Los_Angeles,1564.0,300.0,12.0,40.0,185.0,"Tue, 14 Jan 2020 15:42:42 GMT",True,"Tue, 14 Jan 2020 18:47:29 GMT",1564.0,,,,,,,,,8.484444444444444,0 days 08:29:04,0 days 06:47:09,Clouds generally forming or developing,0,0-1
272,5e338337f9af8b381fd75ba9,39,2020-01-14 16:04:50,2020-01-14 17:18:43,2020-01-14 16:35:42,0.826,2_39_79_380_2020-01-14 16:04:50.198233,2,CA-489,2-39-79-380,America/Los_Angeles,,,,,,,,,,,,,,,,,,1.2313888888888889,0 days 01:13:53,0 days 00:43:01,"Drizzle, not freezing, continuous",17,17-18
273,5e338337f9af8b381fd75baa,39,2020-01-14 16:12:27,2020-01-14 21:30:20,2020-01-14 20:31:40,11.789,2_39_79_377_2020-01-14 16:12:16.937487,2,CA-325,2-39-79-377,America/Los_Angeles,2461.0,400.0,12.0,30.0,273.0,"Tue, 14 Jan 2020 16:12:26 GMT",True,"Tue, 14 Jan 2020 20:45:27 GMT",2461.0,,,,,,,,,5.298055555555556,0 days 05:17:53,0 days 00:58:40,"Drizzle, not freezing, continuous",21,21-22
274,5e338337f9af8b381fd75bab,39,2020-01-14 16:13:43,2020-01-14 22:04:17,2020-01-14 22:03:47,0.853,2_39_78_366_2020-01-14 16:13:43.026367,2,CA-323,2-39-78-366,America/Los_Angeles,,,,,,,,,,,,,,,,,,5.842777777777778,0 days 05:50:34,0 days 00:00:30,"Drizzle, not freezing, continuous",22,22-23
275,5e338337f9af8b381fd75bac,39,2020-01-14 16:16:15,2020-01-15 01:14:15,2020-01-15 01:14:03,5.686,2_39_78_364_2020-01-14 16:16:15.068078,2,CA-495,2-39-78-364,America/Los_Angeles,3449.0,276.0,38.64,140.0,261.0,"Tue, 14 Jan 2020 18:40:54 GMT",True,"Tue, 14 Jan 2020 20:37:15 GMT",3449.0,,,,,,,,,8.966666666666667,0 days 08:58:00,0 days 00:00:12,Clouds generally forming or developing,1,1-2
276,5e338337f9af8b381fd75bad,39,2020-01-14 16:33:14,2020-01-15 01:06:43,2020-01-15 00:48:49,7.909,2_39_78_365_2020-01-14 16:33:14.448206,2,CA-321,2-39-78-365,America/Los_Angeles,751.0,400.0,8.0,20.0,590.0,"Tue, 14 Jan 2020 16:34:28 GMT",True,"Wed, 15 Jan 2020 02:23:14 GMT",751.0,,,,,,,,,8.558055555555555,0 days 08:33:29,0 days 00:17:54,Clouds generally forming or developing,1,1-2
277,5e338337f9af8b381fd75bae,39,2020-01-14 16:46:15,2020-01-15 00:36:07,2020-01-15 00:35:41,10.421,2_39_78_367_2020-01-14 16:46:14.913566,2,CA-494,2-39-78-367,America/Los_Angeles,1470.0,292.0,11.68,40.0,313.0,"Tue, 14 Jan 2020 16:46:24 GMT",True,"Tue, 14 Jan 2020 21:59:15 GMT",1470.0,,,,,,,,,7.831111111111111,0 days 07:49:52,0 days 00:00:26,Clouds generally forming or developing,0,0-1
278,5e338337f9af8b381fd75baf,39,2020-01-14 16:46:57,2020-01-15 02:29:59,2020-01-14 18:45:10,6.035,2_39_90_440_2020-01-14 16:46:57.407896,2,CA-500,2-39-90-440,America/Los_Angeles,1534.0,250.0,10.0,40.0,404.0,"Tue, 14 Jan 2020 16:47:08 GMT",True,"Tue, 14 Jan 2020 23:30:57 GMT",1534.0,,,,,,,,,9.717222222222222,0 days 09:43:02,0 days 07:44:49,Clouds generally forming or developing,2,2-3
279,5e338337f9af8b381fd75bb0,39,2020-01-14 16:48:08,2020-01-15 02:51:38,2020-01-15 02:52:37,1.022,2_39_79_381_2020-01-14 16:48:07.932007,2,CA-490,2-39-79-381,America/Los_Angeles,,,,,,,,,,,,,,,,,,10.058333333333334,0 days 10:03:30,-1 days +23:59:01,Clouds generally forming or developing,2,2-3
280,5e338337f9af8b381fd75bb1,39,2020-01-14 16:50:47,2020-01-14 20:08:12,2020-01-14 18:46:53,5.827,2_39_91_437_2020-01-14 16:50:46.879437,2,CA-317,2-39-91-437,America/Los_Angeles,1222.0,400.0,8.0,20.0,72.0,"Tue, 14 Jan 2020 16:51:21 GMT",True,"Tue, 14 Jan 2020 18:02:47 GMT",1222.0,,,,,,,,,3.290277777777778,0 days 03:17:25,0 days 01:21:19,"Drizzle, not freezing, continuous",20,20-21
281,5e338337f9af8b381fd75bb2,39,2020-01-14 16:52:03,2020-01-15 01:42:28,2020-01-14 18:51:30,6.086,2_39_79_376_2020-01-14 16:52:02.702407,2,CA-324,2-39-79-376,America/Los_Angeles,5368.0,400.0,8.0,20.0,60.0,"Tue, 14 Jan 2020 16:57:07 GMT",True,"Tue, 14 Jan 2020 17:52:03 GMT",5368.0,,,,,,,,,8.840277777777779,0 days 08:50:25,0 days 06:50:58,Clouds generally forming or developing,1,1-2
282,5e338337f9af8b381fd75bb3,39,2020-01-14 17:08:58,2020-01-15 02:48:55,2020-01-14 18:21:04,3.912,2_39_127_19_2020-01-14 17:08:57.914964,2,CA-309,2-39-127-19,America/Los_Angeles,567.0,400.0,8.0,20.0,459.0,"Tue, 14 Jan 2020 17:09:25 GMT",True,"Wed, 15 Jan 2020 00:47:58 GMT",567.0,,,,,,,,,9.665833333333333,0 days 09:39:57,0 days 08:27:51,Clouds generally forming or developing,2,2-3
283,5e338337f9af8b381fd75bb4,39,2020-01-14 17:11:58,2020-01-15 01:52:17,2020-01-14 20:52:07,21.892,2_39_89_25_2020-01-14 17:11:58.288224,2,CA-315,2-39-89-25,America/Los_Angeles,431.0,400.0,32.0,80.0,112.0,"Tue, 14 Jan 2020 17:12:25 GMT",True,"Tue, 14 Jan 2020 19:03:58 GMT",431.0,,,,,,,,,8.671944444444444,0 days 08:40:19,0 days 05:00:10,Clouds generally forming or developing,1,1-2
284,5e338337f9af8b381fd75bb5,39,2020-01-14 17:12:54,2020-01-15 02:40:30,2020-01-14 19:40:24,14.106,2_39_79_383_2020-01-14 17:12:53.948416,2,CA-492,2-39-79-383,America/Los_Angeles,2961.0,400.0,40.0,100.0,60.0,"Tue, 14 Jan 2020 17:14:07 GMT",True,"Tue, 14 Jan 2020 18:12:54 GMT",2961.0,,,,,,,,,9.46,0 days 09:27:36,0 days 07:00:06,Clouds generally forming or developing,2,2-3
285,5e338337f9af8b381fd75bb6,39,2020-01-14 17:13:41,2020-01-15 02:15:12,2020-01-14 20:15:28,9.271,2_39_129_17_2020-01-14 17:13:40.832865,2,CA-307,2-39-129-17,America/Los_Angeles,712.0,400.0,12.0,30.0,351.0,"Tue, 14 Jan 2020 17:23:21 GMT",True,"Tue, 14 Jan 2020 23:04:41 GMT",712.0,,,,,,,,,9.025277777777777,0 days 09:01:31,0 days 05:59:44,Clouds generally forming or developing,2,2-3
286,5e338337f9af8b381fd75bb7,39,2020-01-14 17:21:18,2020-01-14 18:38:30,2020-01-14 18:38:26,7.196,2_39_78_363_2020-01-14 17:21:14.825122,2,CA-320,2-39-78-363,America/Los_Angeles,3856.0,400.0,40.0,100.0,118.0,"Tue, 14 Jan 2020 17:21:18 GMT",True,"Tue, 14 Jan 2020 19:19:18 GMT",3856.0,,,,,,,,,1.2866666666666666,0 days 01:17:12,0 days 00:00:04,"Drizzle, not freezing, continuous",18,18-19
287,5e338337f9af8b381fd75bb8,39,2020-01-14 17:25:10,2020-01-15 01:01:58,2020-01-14 18:52:38,4.197,2_39_91_441_2020-01-14 17:25:09.751477,2,CA-499,2-39-91-441,America/Los_Angeles,743.0,400.0,8.0,20.0,382.0,"Tue, 14 Jan 2020 17:25:21 GMT",True,"Tue, 14 Jan 2020 23:47:10 GMT",743.0,,,,,,,,,7.613333333333333,0 days 07:36:48,0 days 06:09:20,Clouds generally forming or developing,1,1-2
288,5e338337f9af8b381fd75bb9,39,2020-01-14 17:38:56,2020-01-15 02:56:08,2020-01-14 20:26:38,16.914,2_39_78_360_2020-01-14 17:38:56.229672,2,CA-322,2-39-78-360,America/Los_Angeles,714.0,400.0,24.0,60.0,361.0,"Tue, 14 Jan 2020 17:39:10 GMT",True,"Tue, 14 Jan 2020 23:39:56 GMT",714.0,,,,,,,,,9.286666666666667,0 days 09:17:12,0 days 06:29:30,Clouds generally forming or developing,2,2-3
289,5e338337f9af8b381fd75bba,39,2020-01-14 17:58:04,2020-01-15 03:13:15,2020-01-14 19:55:41,11.77,2_39_92_436_2020-01-14 17:58:03.902726,2,CA-318,2-39-92-436,America/Los_Angeles,558.0,400.0,28.0,70.0,60.0,"Tue, 14 Jan 2020 17:58:07 GMT",True,"Tue, 14 Jan 2020 18:58:04 GMT",558.0,,,,,,,,,9.253055555555555,0 days 09:15:11,0 days 07:17:34,Clouds generally forming or developing,3,3-4
290,5e338337f9af8b381fd75bbb,39,2020-01-14 18:03:05,2020-01-15 01:32:39,2020-01-15 01:10:58,0.808,2_39_90_26_2020-01-14 18:03:05.109638,2,CA-316,2-39-90-26,America/Los_Angeles,,,,,,,,,,,,,,,,,,7.4927777777777775,0 days 07:29:34,0 days 00:21:41,Clouds generally forming or developing,1,1-2
291,5e338337f9af8b381fd75bbc,39,2020-01-14 18:03:29,2020-01-14 21:47:51,2020-01-14 19:51:47,11.504,2_39_92_442_2020-01-14 18:03:29.304566,2,CA-498,2-39-92-442,America/Los_Angeles,1087.0,400.0,28.0,70.0,252.0,"Tue, 14 Jan 2020 18:03:40 GMT",True,"Tue, 14 Jan 2020 22:15:29 GMT",1087.0,,,,,,,,,3.7394444444444446,0 days 03:44:22,0 days 01:56:04,"Drizzle, not freezing, continuous",21,21-22
292,5e338337f9af8b381fd75bbd,39,2020-01-14 18:04:24,2020-01-15 01:38:58,2020-01-14 22:40:58,5.78,2_39_123_23_2020-01-14 18:04:24.211925,2,CA-313,2-39-123-23,America/Los_Angeles,2170.0,400.0,8.0,20.0,183.0,"Tue, 14 Jan 2020 18:04:31 GMT",True,"Tue, 14 Jan 2020 21:07:24 GMT",2170.0,400.0,8.0,20.0,183.0,"Tue, 14 Jan 2020 18:04:44 GMT",True,"Tue, 14 Jan 2020 21:07:24 GMT",2170.0,7.5761111111111115,0 days 07:34:34,0 days 02:58:00,Clouds generally forming or developing,1,1-2
293,5e338337f9af8b381fd75bbe,39,2020-01-14 18:20:54,2020-01-14 20:47:30,2020-01-14 20:47:25,8.355,2_39_128_18_2020-01-14 18:20:54.228524,2,CA-308,2-39-128-18,America/Los_Angeles,668.0,425.0,8.5,20.0,455.0,"Tue, 14 Jan 2020 18:21:21 GMT",True,"Wed, 15 Jan 2020 01:55:54 GMT",668.0,,,,,,,,,2.4433333333333334,0 days 02:26:36,0 days 00:00:05,"Drizzle, not freezing, continuous",20,20-21
294,5e338337f9af8b381fd75bbf,39,2020-01-14 18:21:57,2020-01-14 20:23:35,2020-01-14 19:00:02,2.095,2_39_88_438_2020-01-14 18:21:57.448874,2,CA-502,2-39-88-438,America/Los_Angeles,3447.0,375.0,15.0,40.0,219.0,"Tue, 14 Jan 2020 18:23:12 GMT",True,"Tue, 14 Jan 2020 22:00:57 GMT",3447.0,,,,,,,,,2.027222222222222,0 days 02:01:38,0 days 01:23:33,"Drizzle, not freezing, continuous",20,20-21
295,5e338337f9af8b381fd75bc0,39,2020-01-14 18:23:07,2020-01-14 20:09:46,2020-01-14 20:09:42,5.502,2_39_88_24_2020-01-14 18:22:55.099175,2,CA-314,2-39-88-24,America/Los_Angeles,562.0,325.0,6.5,20.0,205.0,"Tue, 14 Jan 2020 18:23:06 GMT",True,"Tue, 14 Jan 2020 21:48:07 GMT",562.0,325.0,13.0,40.0,408.0,"Tue, 14 Jan 2020 18:40:10 GMT",True,"Wed, 15 Jan 2020 01:11:07 GMT",562.0,1.7775,0 days 01:46:39,0 days 00:00:04,"Drizzle, not freezing, continuous",20,20-21
296,5e338337f9af8b381fd75bc1,39,2020-01-14 18:44:31,2020-01-15 03:14:31,2020-01-14 21:37:03,12.961,2_39_130_31_2020-01-14 18:44:30.931641,2,CA-306,2-39-130-31,America/Los_Angeles,958.0,200.0,20.0,100.0,570.0,"Tue, 14 Jan 2020 18:44:35 GMT",True,"Wed, 15 Jan 2020 04:14:31 GMT",958.0,,,,,,,,,8.5,0 days 08:30:00,0 days 05:37:28,Clouds generally forming or developing,3,3-4
297,5e338337f9af8b381fd75bc2,39,2020-01-14 18:45:24,2020-01-15 01:10:57,2020-01-14 19:35:03,1.649,2_39_126_20_2020-01-14 18:45:24.034510,2,CA-310,2-39-126-20,America/Los_Angeles,1366.0,400.0,8.0,20.0,60.0,"Tue, 14 Jan 2020 18:46:09 GMT",True,"Tue, 14 Jan 2020 19:45:24 GMT",1366.0,,,,,,,,,6.425833333333333,0 days 06:25:33,0 days 05:35:54,Clouds generally forming or developing,1,1-2
298,5e338337f9af8b381fd75bc3,39,2020-01-14 18:45:29,2020-01-14 19:11:44,2020-01-14 19:11:39,1.117,2_39_78_361_2020-01-14 18:45:28.916754,2,CA-493,2-39-78-361,America/Los_Angeles,1095.0,400.0,16.0,40.0,444.0,"Tue, 14 Jan 2020 18:45:41 GMT",True,"Wed, 15 Jan 2020 02:09:29 GMT",1095.0,,,,,,,,,0.4375,0 days 00:26:15,0 days 00:00:05,"Drizzle, not freezing, continuous",19,19-20
299,5e338337f9af8b381fd75bc4,39,2020-01-14 19:26:08,2020-01-15 02:53:29,2020-01-15 01:21:00,39.881,2_39_124_22_2020-01-14 19:26:08.205980,2,CA-312,2-39-124-22,America/Los_Angeles,3270.0,200.0,40.0,200.0,466.0,"Tue, 14 Jan 2020 19:26:20 GMT",True,"Wed, 15 Jan 2020 03:12:08 GMT",3270.0,,,,,,,,,7.4558333333333335,0 days 07:27:21,0 days 01:32:29,Clouds generally forming or developing,2,2-3
300,5e338337f9af8b381fd75bc5,39,2020-01-14 19:29:13,2020-01-15 02:06:11,2020-01-14 22:33:44,0.928,2_39_78_361_2020-01-14 19:29:12.681273,2,CA-493,2-39-78-361,America/Los_Angeles,,,,,,,,,,,,,,,,,,6.6161111111111115,0 days 06:36:58,0 days 03:32:27,Clouds generally forming or developing,2,2-3
301,5e338337f9af8b381fd75bc6,39,2020-01-14 19:40:47,2020-01-15 00:39:34,2020-01-14 22:31:37,11.567,2_39_95_444_2020-01-14 19:40:47.313892,2,CA-497,2-39-95-444,America/Los_Angeles,1137.0,400.0,20.0,50.0,299.0,"Tue, 14 Jan 2020 19:41:05 GMT",True,"Wed, 15 Jan 2020 00:39:47 GMT",1137.0,,,,,,,,,4.979722222222223,0 days 04:58:47,0 days 02:07:57,Clouds generally forming or developing,0,0-1
302,5e338337f9af8b381fd75bc7,39,2020-01-14 20:07:01,2020-01-14 23:44:55,2020-01-14 22:34:05,0.82,2_39_78_363_2020-01-14 20:07:00.570283,2,CA-320,2-39-78-363,America/Los_Angeles,,,,,,,,,,,,,,,,,,3.631666666666667,0 days 03:37:54,0 days 01:10:50,"Drizzle, not freezing, continuous",23,23-24
303,5e338337f9af8b381fd75bc8,39,2020-01-14 20:45:03,2020-01-14 22:06:18,2020-01-14 22:06:14,9.118,2_39_91_437_2020-01-14 20:45:03.090103,2,CA-317,2-39-91-437,America/Los_Angeles,1039.0,400.0,80.0,200.0,327.0,"Tue, 14 Jan 2020 20:45:39 GMT",True,"Wed, 15 Jan 2020 02:12:03 GMT",1039.0,,,,,,,,,1.3541666666666667,0 days 01:21:15,0 days 00:00:04,"Drizzle, not freezing, continuous",22,22-23
304,5e338337f9af8b381fd75bc9,39,2020-01-14 20:53:03,2020-01-15 02:31:26,2020-01-14 22:50:56,6.412,2_39_88_24_2020-01-14 20:53:03.357260,2,CA-314,2-39-88-24,America/Los_Angeles,1124.0,400.0,8.0,20.0,60.0,"Tue, 14 Jan 2020 20:54:11 GMT",True,"Tue, 14 Jan 2020 21:53:03 GMT",1124.0,,,,,,,,,5.639722222222222,0 days 05:38:23,0 days 03:40:30,Clouds generally forming or developing,2,2-3
305,5e338337f9af8b381fd75bca,39,2020-01-14 21:01:13,2020-01-15 01:14:25,2020-01-14 21:49:25,1.997,2_39_128_18_2020-01-14 21:01:13.394849,2,CA-308,2-39-128-18,America/Los_Angeles,891.0,400.0,8.0,20.0,215.0,"Tue, 14 Jan 2020 21:01:57 GMT",True,"Wed, 15 Jan 2020 00:36:13 GMT",891.0,,,,,,,,,4.22,0 days 04:13:12,0 days 03:25:00,Clouds generally forming or developing,1,1-2
306,5e338337f9af8b381fd75bcb,39,2020-01-14 22:19:31,2020-01-15 01:55:48,2020-01-14 23:45:11,5.084,2_39_79_378_2020-01-14 22:19:31.301202,2,CA-326,2-39-79-378,America/Los_Angeles,515.0,400.0,12.0,30.0,144.0,"Tue, 14 Jan 2020 22:19:58 GMT",True,"Wed, 15 Jan 2020 00:43:31 GMT",515.0,,,,,,,,,3.604722222222222,0 days 03:36:17,0 days 02:10:37,Clouds generally forming or developing,1,1-2
307,5e338337f9af8b381fd75bcc,39,2020-01-14 22:21:45,2020-01-15 03:04:35,2020-01-15 01:10:04,0.912,2_39_78_366_2020-01-14 22:21:44.815614,2,CA-323,2-39-78-366,America/Los_Angeles,,,,,,,,,,,,,,,,,,4.713888888888889,0 days 04:42:50,0 days 01:54:31,Clouds generally forming or developing,3,3-4
308,5e338337f9af8b381fd75bcd,39,2020-01-14 23:19:32,2020-01-15 02:44:27,2020-01-15 01:36:12,7.115,2_39_91_437_2020-01-14 23:19:31.909198,2,CA-317,2-39-91-437,America/Los_Angeles,562.0,325.0,9.75,30.0,179.0,"Tue, 14 Jan 2020 23:20:23 GMT",True,"Wed, 15 Jan 2020 02:18:32 GMT",562.0,325.0,9.75,30.0,282.0,"Tue, 14 Jan 2020 23:21:26 GMT",True,"Wed, 15 Jan 2020 04:01:32 GMT",562.0,3.415277777777778,0 days 03:24:55,0 days 01:08:15,Clouds generally forming or developing,2,2-3
309,5e338337f9af8b381fd75bce,39,2020-01-14 23:47:03,2020-01-15 00:26:36,2020-01-15 00:24:30,0.915,2_39_78_363_2020-01-14 23:47:03.484702,2,CA-320,2-39-78-363,America/Los_Angeles,,,,,,,,,,,,,,,,,,0.6591666666666667,0 days 00:39:33,0 days 00:02:06,Clouds generally forming or developing,0,0-1
310,5e338337f9af8b381fd75bcf,39,2020-01-14 23:52:16,2020-01-15 01:31:03,2020-01-15 01:30:59,5.394,2_39_95_27_2020-01-14 23:52:16.480587,2,CA-319,2-39-95-27,America/Los_Angeles,1920.0,450.0,13.5,30.0,202.0,"Tue, 14 Jan 2020 23:53:03 GMT",True,"Wed, 15 Jan 2020 03:14:16 GMT",1920.0,450.0,13.5,30.0,151.0,"Tue, 14 Jan 2020 23:53:19 GMT",True,"Wed, 15 Jan 2020 02:23:16 GMT",1920.0,1.646388888888889,0 days 01:38:47,0 days 00:00:04,Clouds generally forming or developing,1,1-2
311,5e338337f9af8b381fd75bd0,39,2020-01-15 00:12:38,2020-01-15 02:27:32,2020-01-15 02:13:12,12.187,2_39_79_382_2020-01-15 00:12:37.942812,2,CA-491,2-39-79-382,America/Los_Angeles,69.0,400.0,40.0,100.0,363.0,"Wed, 15 Jan 2020 00:13:00 GMT",True,"Wed, 15 Jan 2020 06:15:38 GMT",69.0,,,,,,,,,2.2483333333333335,0 days 02:14:54,0 days 00:14:20,Clouds generally forming or developing,2,2-3
312,5e338337f9af8b381fd75bd1,39,2020-01-15 02:51:42,2020-01-15 04:23:11,2020-01-15 03:43:22,0.938,2_39_79_381_2020-01-15 02:51:41.886890,2,CA-490,2-39-79-381,America/Los_Angeles,,,,,,,,,,,,,,,,,,1.5247222222222223,0 days 01:31:29,0 days 00:39:49,Clouds generally forming or developing,4,4-5
313,5e338337f9af8b381fd75bd2,39,2020-01-15 02:57:55,2020-01-15 03:34:30,2020-01-15 03:34:21,1.327,2_39_139_28_2020-01-15 02:57:54.910302,2,CA-303,2-39-139-28,America/Los_Angeles,1539.0,400.0,4.0,10.0,60.0,"Wed, 15 Jan 2020 02:58:25 GMT",True,"Wed, 15 Jan 2020 03:57:55 GMT",1539.0,,,,,,,,,0.6097222222222223,0 days 00:36:35,0 days 00:00:09,Clouds generally forming or developing,3,3-4
314,5e338337f9af8b381fd75bd3,39,2020-01-15 03:09:17,2020-01-15 05:05:28,2020-01-15 05:05:16,13.406,2_39_79_377_2020-01-15 03:09:17.118897,2,CA-325,2-39-79-377,America/Los_Angeles,1943.0,400.0,20.0,50.0,152.0,"Wed, 15 Jan 2020 03:09:20 GMT",True,"Wed, 15 Jan 2020 05:41:17 GMT",1943.0,400.0,20.0,50.0,152.0,"Wed, 15 Jan 2020 05:05:14 GMT",True,"Wed, 15 Jan 2020 05:41:17 GMT",1943.0,1.936388888888889,0 days 01:56:11,0 days 00:00:12,Clouds generally forming or developing,5,5-6
315,5e338337f9af8b381fd75bd4,39,2020-01-15 04:19:13,2020-01-15 05:53:09,2020-01-15 05:53:04,10.748,2_39_139_28_2020-01-15 04:19:13.289389,2,CA-303,2-39-139-28,America/Los_Angeles,1263.0,400.0,12.0,30.0,115.0,"Wed, 15 Jan 2020 04:19:30 GMT",True,"Wed, 15 Jan 2020 06:14:13 GMT",1263.0,,,,,,,,,1.5655555555555556,0 days 01:33:56,0 days 00:00:05,Clouds generally forming or developing,5,5-6
316,5e34d4b6f9af8b3c2f4e430b,39,2020-01-15 12:16:22,2020-01-15 14:19:47,2020-01-15 14:19:42,12.955,2_39_131_30_2020-01-15 12:16:21.656490,2,CA-305,2-39-131-30,America/Los_Angeles,300.0,400.0,32.0,80.0,638.0,"Wed, 15 Jan 2020 12:16:31 GMT",True,"Wed, 15 Jan 2020 22:54:22 GMT",300.0,,,,,,,,,2.0569444444444445,0 days 02:03:25,0 days 00:00:05,Clouds generally forming or developing,14,14-15
317,5e34d4b6f9af8b3c2f4e430c,39,2020-01-15 14:29:56,2020-01-16 17:18:30,2020-01-15 20:06:00,14.574,2_39_78_365_2020-01-15 14:29:56.013536,2,CA-321,2-39-78-365,America/Los_Angeles,4913.0,400.0,20.0,50.0,720.0,"Wed, 15 Jan 2020 14:30:24 GMT",True,"Thu, 16 Jan 2020 02:29:56 GMT",4913.0,400.0,20.0,50.0,1133.0,"Wed, 15 Jan 2020 21:24:03 GMT",True,"Thu, 16 Jan 2020 09:22:56 GMT",4913.0,26.809444444444445,1 days 02:48:34,0 days 21:12:30,Clouds generally forming or developing,17,17-18
318,5e34d4b6f9af8b3c2f4e430d,39,2020-01-15 15:59:38,2020-01-15 21:52:55,2020-01-15 17:54:53,0.845,2_39_79_380_2020-01-15 15:59:38.144201,2,CA-489,2-39-79-380,America/Los_Angeles,,,,,,,,,,,,,,,,,,5.888055555555556,0 days 05:53:17,0 days 03:58:02,Clouds generally forming or developing,21,21-22
319,5e34d4b6f9af8b3c2f4e430e,39,2020-01-15 16:11:33,2020-01-16 01:37:32,2020-01-16 00:34:38,17.566,2_39_78_366_2020-01-15 16:11:32.916230,2,CA-323,2-39-78-366,America/Los_Angeles,3853.0,360.0,39.6,110.0,490.0,"Wed, 15 Jan 2020 16:13:12 GMT",True,"Thu, 16 Jan 2020 00:21:33 GMT",3853.0,,,,,,,,,9.433055555555555,0 days 09:25:59,0 days 01:02:54,Clouds generally forming or developing,1,1-2
320,5e34d4b6f9af8b3c2f4e430f,39,2020-01-15 16:14:17,2020-01-16 01:17:07,2020-01-15 22:53:20,34.699,2_39_79_382_2020-01-15 16:14:17.222888,2,CA-491,2-39-79-382,America/Los_Angeles,3449.0,276.0,38.64,140.0,266.0,"Wed, 15 Jan 2020 16:14:46 GMT",True,"Wed, 15 Jan 2020 20:40:17 GMT",3449.0,,,,,,,,,9.047222222222222,0 days 09:02:50,0 days 02:23:47,Clouds generally forming or developing,1,1-2
321,5e34d4b6f9af8b3c2f4e4310,39,2020-01-15 16:15:46,2020-01-16 01:37:58,2020-01-16 01:12:56,11.289,2_39_139_28_2020-01-15 16:15:38.720531,2,CA-303,2-39-139-28,America/Los_Angeles,4947.0,380.0,11.4,30.0,462.0,"Wed, 15 Jan 2020 16:15:46 GMT",True,"Wed, 15 Jan 2020 23:57:46 GMT",4947.0,,,,,,,,,9.37,0 days 09:22:12,0 days 00:25:02,Clouds generally forming or developing,1,1-2
322,5e34d4b6f9af8b3c2f4e4311,39,2020-01-15 16:50:26,2020-01-16 00:49:22,2020-01-15 23:50:17,13.449,2_39_78_364_2020-01-15 16:50:25.707168,2,CA-495,2-39-78-364,America/Los_Angeles,1470.0,292.0,20.44,70.0,62.0,"Wed, 15 Jan 2020 16:51:23 GMT",True,"Wed, 15 Jan 2020 17:52:26 GMT",1470.0,,,,,,,,,7.982222222222222,0 days 07:58:56,0 days 00:59:05,Clouds generally forming or developing,0,0-1
323,5e34d4b6f9af8b3c2f4e4312,39,2020-01-15 16:58:30,2020-01-16 02:08:05,2020-01-16 02:08:01,8.717,2_39_125_21_2020-01-15 16:58:29.766074,2,CA-311,2-39-125-21,America/Los_Angeles,1364.0,400.0,24.0,60.0,182.0,"Wed, 15 Jan 2020 22:56:29 GMT",True,"Wed, 15 Jan 2020 20:00:30 GMT",1364.0,400.0,24.0,60.0,182.0,"Wed, 15 Jan 2020 22:57:00 GMT",True,"Wed, 15 Jan 2020 20:00:30 GMT",1364.0,9.159722222222221,0 days 09:09:35,0 days 00:00:04,Clouds generally forming or developing,2,2-3
324,5e34d4b6f9af8b3c2f4e4313,39,2020-01-15 16:59:43,2020-01-16 02:49:37,2020-01-15 19:00:52,6.222,2_39_79_379_2020-01-15 16:59:42.512914,2,CA-327,2-39-79-379,America/Los_Angeles,1111.0,400.0,12.0,30.0,99.0,"Wed, 15 Jan 2020 17:03:21 GMT",True,"Wed, 15 Jan 2020 18:38:43 GMT",1111.0,,,,,,,,,9.831666666666667,0 days 09:49:54,0 days 07:48:45,Clouds generally forming or developing,2,2-3
325,5e34d4b6f9af8b3c2f4e4314,39,2020-01-15 17:02:40,2020-01-16 02:44:23,2020-01-15 19:20:47,5.888,2_39_127_19_2020-01-15 17:02:40.148160,2,CA-309,2-39-127-19,America/Los_Angeles,562.0,325.0,6.5,20.0,181.0,"Wed, 15 Jan 2020 17:03:01 GMT",True,"Wed, 15 Jan 2020 20:03:40 GMT",562.0,,,,,,,,,9.695277777777777,0 days 09:41:43,0 days 07:23:36,Clouds generally forming or developing,2,2-3
326,5e34d4b6f9af8b3c2f4e4315,39,2020-01-15 17:03:38,2020-01-16 00:13:46,2020-01-15 17:58:20,5.682,2_39_129_17_2020-01-15 17:03:38.086308,2,CA-307,2-39-129-17,America/Los_Angeles,1912.0,400.0,20.0,50.0,362.0,"Wed, 15 Jan 2020 17:03:52 GMT",True,"Wed, 15 Jan 2020 23:05:38 GMT",1912.0,,,,,,,,,7.168888888888889,0 days 07:10:08,0 days 06:15:26,Clouds generally forming or developing,0,0-1
327,5e34d4b6f9af8b3c2f4e4316,39,2020-01-15 17:08:04,2020-01-15 19:51:03,2020-01-15 19:51:01,5.955,2_39_78_361_2020-01-15 17:08:03.635883,2,CA-493,2-39-78-361,America/Los_Angeles,564.0,231.0,16.17,70.0,562.0,"Wed, 15 Jan 2020 17:08:17 GMT",True,"Thu, 16 Jan 2020 02:30:04 GMT",564.0,,,,,,,,,2.716388888888889,0 days 02:42:59,0 days 00:00:02,Clouds generally forming or developing,19,19-20
328,5e34d4b6f9af8b3c2f4e4317,39,2020-01-15 17:14:08,2020-01-16 00:18:25,2020-01-15 18:50:22,4.571,2_39_89_25_2020-01-15 17:14:07.905052,2,CA-315,2-39-89-25,America/Los_Angeles,743.0,400.0,8.0,20.0,382.0,"Wed, 15 Jan 2020 17:14:21 GMT",True,"Wed, 15 Jan 2020 23:36:08 GMT",743.0,,,,,,,,,7.0713888888888885,0 days 07:04:17,0 days 05:28:03,Clouds generally forming or developing,0,0-1
329,5e34d4b6f9af8b3c2f4e4318,39,2020-01-15 17:15:37,2020-01-16 03:52:50,2020-01-15 22:49:27,0.9595605555555556,2_39_79_378_2020-01-15 17:15:37.110160,2,CA-326,2-39-79-378,America/Los_Angeles,,,,,,,,,,,,,,,,,,10.620277777777778,0 days 10:37:13,0 days 05:03:23,Clouds generally forming or developing,3,3-4
330,5e34d4b6f9af8b3c2f4e4319,39,2020-01-15 17:24:13,2020-01-16 01:37:43,2020-01-15 19:21:30,6.139,2_39_79_376_2020-01-15 17:24:12.849649,2,CA-324,2-39-79-376,America/Los_Angeles,5368.0,400.0,8.0,20.0,60.0,"Wed, 15 Jan 2020 17:29:07 GMT",True,"Wed, 15 Jan 2020 18:24:13 GMT",5368.0,,,,,,,,,8.225,0 days 08:13:30,0 days 06:16:13,Clouds generally forming or developing,1,1-2
331,5e34d4b6f9af8b3c2f4e431a,39,2020-01-15 17:30:25,2020-01-16 01:11:52,2020-01-15 21:28:02,11.333,2_39_124_22_2020-01-15 17:30:24.798024,2,CA-312,2-39-124-22,America/Los_Angeles,620.0,400.0,12.0,30.0,445.0,"Wed, 15 Jan 2020 17:31:12 GMT",True,"Thu, 16 Jan 2020 00:55:25 GMT",620.0,,,,,,,,,7.690833333333333,0 days 07:41:27,0 days 03:43:50,Clouds generally forming or developing,1,1-2
332,5e34d4b6f9af8b3c2f4e431b,39,2020-01-15 17:34:40,2020-01-16 01:34:26,2020-01-16 00:01:38,16.926,2_39_79_381_2020-01-15 17:34:40.208591,2,CA-490,2-39-79-381,America/Los_Angeles,1154.0,400.0,20.0,50.0,447.0,"Wed, 15 Jan 2020 17:35:52 GMT",True,"Thu, 16 Jan 2020 01:01:40 GMT",1154.0,,,,,,,,,7.996111111111111,0 days 07:59:46,0 days 01:32:48,Clouds generally forming or developing,1,1-2
333,5e34d4b6f9af8b3c2f4e431c,39,2020-01-15 17:43:16,2020-01-16 02:02:18,2020-01-15 18:52:25,3.624,2_39_123_23_2020-01-15 17:43:15.569289,2,CA-313,2-39-123-23,America/Los_Angeles,567.0,400.0,8.0,20.0,459.0,"Wed, 15 Jan 2020 17:43:23 GMT",True,"Thu, 16 Jan 2020 01:22:16 GMT",567.0,400.0,8.0,20.0,459.0,"Wed, 15 Jan 2020 17:43:28 GMT",True,"Thu, 16 Jan 2020 01:22:16 GMT",567.0,8.317222222222222,0 days 08:19:02,0 days 07:09:53,Clouds generally forming or developing,2,2-3
334,5e34d4b6f9af8b3c2f4e431d,39,2020-01-15 17:59:55,2020-01-16 02:29:42,2020-01-15 18:59:12,6.72,2_39_95_27_2020-01-15 17:59:54.590592,2,CA-319,2-39-95-27,America/Los_Angeles,714.0,400.0,24.0,60.0,361.0,"Wed, 15 Jan 2020 18:00:09 GMT",True,"Thu, 16 Jan 2020 00:00:55 GMT",714.0,,,,,,,,,8.49638888888889,0 days 08:29:47,0 days 07:30:30,Clouds generally forming or developing,2,2-3
335,5e34d4b6f9af8b3c2f4e431e,39,2020-01-15 18:05:50,2020-01-16 00:15:54,2020-01-15 22:49:27,11.9,2_39_78_363_2020-01-15 18:05:50.228270,2,CA-320,2-39-78-363,America/Los_Angeles,1001.0,600.0,12.0,20.0,129.0,"Wed, 15 Jan 2020 18:06:16 GMT",True,"Wed, 15 Jan 2020 20:14:50 GMT",1001.0,,,,,,,,,6.167777777777777,0 days 06:10:04,0 days 01:26:27,Clouds generally forming or developing,0,0-1
336,5e34d4b6f9af8b3c2f4e431f,39,2020-01-15 18:09:51,2020-01-16 02:09:46,2020-01-15 20:24:05,12.305,2_39_92_442_2020-01-15 18:09:51.086363,2,CA-498,2-39-92-442,America/Los_Angeles,1095.0,400.0,16.0,40.0,444.0,"Wed, 15 Jan 2020 18:09:59 GMT",True,"Thu, 16 Jan 2020 01:33:51 GMT",1095.0,,,,,,,,,7.998611111111111,0 days 07:59:55,0 days 05:45:41,Clouds generally forming or developing,2,2-3
337,5e34d4b6f9af8b3c2f4e4320,39,2020-01-15 18:11:35,2020-01-16 03:15:21,2020-01-15 20:05:04,11.474,2_39_92_436_2020-01-15 18:11:35.451295,2,CA-318,2-39-92-436,America/Los_Angeles,558.0,400.0,28.0,70.0,60.0,"Wed, 15 Jan 2020 18:11:38 GMT",True,"Wed, 15 Jan 2020 19:11:35 GMT",558.0,,,,,,,,,9.062777777777777,0 days 09:03:46,0 days 07:10:17,Clouds generally forming or developing,3,3-4
338,5e34d4b6f9af8b3c2f4e4321,39,2020-01-15 18:15:34,2020-01-16 01:13:52,2020-01-15 23:26:24,26.044,2_39_79_377_2020-01-15 18:15:33.952776,2,CA-325,2-39-79-377,America/Los_Angeles,832.0,400.0,32.0,80.0,399.0,"Wed, 15 Jan 2020 18:16:06 GMT",True,"Thu, 16 Jan 2020 00:54:34 GMT",832.0,,,,,,,,,6.971666666666667,0 days 06:58:18,0 days 01:47:28,Clouds generally forming or developing,1,1-2
339,5e34d4b6f9af8b3c2f4e4322,39,2020-01-15 18:16:25,2020-01-16 02:09:02,2020-01-15 19:56:47,4.922,2_39_138_29_2020-01-15 18:16:24.924266,2,CA-304,2-39-138-29,America/Los_Angeles,1864.0,400.0,12.0,30.0,348.0,"Wed, 15 Jan 2020 18:16:49 GMT",True,"Thu, 16 Jan 2020 00:04:25 GMT",1864.0,,,,,,,,,7.876944444444445,0 days 07:52:37,0 days 06:12:15,Clouds generally forming or developing,2,2-3
340,5e34d4b6f9af8b3c2f4e4323,39,2020-01-15 18:23:12,2020-01-16 01:47:50,2020-01-15 19:48:18,4.243,2_39_91_437_2020-01-15 18:23:11.524557,2,CA-317,2-39-91-437,America/Los_Angeles,2170.0,400.0,8.0,20.0,183.0,"Wed, 15 Jan 2020 18:23:24 GMT",True,"Wed, 15 Jan 2020 21:26:12 GMT",2170.0,,,,,,,,,7.410555555555556,0 days 07:24:38,0 days 05:59:32,Clouds generally forming or developing,1,1-2
341,5e34d4b6f9af8b3c2f4e4324,39,2020-01-15 18:29:33,2020-01-15 20:12:44,2020-01-15 20:12:39,6.077,2_39_130_31_2020-01-15 18:29:33.303798,2,CA-306,2-39-130-31,America/Los_Angeles,668.0,425.0,8.5,20.0,455.0,"Wed, 15 Jan 2020 18:30:02 GMT",True,"Thu, 16 Jan 2020 02:04:33 GMT",668.0,,,,,,,,,1.7197222222222222,0 days 01:43:11,0 days 00:00:05,Clouds generally forming or developing,20,20-21
342,5e34d4b6f9af8b3c2f4e4325,39,2020-01-15 18:39:37,2020-01-15 22:48:21,2020-01-15 20:09:04,4.109,2_39_128_18_2020-01-15 18:39:37.394234,2,CA-308,2-39-128-18,America/Los_Angeles,1366.0,400.0,8.0,20.0,60.0,"Wed, 15 Jan 2020 18:41:30 GMT",True,"Wed, 15 Jan 2020 19:39:37 GMT",1366.0,,,,,,,,,4.145555555555555,0 days 04:08:44,0 days 02:39:17,Clouds generally forming or developing,22,22-23
343,5e34d4b6f9af8b3c2f4e4326,39,2020-01-15 18:39:44,2020-01-16 01:22:13,2020-01-15 19:35:17,1.794,2_39_90_26_2020-01-15 18:39:43.871578,2,CA-316,2-39-90-26,America/Los_Angeles,891.0,400.0,8.0,20.0,215.0,"Wed, 15 Jan 2020 18:39:58 GMT",True,"Wed, 15 Jan 2020 22:14:44 GMT",891.0,,,,,,,,,6.708055555555555,0 days 06:42:29,0 days 05:46:56,Clouds generally forming or developing,1,1-2
344,5e34d4b6f9af8b3c2f4e4327,39,2020-01-15 19:12:29,2020-01-16 02:52:10,2020-01-15 22:54:08,25.256,2_39_95_444_2020-01-15 19:12:28.924612,2,CA-497,2-39-95-444,America/Los_Angeles,3270.0,200.0,40.0,200.0,466.0,"Wed, 15 Jan 2020 19:13:12 GMT",True,"Thu, 16 Jan 2020 02:58:29 GMT",3270.0,,,,,,,,,7.661388888888889,0 days 07:39:41,0 days 03:58:02,Clouds generally forming or developing,2,2-3
345,5e34d4b6f9af8b3c2f4e4328,39,2020-01-15 20:08:28,2020-01-15 20:58:01,2020-01-15 20:57:36,0.905,2_39_78_361_2020-01-15 20:08:28.174839,2,CA-493,2-39-78-361,America/Los_Angeles,,,,,,,,,,,,,,,,,,0.8258333333333333,0 days 00:49:33,0 days 00:00:25,Clouds generally forming or developing,20,20-21
346,5e34d4b6f9af8b3c2f4e4329,39,2020-01-15 20:30:59,2020-01-16 02:11:20,2020-01-16 00:36:29,26.496,2_39_90_440_2020-01-15 20:30:58.930130,2,CA-500,2-39-90-440,America/Los_Angeles,1104.0,250.0,37.5,150.0,436.0,"Wed, 15 Jan 2020 20:31:11 GMT",True,"Thu, 16 Jan 2020 03:46:59 GMT",1104.0,,,,,,,,,5.6725,0 days 05:40:21,0 days 01:34:51,Clouds generally forming or developing,2,2-3
347,5e34d4b6f9af8b3c2f4e432a,39,2020-01-15 20:42:41,2020-01-16 00:00:30,2020-01-15 21:59:14,2.537,2_39_88_24_2020-01-15 20:42:40.718691,2,CA-314,2-39-88-24,America/Los_Angeles,560.0,400.0,12.0,30.0,194.0,"Wed, 15 Jan 2020 20:42:49 GMT",True,"Wed, 15 Jan 2020 23:56:41 GMT",560.0,400.0,12.0,30.0,194.0,"Wed, 15 Jan 2020 20:44:05 GMT",True,"Wed, 15 Jan 2020 23:56:41 GMT",560.0,3.2969444444444442,0 days 03:17:49,0 days 02:01:16,Clouds generally forming or developing,0,0-1
348,5e34d4b6f9af8b3c2f4e432b,39,2020-01-15 20:55:23,2020-01-16 02:42:45,2020-01-15 22:57:08,6.679,2_39_88_438_2020-01-15 20:55:22.621963,2,CA-502,2-39-88-438,America/Los_Angeles,1124.0,400.0,8.0,20.0,60.0,"Wed, 15 Jan 2020 20:55:52 GMT",True,"Wed, 15 Jan 2020 21:55:23 GMT",1124.0,,,,,,,,,5.789444444444444,0 days 05:47:22,0 days 03:45:37,Clouds generally forming or developing,2,2-3
349,5e34d4b6f9af8b3c2f4e432c,39,2020-01-15 21:09:25,2020-01-16 00:25:24,2020-01-15 22:11:52,3.838,2_39_130_31_2020-01-15 21:09:24.740555,2,CA-306,2-39-130-31,America/Los_Angeles,751.0,400.0,40.0,100.0,590.0,"Wed, 15 Jan 2020 21:09:48 GMT",True,"Thu, 16 Jan 2020 06:59:25 GMT",751.0,,,,,,,,,3.266388888888889,0 days 03:15:59,0 days 02:13:32,Clouds generally forming or developing,0,0-1
350,5e34d4b6f9af8b3c2f4e432d,39,2020-01-15 21:15:15,2020-01-16 02:19:56,2020-01-15 22:48:30,0.871,2_39_78_361_2020-01-15 21:15:15.267466,2,CA-493,2-39-78-361,America/Los_Angeles,,,,,,,,,,,,,,,,,,5.078055555555555,0 days 05:04:41,0 days 03:31:26,Clouds generally forming or developing,2,2-3
351,5e34d4b6f9af8b3c2f4e432e,39,2020-01-15 21:55:34,2020-01-16 03:12:09,2020-01-16 03:12:04,32.829,2_39_79_383_2020-01-15 21:55:34.319417,2,CA-492,2-39-79-383,America/Los_Angeles,667.0,250.0,50.0,200.0,433.0,"Wed, 15 Jan 2020 21:56:25 GMT",True,"Thu, 16 Jan 2020 05:08:34 GMT",667.0,,,,,,,,,5.276388888888889,0 days 05:16:35,0 days 00:00:05,Clouds generally forming or developing,3,3-4
352,5e34d4b6f9af8b3c2f4e432f,39,2020-01-15 22:19:59,2020-01-16 00:03:26,2020-01-15 22:50:19,0.823,2_39_79_380_2020-01-15 22:19:58.599515,2,CA-489,2-39-79-380,America/Los_Angeles,,,,,,,,,,,,,,,,,,1.7241666666666666,0 days 01:43:27,0 days 01:13:07,Clouds generally forming or developing,0,0-1
353,5e34d4b6f9af8b3c2f4e4330,39,2020-01-15 22:59:53,2020-01-16 01:20:07,2020-01-16 00:10:21,7.109,2_39_129_563_2020-01-15 22:59:34.447234,2,CA-509,2-39-129-563,America/Los_Angeles,2461.0,400.0,12.0,30.0,273.0,"Wed, 15 Jan 2020 22:59:53 GMT",True,"Thu, 16 Jan 2020 03:32:53 GMT",2461.0,,,,,,,,,2.337222222222222,0 days 02:20:14,0 days 01:09:46,Clouds generally forming or developing,1,1-2
354,5e34d4b6f9af8b3c2f4e4331,39,2020-01-16 00:55:32,2020-01-16 02:13:02,2020-01-16 02:09:40,3.644,2_39_129_17_2020-01-16 00:55:31.913896,2,CA-307,2-39-129-17,America/Los_Angeles,1920.0,450.0,13.5,30.0,137.0,"Thu, 16 Jan 2020 00:56:19 GMT",True,"Thu, 16 Jan 2020 03:12:32 GMT",1920.0,450.0,13.5,30.0,136.0,"Thu, 16 Jan 2020 00:56:43 GMT",True,"Thu, 16 Jan 2020 03:11:32 GMT",1920.0,1.2916666666666667,0 days 01:17:30,0 days 00:03:22,Clouds generally forming or developing,2,2-3
355,5e34d4b6f9af8b3c2f4e4332,39,2020-01-16 02:34:40,2020-01-16 04:33:40,2020-01-16 04:12:15,4.953,2_39_138_29_2020-01-16 02:34:39.569534,2,CA-304,2-39-138-29,America/Los_Angeles,1564.0,300.0,12.0,40.0,185.0,"Thu, 16 Jan 2020 02:35:09 GMT",True,"Thu, 16 Jan 2020 05:39:40 GMT",1564.0,,,,,,,,,1.9833333333333334,0 days 01:59:00,0 days 00:21:25,Clouds generally forming or developing,4,4-5
356,5e34d4b6f9af8b3c2f4e4333,39,2020-01-16 03:41:59,2020-01-16 05:15:07,2020-01-16 05:14:54,5.312,2_39_130_31_2020-01-16 03:41:58.520469,2,CA-306,2-39-130-31,America/Los_Angeles,4622.0,300.0,6.0,20.0,127.0,"Thu, 16 Jan 2020 03:42:20 GMT",True,"Thu, 16 Jan 2020 05:48:59 GMT",4622.0,,,,,,,,,1.5522222222222222,0 days 01:33:08,0 days 00:00:13,Clouds generally forming or developing,5,5-6
357,5e36264cf9af8b400e599118,39,2020-01-16 15:58:16,2020-01-16 17:27:07,2020-01-16 16:28:35,0.822,2_39_79_380_2020-01-16 15:58:16.023063,2,CA-489,2-39-79-380,America/Los_Angeles,,,,,,,,,,,,,,,,,,1.4808333333333332,0 days 01:28:51,0 days 00:58:32,Clouds generally forming or developing,17,17-18
358,5e36264cf9af8b400e599119,39,2020-01-16 15:58:18,2020-01-17 02:53:37,2020-01-16 18:33:03,6.567,2_39_78_366_2020-01-16 15:58:17.574243,2,CA-323,2-39-78-366,America/Los_Angeles,3853.0,360.0,25.2,70.0,490.0,"Thu, 16 Jan 2020 15:59:05 GMT",True,"Fri, 17 Jan 2020 00:08:18 GMT",3853.0,,,,,,,,,10.921944444444444,0 days 10:55:19,0 days 08:20:34,"Drizzle, not freezing, continuous",2,2-3
359,5e36264cf9af8b400e59911a,39,2020-01-16 16:12:28,2020-01-16 17:41:19,2020-01-16 17:41:12,8.762,2_39_78_364_2020-01-16 16:12:27.654259,2,CA-495,2-39-78-364,America/Los_Angeles,69.0,400.0,40.0,100.0,363.0,"Thu, 16 Jan 2020 16:12:43 GMT",True,"Thu, 16 Jan 2020 22:15:28 GMT",69.0,,,,,,,,,1.4808333333333332,0 days 01:28:51,0 days 00:00:07,Clouds generally forming or developing,17,17-18
360,5e36264cf9af8b400e59911b,39,2020-01-16 16:21:28,2020-01-16 21:18:12,2020-01-16 18:22:22,6.945,2_39_139_28_2020-01-16 16:21:27.930521,2,CA-303,2-39-139-28,America/Los_Angeles,1564.0,300.0,15.0,50.0,185.0,"Thu, 16 Jan 2020 16:21:47 GMT",True,"Thu, 16 Jan 2020 19:26:28 GMT",1564.0,,,,,,,,,4.945555555555556,0 days 04:56:44,0 days 02:55:50,Clouds generally forming or developing,21,21-22
361,5e36264cf9af8b400e59911c,39,2020-01-16 16:23:49,2020-01-17 01:22:34,2020-01-16 19:47:48,20.306,2_39_89_25_2020-01-16 16:23:48.824002,2,CA-315,2-39-89-25,America/Los_Angeles,431.0,400.0,28.0,70.0,361.0,"Thu, 16 Jan 2020 16:24:09 GMT",True,"Thu, 16 Jan 2020 22:24:49 GMT",431.0,,,,,,,,,8.979166666666666,0 days 08:58:45,0 days 05:34:46,"Drizzle, not freezing, continuous",1,1-2
362,5e36264cf9af8b400e59911d,39,2020-01-16 16:30:38,2020-01-17 00:16:10,2020-01-16 23:59:58,10.552,2_39_78_361_2020-01-16 16:30:37.835364,2,CA-493,2-39-78-361,America/Los_Angeles,1470.0,292.0,20.44,70.0,337.0,"Thu, 16 Jan 2020 16:31:42 GMT",True,"Thu, 16 Jan 2020 22:07:38 GMT",1470.0,,,,,,,,,7.7588888888888885,0 days 07:45:32,0 days 00:16:12,"Drizzle, not freezing, continuous",0,0-1
363,5e36264cf9af8b400e59911e,39,2020-01-16 16:33:22,2020-01-17 01:19:14,2020-01-16 22:57:14,0.85,2_39_79_379_2020-01-16 16:33:22.018688,2,CA-327,2-39-79-379,America/Los_Angeles,,,,,,,,,,,,,,,,,,8.764444444444445,0 days 08:45:52,0 days 02:22:00,"Drizzle, not freezing, continuous",1,1-2
364,5e36264cf9af8b400e59911f,39,2020-01-16 16:37:11,2020-01-17 02:35:56,2020-01-16 18:15:20,4.985,2_39_78_360_2020-01-16 16:37:11.171079,2,CA-322,2-39-78-360,America/Los_Angeles,2244.0,400.0,8.0,20.0,60.0,"Thu, 16 Jan 2020 16:37:42 GMT",True,"Thu, 16 Jan 2020 17:37:11 GMT",2244.0,,,,,,,,,9.979166666666666,0 days 09:58:45,0 days 08:20:36,"Drizzle, not freezing, continuous",2,2-3
365,5e36264cf9af8b400e599120,39,2020-01-16 16:42:58,2020-01-16 17:40:11,2020-01-16 17:13:14,0.832,2_39_124_558_2020-01-16 16:42:58.247242,2,CA-504,2-39-124-558,America/Los_Angeles,,,,,,,,,,,,,,,,,,0.9536111111111111,0 days 00:57:13,0 days 00:26:57,Clouds generally forming or developing,17,17-18
366,5e36264cf9af8b400e599121,39,2020-01-16 16:48:22,2020-01-17 02:50:31,2020-01-16 23:57:10,5.85,2_39_127_19_2020-01-16 16:48:21.742318,2,CA-309,2-39-127-19,America/Los_Angeles,562.0,325.0,6.5,20.0,181.0,"Thu, 16 Jan 2020 16:49:40 GMT",True,"Thu, 16 Jan 2020 19:49:22 GMT",562.0,,,,,,,,,10.035833333333333,0 days 10:02:09,0 days 02:53:21,"Drizzle, not freezing, continuous",2,2-3
367,5e36264cf9af8b400e599122,39,2020-01-16 16:50:14,2020-01-17 03:23:46,2020-01-16 18:16:08,4.812,2_39_129_17_2020-01-16 16:50:13.848926,2,CA-307,2-39-129-17,America/Los_Angeles,712.0,400.0,12.0,30.0,351.0,"Thu, 16 Jan 2020 16:50:24 GMT",True,"Thu, 16 Jan 2020 22:41:14 GMT",712.0,,,,,,,,,10.55888888888889,0 days 10:33:32,0 days 09:07:38,"Drizzle, not freezing, continuous",3,3-4
368,5e36264cf9af8b400e599123,39,2020-01-16 16:56:45,2020-01-17 03:09:16,2020-01-16 18:52:51,11.757,2_39_79_376_2020-01-16 16:56:44.913953,2,CA-324,2-39-79-376,America/Los_Angeles,558.0,400.0,28.0,70.0,60.0,"Thu, 16 Jan 2020 16:56:49 GMT",True,"Thu, 16 Jan 2020 17:56:45 GMT",558.0,,,,,,,,,10.20861111111111,0 days 10:12:31,0 days 08:16:25,"Drizzle, not freezing, continuous",3,3-4
369,5e36264cf9af8b400e599124,39,2020-01-16 17:07:14,2020-01-16 19:38:54,2020-01-16 19:38:48,0.88,2_39_78_367_2020-01-16 17:07:13.770159,2,CA-494,2-39-78-367,America/Los_Angeles,,,,,,,,,,,,,,,,,,2.5277777777777777,0 days 02:31:40,0 days 00:00:06,Clouds generally forming or developing,19,19-20
370,5e36264cf9af8b400e599125,39,2020-01-16 17:13:29,2020-01-17 02:02:58,2020-01-16 18:13:18,6.65,2_39_95_27_2020-01-16 17:13:28.629160,2,CA-319,2-39-95-27,America/Los_Angeles,714.0,400.0,24.0,60.0,361.0,"Thu, 16 Jan 2020 17:13:40 GMT",True,"Thu, 16 Jan 2020 23:14:29 GMT",714.0,,,,,,,,,8.824722222222222,0 days 08:49:29,0 days 07:49:40,"Drizzle, not freezing, continuous",2,2-3
371,5e36264cf9af8b400e599126,39,2020-01-16 17:14:41,2020-01-17 03:03:29,2020-01-16 21:06:47,25.643,2_39_91_437_2020-01-16 17:14:41.037654,2,CA-317,2-39-91-437,America/Los_Angeles,2961.0,400.0,40.0,100.0,60.0,"Thu, 16 Jan 2020 17:15:06 GMT",True,"Thu, 16 Jan 2020 18:14:41 GMT",2961.0,,,,,,,,,9.813333333333333,0 days 09:48:48,0 days 05:56:42,"Drizzle, not freezing, continuous",3,3-4
372,5e36264cf9af8b400e599127,39,2020-01-16 17:19:19,2020-01-16 19:06:03,2020-01-16 17:49:59,0.785,2_39_79_377_2020-01-16 17:19:19.230336,2,CA-325,2-39-79-377,America/Los_Angeles,,,,,,,,,,,,,,,,,,1.778888888888889,0 days 01:46:44,0 days 01:16:04,Clouds generally forming or developing,19,19-20
373,5e36264cf9af8b400e599128,39,2020-01-16 17:21:01,2020-01-17 01:22:10,2020-01-16 18:48:01,4.124,2_39_89_439_2020-01-16 17:21:00.936109,2,CA-501,2-39-89-439,America/Los_Angeles,743.0,400.0,8.0,20.0,478.0,"Thu, 16 Jan 2020 17:21:52 GMT",True,"Fri, 17 Jan 2020 01:19:01 GMT",743.0,,,,,,,,,8.019166666666667,0 days 08:01:09,0 days 06:34:09,"Drizzle, not freezing, continuous",1,1-2
374,5e36264cf9af8b400e599129,39,2020-01-16 17:27:29,2020-01-16 22:28:41,2020-01-16 22:16:12,18.314,2_39_79_378_2020-01-16 17:27:29.291137,2,CA-326,2-39-79-378,America/Los_Angeles,1137.0,400.0,20.0,50.0,299.0,"Thu, 16 Jan 2020 17:32:14 GMT",True,"Thu, 16 Jan 2020 22:26:29 GMT",1137.0,,,,,,,,,5.02,0 days 05:01:12,0 days 00:12:29,Clouds generally forming or developing,22,22-23
375,5e36264cf9af8b400e59912a,39,2020-01-16 17:28:10,2020-01-16 19:48:05,2020-01-16 19:47:15,3.55,2_39_130_31_2020-01-16 17:28:09.948114,2,CA-306,2-39-130-31,America/Los_Angeles,1912.0,400.0,20.0,50.0,362.0,"Thu, 16 Jan 2020 17:28:10 GMT",True,"Thu, 16 Jan 2020 23:30:10 GMT",1912.0,400.0,20.0,50.0,493.0,"Thu, 16 Jan 2020 19:39:29 GMT",True,"Fri, 17 Jan 2020 01:41:10 GMT",1912.0,2.3319444444444444,0 days 02:19:55,0 days 00:00:50,Clouds generally forming or developing,19,19-20
376,5e36264cf9af8b400e59912b,39,2020-01-16 17:30:31,2020-01-17 01:12:29,2020-01-17 01:12:24,13.149,2_39_79_381_2020-01-16 17:30:30.810717,2,CA-490,2-39-79-381,America/Los_Angeles,2149.0,250.0,17.5,70.0,409.0,"Thu, 16 Jan 2020 17:30:59 GMT",True,"Fri, 17 Jan 2020 00:19:31 GMT",2149.0,,,,,,,,,7.6994444444444445,0 days 07:41:58,0 days 00:00:05,"Drizzle, not freezing, continuous",1,1-2
377,5e36264cf9af8b400e59912c,39,2020-01-16 17:52:28,2020-01-16 20:03:49,2020-01-16 19:38:59,0.862,2_39_79_380_2020-01-16 17:52:27.675398,2,CA-489,2-39-79-380,America/Los_Angeles,,,,,,,,,,,,,,,,,,2.1891666666666665,0 days 02:11:21,0 days 00:24:50,Clouds generally forming or developing,20,20-21
378,5e36264cf9af8b400e59912d,39,2020-01-16 17:53:58,2020-01-17 01:35:12,2020-01-16 18:43:08,2.018,2_39_78_363_2020-01-16 17:53:58.295756,2,CA-320,2-39-78-363,America/Los_Angeles,891.0,400.0,8.0,20.0,215.0,"Thu, 16 Jan 2020 17:54:02 GMT",True,"Thu, 16 Jan 2020 21:28:58 GMT",891.0,,,,,,,,,7.687222222222222,0 days 07:41:14,0 days 06:52:04,"Drizzle, not freezing, continuous",1,1-2
379,5e36264cf9af8b400e59912e,39,2020-01-16 18:08:23,2020-01-16 21:58:40,2020-01-16 21:05:59,15.06,2_39_91_441_2020-01-16 18:08:23.375290,2,CA-499,2-39-91-441,America/Los_Angeles,362.0,400.0,24.0,60.0,236.0,"Thu, 16 Jan 2020 18:08:55 GMT",True,"Thu, 16 Jan 2020 22:04:23 GMT",362.0,,,,,,,,,3.8380555555555556,0 days 03:50:17,0 days 00:52:41,Clouds generally forming or developing,21,21-22
380,5e36264cf9af8b400e59912f,39,2020-01-16 18:09:28,2020-01-17 02:23:22,2020-01-16 21:58:44,12.203,2_39_123_23_2020-01-16 18:09:28.048109,2,CA-313,2-39-123-23,America/Los_Angeles,2170.0,400.0,16.0,40.0,183.0,"Thu, 16 Jan 2020 18:09:40 GMT",True,"Thu, 16 Jan 2020 21:12:28 GMT",2170.0,,,,,,,,,8.231666666666667,0 days 08:13:54,0 days 04:24:38,"Drizzle, not freezing, continuous",2,2-3
381,5e36264cf9af8b400e599130,39,2020-01-16 18:11:37,2020-01-16 22:09:15,2020-01-16 19:26:09,6.941,2_39_90_26_2020-01-16 18:11:22.059798,2,CA-316,2-39-90-26,America/Los_Angeles,2461.0,400.0,8.0,20.0,273.0,"Thu, 16 Jan 2020 18:11:37 GMT",True,"Thu, 16 Jan 2020 22:44:37 GMT",2461.0,,,,,,,,,3.9605555555555556,0 days 03:57:38,0 days 02:43:06,Clouds generally forming or developing,22,22-23
382,5e36264cf9af8b400e599131,39,2020-01-16 18:31:58,2020-01-17 00:40:13,2020-01-16 20:27:37,5.11,2_39_79_383_2020-01-16 18:31:58.271901,2,CA-492,2-39-79-383,America/Los_Angeles,3389.0,400.0,8.0,20.0,190.0,"Thu, 16 Jan 2020 18:32:30 GMT",True,"Thu, 16 Jan 2020 21:41:58 GMT",3389.0,,,,,,,,,6.1375,0 days 06:08:15,0 days 04:12:36,"Drizzle, not freezing, continuous",0,0-1
383,5e36264cf9af8b400e599132,39,2020-01-16 18:37:57,2020-01-16 20:15:08,2020-01-16 19:08:28,0.854,2_39_78_364_2020-01-16 18:37:56.987575,2,CA-495,2-39-78-364,America/Los_Angeles,,,,,,,,,,,,,,,,,,1.6197222222222223,0 days 01:37:11,0 days 01:06:40,Clouds generally forming or developing,20,20-21
384,5e36264cf9af8b400e599133,39,2020-01-16 18:41:26,2020-01-16 20:15:29,2020-01-16 19:39:49,0.861,2_39_90_440_2020-01-16 18:41:25.982140,2,CA-500,2-39-90-440,America/Los_Angeles,,,,,,,,,,,,,,,,,,1.5675,0 days 01:34:03,0 days 00:35:40,Clouds generally forming or developing,20,20-21
385,5e36264cf9af8b400e599134,39,2020-01-16 18:41:57,2020-01-16 22:16:31,2020-01-16 20:35:53,8.389,2_39_88_24_2020-01-16 18:41:56.858985,2,CA-314,2-39-88-24,America/Los_Angeles,668.0,425.0,8.5,20.0,455.0,"Thu, 16 Jan 2020 19:09:44 GMT",True,"Fri, 17 Jan 2020 02:16:57 GMT",668.0,,,,,,,,,3.576111111111111,0 days 03:34:34,0 days 01:40:38,Clouds generally forming or developing,22,22-23
386,5e36264cf9af8b400e599135,39,2020-01-16 18:43:27,2020-01-16 19:30:21,2020-01-16 19:30:16,4.881,2_39_124_22_2020-01-16 18:43:26.832538,2,CA-312,2-39-124-22,America/Los_Angeles,300.0,400.0,32.0,80.0,638.0,"Thu, 16 Jan 2020 18:44:35 GMT",True,"Fri, 17 Jan 2020 05:21:27 GMT",300.0,,,,,,,,,0.7816666666666666,0 days 00:46:54,0 days 00:00:05,Clouds generally forming or developing,19,19-20
387,5e36264cf9af8b400e599136,39,2020-01-16 18:50:17,2020-01-17 21:00:49,2020-01-17 21:01:47,2.558,2_39_78_362_2020-01-16 18:50:16.594097,2,CA-496,2-39-78-362,America/Los_Angeles,4913.0,400.0,20.0,50.0,720.0,"Thu, 16 Jan 2020 18:50:43 GMT",True,"Fri, 17 Jan 2020 06:50:17 GMT",4913.0,,,,,,,,,26.175555555555555,1 days 02:10:32,-1 days +23:59:02,"Drizzle, not freezing, continuous",21,21-22
388,5e36264cf9af8b400e599137,39,2020-01-16 18:52:06,2020-01-17 01:24:20,2020-01-16 22:39:21,11.885,2_39_92_436_2020-01-16 18:52:06.508068,2,CA-318,2-39-92-436,America/Los_Angeles,1001.0,600.0,12.0,20.0,129.0,"Thu, 16 Jan 2020 18:52:09 GMT",True,"Thu, 16 Jan 2020 21:01:06 GMT",1001.0,,,,,,,,,6.537222222222222,0 days 06:32:14,0 days 02:44:59,"Drizzle, not freezing, continuous",1,1-2
389,5e36264cf9af8b400e599138,39,2020-01-16 19:07:54,2020-01-16 23:19:07,2020-01-16 23:19:02,4.158,2_39_92_442_2020-01-16 19:07:53.964496,2,CA-498,2-39-92-442,America/Los_Angeles,69.0,400.0,40.0,100.0,363.0,"Thu, 16 Jan 2020 19:08:04 GMT",True,"Fri, 17 Jan 2020 01:10:54 GMT",69.0,,,,,,,,,4.186944444444444,0 days 04:11:13,0 days 00:00:05,Clouds generally forming or developing,23,23-24
390,5e36264cf9af8b400e599139,39,2020-01-16 19:56:20,2020-01-17 02:27:49,2020-01-16 23:27:55,18.674,2_39_78_367_2020-01-16 19:56:19.957336,2,CA-494,2-39-78-367,America/Los_Angeles,564.0,231.0,27.72,120.0,562.0,"Thu, 16 Jan 2020 20:30:32 GMT",True,"Fri, 17 Jan 2020 05:18:20 GMT",564.0,,,,,,,,,6.5247222222222225,0 days 06:31:29,0 days 02:59:54,"Drizzle, not freezing, continuous",2,2-3
391,5e36264cf9af8b400e59913a,39,2020-01-16 20:06:08,2020-01-16 20:44:37,2020-01-16 20:37:07,0.912,2_39_128_18_2020-01-16 20:06:08.183510,2,CA-308,2-39-128-18,America/Los_Angeles,,,,,,,,,,,,,,,,,,0.6413888888888889,0 days 00:38:29,0 days 00:07:30,Clouds generally forming or developing,20,20-21
392,5e36264cf9af8b400e59913b,39,2020-01-16 20:31:26,2020-01-17 01:03:30,2020-01-17 01:03:23,1.191,2_39_79_377_2020-01-16 20:31:25.729574,2,CA-325,2-39-79-377,America/Los_Angeles,,,,,,,,,,,,,,,,,,4.5344444444444445,0 days 04:32:04,0 days 00:00:07,"Drizzle, not freezing, continuous",1,1-2
393,5e36264cf9af8b400e59913c,39,2020-01-16 20:56:58,2020-01-17 06:12:52,2020-01-17 06:12:48,18.235,2_39_128_18_2020-01-16 20:56:57.767455,2,CA-308,2-39-128-18,America/Los_Angeles,560.0,400.0,28.0,70.0,258.0,"Thu, 16 Jan 2020 20:57:05 GMT",True,"Fri, 17 Jan 2020 01:14:58 GMT",560.0,400.0,32.0,80.0,258.0,"Thu, 16 Jan 2020 20:57:16 GMT",True,"Fri, 17 Jan 2020 01:14:58 GMT",560.0,9.265,0 days 09:15:54,0 days 00:00:04,"Drizzle, not freezing, continuous",6,6-7
394,5e36264cf9af8b400e59913d,39,2020-01-16 21:04:23,2020-01-17 01:06:20,2020-01-16 22:56:52,0.863,2_39_79_380_2020-01-16 21:04:22.726192,2,CA-489,2-39-79-380,America/Los_Angeles,,,,,,,,,,,,,,,,,,4.0325,0 days 04:01:57,0 days 02:09:28,"Drizzle, not freezing, continuous",1,1-2
395,5e36264cf9af8b400e59913e,39,2020-01-16 21:12:10,2020-01-17 00:21:47,2020-01-16 22:37:09,4.862,2_39_90_440_2020-01-16 21:12:09.767097,2,CA-500,2-39-90-440,America/Los_Angeles,1091.0,300.0,9.0,30.0,139.0,"Thu, 16 Jan 2020 21:13:20 GMT",True,"Thu, 16 Jan 2020 23:31:10 GMT",1091.0,,,,,,,,,3.160277777777778,0 days 03:09:37,0 days 01:44:38,"Drizzle, not freezing, continuous",0,0-1
396,5e36264cf9af8b400e59913f,39,2020-01-16 21:21:29,2020-01-17 00:49:14,2020-01-17 00:48:26,21.544,2_39_139_28_2020-01-16 21:21:20.683421,2,CA-303,2-39-139-28,America/Los_Angeles,1316.0,400.0,44.0,110.0,210.0,"Thu, 16 Jan 2020 21:21:29 GMT",True,"Fri, 17 Jan 2020 00:51:29 GMT",1316.0,,,,,,,,,3.4625,0 days 03:27:45,0 days 00:00:48,"Drizzle, not freezing, continuous",0,0-1
397,5e36264cf9af8b400e599140,39,2020-01-16 21:48:46,2020-01-17 01:55:31,2020-01-16 23:16:02,4.837,2_39_138_29_2020-01-16 21:48:45.862202,2,CA-304,2-39-138-29,America/Los_Angeles,3556.0,500.0,40.0,80.0,599.0,"Thu, 16 Jan 2020 21:49:10 GMT",True,"Fri, 17 Jan 2020 07:47:46 GMT",3556.0,,,,,,,,,4.1125,0 days 04:06:45,0 days 02:39:29,"Drizzle, not freezing, continuous",1,1-2
398,5e36264cf9af8b400e599141,39,2020-01-16 22:15:01,2020-01-17 00:30:42,2020-01-16 22:56:59,0.932,2_39_91_441_2020-01-16 22:15:00.958045,2,CA-499,2-39-91-441,America/Los_Angeles,,,,,,,,,,,,,,,,,,2.261388888888889,0 days 02:15:41,0 days 01:33:43,"Drizzle, not freezing, continuous",0,0-1
399,5e36264cf9af8b400e599142,39,2020-01-16 22:24:03,2020-01-17 00:07:03,2020-01-16 23:42:32,8.183,2_39_124_22_2020-01-16 22:24:03.432790,2,CA-312,2-39-124-22,America/Los_Angeles,1912.0,400.0,20.0,50.0,493.0,"Thu, 16 Jan 2020 22:24:05 GMT",True,"Fri, 17 Jan 2020 06:37:03 GMT",1912.0,400.0,20.0,50.0,145.0,"Thu, 16 Jan 2020 22:24:35 GMT",True,"Fri, 17 Jan 2020 00:49:03 GMT",1912.0,1.7166666666666666,0 days 01:43:00,0 days 00:24:31,"Drizzle, not freezing, continuous",0,0-1
400,5e36264cf9af8b400e599143,39,2020-01-16 22:35:18,2020-01-17 01:45:34,2020-01-16 23:57:55,4.021,2_39_88_24_2020-01-16 22:35:18.438334,2,CA-314,2-39-88-24,America/Los_Angeles,1366.0,400.0,8.0,20.0,60.0,"Thu, 16 Jan 2020 22:35:35 GMT",True,"Thu, 16 Jan 2020 23:35:18 GMT",1366.0,,,,,,,,,3.171111111111111,0 days 03:10:16,0 days 01:47:39,"Drizzle, not freezing, continuous",1,1-2
401,5e36264cf9af8b400e599144,39,2020-01-16 23:56:18,2020-01-17 04:10:21,2020-01-17 01:11:18,3.739,2_39_90_26_2020-01-16 23:56:17.704534,2,CA-316,2-39-90-26,America/Los_Angeles,1920.0,450.0,13.5,30.0,136.0,"Thu, 16 Jan 2020 23:56:49 GMT",True,"Fri, 17 Jan 2020 02:12:18 GMT",1920.0,450.0,13.5,30.0,136.0,"Thu, 16 Jan 2020 23:57:04 GMT",True,"Fri, 17 Jan 2020 02:12:18 GMT",1920.0,4.234166666666667,0 days 04:14:03,0 days 02:59:03,"Drizzle, not freezing, continuous",4,4-5
402,5e36264cf9af8b400e599145,39,2020-01-17 00:40:35,2020-01-17 01:51:11,2020-01-17 01:51:03,7.716,2_39_130_31_2020-01-17 00:40:34.588954,2,CA-306,2-39-130-31,America/Los_Angeles,4011.0,375.0,15.0,40.0,151.0,"Fri, 17 Jan 2020 00:41:47 GMT",True,"Fri, 17 Jan 2020 03:11:35 GMT",4011.0,375.0,15.0,40.0,151.0,"Fri, 17 Jan 2020 01:50:50 GMT",True,"Fri, 17 Jan 2020 03:11:35 GMT",4011.0,1.1766666666666667,0 days 01:10:36,0 days 00:00:08,"Drizzle, not freezing, continuous",1,1-2
403,5e36264cf9af8b400e599146,39,2020-01-17 01:22:32,2020-01-17 04:29:31,2020-01-17 02:39:21,4.128,2_39_139_28_2020-01-17 01:22:31.740797,2,CA-303,2-39-139-28,America/Los_Angeles,567.0,400.0,8.0,20.0,459.0,"Fri, 17 Jan 2020 01:22:32 GMT",True,"Fri, 17 Jan 2020 09:01:32 GMT",567.0,400.0,8.0,20.0,100.0,"Fri, 17 Jan 2020 01:22:49 GMT",True,"Fri, 17 Jan 2020 03:02:32 GMT",567.0,3.116388888888889,0 days 03:06:59,0 days 01:50:10,"Drizzle, not freezing, continuous",4,4-5
404,5e36264cf9af8b400e599147,39,2020-01-17 01:46:17,2020-01-17 03:01:49,2020-01-17 02:31:32,3.883,2_39_125_21_2020-01-17 01:46:17.215199,2,CA-311,2-39-125-21,America/Los_Angeles,3123.0,400.0,4.0,10.0,154.0,"Fri, 17 Jan 2020 01:46:21 GMT",True,"Fri, 17 Jan 2020 04:20:17 GMT",3123.0,,,,,,,,,1.258888888888889,0 days 01:15:32,0 days 00:30:17,"Drizzle, not freezing, continuous",3,3-4
405,5e36264cf9af8b400e599148,39,2020-01-17 02:13:46,2020-01-17 06:09:09,2020-01-17 06:09:04,13.85,2_39_131_30_2020-01-17 02:13:45.606637,2,CA-305,2-39-131-30,America/Los_Angeles,1108.0,400.0,20.0,50.0,258.0,"Fri, 17 Jan 2020 02:13:53 GMT",True,"Fri, 17 Jan 2020 06:31:46 GMT",1108.0,,,,,,,,,3.9230555555555555,0 days 03:55:23,0 days 00:00:05,"Drizzle, not freezing, continuous",6,6-7
406,5e36264cf9af8b400e599149,39,2020-01-17 04:21:19,2020-01-17 05:44:44,2020-01-17 05:44:39,9.503,2_39_138_29_2020-01-17 04:21:19.496669,2,CA-304,2-39-138-29,America/Los_Angeles,1263.0,400.0,12.0,30.0,115.0,"Fri, 17 Jan 2020 04:22:04 GMT",True,"Fri, 17 Jan 2020 06:16:19 GMT",1263.0,,,,,,,,,1.3902777777777777,0 days 01:23:25,0 days 00:00:05,"Drizzle, not freezing, continuous",5,5-6
407,5e36264cf9af8b400e59914a,39,2020-01-17 06:20:54,2020-01-17 23:49:27,2020-01-17 13:50:00,48.767,2_39_139_28_2020-01-17 06:20:54.028270,2,CA-303,2-39-139-28,America/Los_Angeles,67.0,250.0,60.0,240.0,720.0,"Fri, 17 Jan 2020 06:21:12 GMT",True,"Fri, 17 Jan 2020 18:20:54 GMT",67.0,,,,,,,,,17.475833333333334,0 days 17:28:33,0 days 09:59:27,"Drizzle, not freezing, continuous",23,23-24
408,5e3777b1f9af8b44146ccf73,39,2020-01-17 14:57:46,2020-01-18 01:00:53,2020-01-17 16:12:37,3.628,2_39_89_25_2020-01-17 14:57:45.725587,2,CA-315,2-39-89-25,America/Los_Angeles,743.0,400.0,8.0,20.0,478.0,"Fri, 17 Jan 2020 14:57:58 GMT",True,"Fri, 17 Jan 2020 22:55:46 GMT",743.0,400.0,8.0,20.0,201.0,"Fri, 17 Jan 2020 17:20:03 GMT",True,"Fri, 17 Jan 2020 18:18:46 GMT",743.0,10.051944444444445,0 days 10:03:07,0 days 08:48:16,"Drizzle, not freezing, continuous",1,1-2
409,5e3777b1f9af8b44146ccf74,39,2020-01-17 16:12:49,2020-01-17 20:37:18,2020-01-17 20:38:17,0.969,2_39_79_380_2020-01-17 16:12:49.454778,2,CA-489,2-39-79-380,America/Los_Angeles,,,,,,,,,,,,,,,,,,4.408055555555555,0 days 04:24:29,-1 days +23:59:01,"Drizzle, not freezing, continuous",20,20-21
410,5e3777b1f9af8b44146ccf75,39,2020-01-17 16:13:58,2020-01-18 00:58:37,2020-01-17 19:58:28,12.938,2_39_129_17_2020-01-17 16:13:50.917644,2,CA-307,2-39-129-17,America/Los_Angeles,4947.0,380.0,15.2,40.0,462.0,"Fri, 17 Jan 2020 16:13:58 GMT",True,"Fri, 17 Jan 2020 23:55:58 GMT",4947.0,,,,,,,,,8.744166666666667,0 days 08:44:39,0 days 05:00:09,"Drizzle, not freezing, continuous",0,0-1
411,5e3777b1f9af8b44146ccf76,39,2020-01-17 16:16:46,2020-01-18 01:40:29,2020-01-18 00:29:20,24.862,2_39_78_366_2020-01-17 16:16:45.851191,2,CA-323,2-39-78-366,America/Los_Angeles,3853.0,360.0,36.0,100.0,490.0,"Fri, 17 Jan 2020 16:17:00 GMT",True,"Sat, 18 Jan 2020 00:26:46 GMT",3853.0,,,,,,,,,9.395277777777778,0 days 09:23:43,0 days 01:11:09,"Drizzle, not freezing, continuous",1,1-2
412,5e3777b1f9af8b44146ccf77,39,2020-01-17 16:25:53,2020-01-17 19:59:17,2020-01-17 17:56:31,8.446,2_39_91_437_2020-01-17 16:25:52.871874,2,CA-317,2-39-91-437,America/Los_Angeles,431.0,400.0,28.0,70.0,361.0,"Fri, 17 Jan 2020 16:26:11 GMT",True,"Fri, 17 Jan 2020 22:26:53 GMT",431.0,,,,,,,,,3.5566666666666666,0 days 03:33:24,0 days 02:02:46,"Drizzle, not freezing, continuous",19,19-20
413,5e3777b1f9af8b44146ccf78,39,2020-01-17 16:31:38,2020-01-18 00:45:18,2020-01-18 00:15:43,5.695,2_39_78_365_2020-01-17 16:31:38.214991,2,CA-321,2-39-78-365,America/Los_Angeles,634.0,300.0,6.0,20.0,454.0,"Fri, 17 Jan 2020 16:32:06 GMT",True,"Sat, 18 Jan 2020 00:05:38 GMT",634.0,,,,,,,,,8.227777777777778,0 days 08:13:40,0 days 00:29:35,"Drizzle, not freezing, continuous",0,0-1
414,5e3777b1f9af8b44146ccf79,39,2020-01-17 16:32:09,2020-01-18 01:19:09,2020-01-17 16:58:53,1.632,2_39_79_379_2020-01-17 16:32:09.250848,2,CA-327,2-39-79-379,America/Los_Angeles,751.0,400.0,40.0,100.0,590.0,"Fri, 17 Jan 2020 16:33:02 GMT",True,"Sat, 18 Jan 2020 02:22:09 GMT",751.0,,,,,,,,,8.783333333333333,0 days 08:47:00,0 days 08:20:16,"Drizzle, not freezing, continuous",1,1-2
415,5e3777b1f9af8b44146ccf7a,39,2020-01-17 16:34:12,2020-01-17 16:47:24,2020-01-17 16:47:23,1.33,2_39_78_361_2020-01-17 16:34:11.787807,2,CA-493,2-39-78-361,America/Los_Angeles,1470.0,292.0,23.36,80.0,418.0,"Fri, 17 Jan 2020 16:34:18 GMT",True,"Fri, 17 Jan 2020 23:32:12 GMT",1470.0,,,,,,,,,0.22,0 days 00:13:12,0 days 00:00:01,"Drizzle, not freezing, continuous",16,16-17
416,5e3777b1f9af8b44146ccf7b,39,2020-01-17 16:35:25,2020-01-18 02:25:08,2020-01-17 17:17:30,1.782,2_39_138_29_2020-01-17 16:35:24.696274,2,CA-304,2-39-138-29,America/Los_Angeles,1366.0,400.0,8.0,20.0,60.0,"Fri, 17 Jan 2020 16:35:47 GMT",True,"Fri, 17 Jan 2020 17:35:25 GMT",1366.0,,,,,,,,,9.828611111111112,0 days 09:49:43,0 days 09:07:38,"Drizzle, not freezing, continuous",2,2-3
417,5e3777b1f9af8b44146ccf7c,39,2020-01-17 16:46:04,2020-01-17 20:13:37,2020-01-17 18:28:51,5.236,2_39_127_19_2020-01-17 16:46:04.378536,2,CA-309,2-39-127-19,America/Los_Angeles,562.0,325.0,6.5,20.0,181.0,"Fri, 17 Jan 2020 16:46:45 GMT",True,"Fri, 17 Jan 2020 19:47:04 GMT",562.0,,,,,,,,,3.4591666666666665,0 days 03:27:33,0 days 01:44:46,"Drizzle, not freezing, continuous",20,20-21
418,5e3777b1f9af8b44146ccf7d,39,2020-01-17 17:04:51,2020-01-17 22:27:38,2020-01-17 22:28:35,0.905,2_39_78_361_2020-01-17 17:04:51.215510,2,CA-493,2-39-78-361,America/Los_Angeles,1470.0,292.0,23.36,80.0,259.0,"Fri, 17 Jan 2020 22:27:20 GMT",True,"Fri, 17 Jan 2020 21:23:51 GMT",1470.0,,,,,,,,,5.379722222222222,0 days 05:22:47,-1 days +23:59:03,"Drizzle, not freezing, continuous",22,22-23
419,5e3777b1f9af8b44146ccf7e,39,2020-01-17 17:05:09,2020-01-18 02:23:25,2020-01-17 22:22:53,20.449,2_39_79_378_2020-01-17 17:05:08.685531,2,CA-326,2-39-79-378,America/Los_Angeles,564.0,231.0,20.79,90.0,562.0,"Fri, 17 Jan 2020 17:05:40 GMT",True,"Sat, 18 Jan 2020 02:27:09 GMT",564.0,231.0,27.72,120.0,568.0,"Fri, 17 Jan 2020 17:14:00 GMT",True,"Sat, 18 Jan 2020 02:33:09 GMT",564.0,9.304444444444444,0 days 09:18:16,0 days 04:00:32,"Drizzle, not freezing, continuous",2,2-3
420,5e3777b1f9af8b44146ccf7f,39,2020-01-17 17:08:12,2020-01-18 01:10:25,2020-01-17 19:38:08,7.747,2_39_126_20_2020-01-17 17:08:12.035271,2,CA-310,2-39-126-20,America/Los_Angeles,620.0,400.0,12.0,30.0,445.0,"Fri, 17 Jan 2020 17:08:44 GMT",True,"Sat, 18 Jan 2020 00:33:12 GMT",620.0,,,,,,,,,8.036944444444444,0 days 08:02:13,0 days 05:32:17,"Drizzle, not freezing, continuous",1,1-2
421,5e3777b1f9af8b44146ccf80,39,2020-01-17 17:14:19,2020-01-18 02:07:06,2020-01-17 22:33:47,15.179,2_39_78_363_2020-01-17 17:14:19.446690,2,CA-320,2-39-78-363,America/Los_Angeles,714.0,400.0,24.0,60.0,361.0,"Fri, 17 Jan 2020 17:14:58 GMT",True,"Fri, 17 Jan 2020 23:15:19 GMT",714.0,,,,,,,,,8.879722222222222,0 days 08:52:47,0 days 03:33:19,"Drizzle, not freezing, continuous",2,2-3
422,5e3777b1f9af8b44146ccf81,39,2020-01-17 17:25:24,2020-01-18 01:31:10,2020-01-17 22:29:33,17.764,2_39_92_436_2020-01-17 17:25:08.610068,2,CA-318,2-39-92-436,America/Los_Angeles,2961.0,400.0,40.0,100.0,60.0,"Fri, 17 Jan 2020 17:25:24 GMT",True,"Fri, 17 Jan 2020 18:25:24 GMT",2961.0,,,,,,,,,8.096111111111112,0 days 08:05:46,0 days 03:01:37,"Drizzle, not freezing, continuous",1,1-2
423,5e3777b1f9af8b44146ccf82,39,2020-01-17 17:34:47,2020-01-18 01:17:45,2020-01-18 01:17:40,11.171,2_39_79_382_2020-01-17 17:34:47.009518,2,CA-491,2-39-79-382,America/Los_Angeles,2149.0,250.0,15.0,60.0,435.0,"Fri, 17 Jan 2020 17:35:13 GMT",True,"Sat, 18 Jan 2020 00:49:47 GMT",2149.0,,,,,,,,,7.716111111111111,0 days 07:42:58,0 days 00:00:05,"Drizzle, not freezing, continuous",1,1-2
424,5e3777b1f9af8b44146ccf83,39,2020-01-17 17:44:40,2020-01-18 01:53:34,2020-01-17 19:01:14,3.69,2_39_128_18_2020-01-17 17:44:39.824714,2,CA-308,2-39-128-18,America/Los_Angeles,567.0,400.0,8.0,20.0,100.0,"Fri, 17 Jan 2020 17:44:59 GMT",True,"Fri, 17 Jan 2020 19:24:40 GMT",567.0,,,,,,,,,8.148333333333333,0 days 08:08:54,0 days 06:52:20,"Drizzle, not freezing, continuous",1,1-2
425,5e3777b1f9af8b44146ccf84,39,2020-01-17 17:46:50,2020-01-17 20:47:51,2020-01-17 19:55:41,6.289,2_39_125_21_2020-01-17 17:46:28.873086,2,CA-311,2-39-125-21,America/Los_Angeles,5594.0,360.0,9.0,25.0,235.0,"Fri, 17 Jan 2020 17:46:49 GMT",True,"Fri, 17 Jan 2020 21:41:50 GMT",5594.0,360.0,9.0,25.0,235.0,"Fri, 17 Jan 2020 17:47:44 GMT",True,"Fri, 17 Jan 2020 21:41:50 GMT",5594.0,3.0169444444444444,0 days 03:01:01,0 days 00:52:10,"Drizzle, not freezing, continuous",20,20-21
426,5e3777b1f9af8b44146ccf85,39,2020-01-17 17:48:14,2020-01-18 01:20:28,2020-01-17 22:24:38,12.955,2_39_78_364_2020-01-17 17:48:13.929312,2,CA-495,2-39-78-364,America/Los_Angeles,69.0,400.0,40.0,100.0,363.0,"Fri, 17 Jan 2020 17:48:32 GMT",True,"Fri, 17 Jan 2020 23:51:14 GMT",69.0,,,,,,,,,7.537222222222222,0 days 07:32:14,0 days 02:55:50,"Drizzle, not freezing, continuous",1,1-2
427,5e3777b1f9af8b44146ccf86,39,2020-01-17 17:48:19,2020-01-18 03:13:45,2020-01-17 20:11:13,11.834,2_39_78_360_2020-01-17 17:48:18.972821,2,CA-322,2-39-78-360,America/Los_Angeles,558.0,400.0,28.0,70.0,60.0,"Fri, 17 Jan 2020 17:48:24 GMT",True,"Fri, 17 Jan 2020 18:48:19 GMT",558.0,,,,,,,,,9.42388888888889,0 days 09:25:26,0 days 07:02:32,"Drizzle, not freezing, continuous",3,3-4
428,5e3777b1f9af8b44146ccf87,39,2020-01-17 17:50:24,2020-01-17 23:50:30,2020-01-17 22:37:03,20.497,2_39_79_376_2020-01-17 17:50:23.780926,2,CA-324,2-39-79-376,America/Los_Angeles,515.0,400.0,32.0,80.0,144.0,"Fri, 17 Jan 2020 17:52:14 GMT",True,"Fri, 17 Jan 2020 20:14:24 GMT",515.0,400.0,32.0,80.0,144.0,"Fri, 17 Jan 2020 17:52:33 GMT",True,"Fri, 17 Jan 2020 20:14:24 GMT",515.0,6.001666666666667,0 days 06:00:06,0 days 01:13:27,"Drizzle, not freezing, continuous",23,23-24
429,5e3777b1f9af8b44146ccf88,39,2020-01-17 17:50:57,2020-01-18 01:28:47,2020-01-17 19:46:16,11.761,2_39_79_377_2020-01-17 17:50:56.957473,2,CA-325,2-39-79-377,America/Los_Angeles,1274.0,400.0,16.0,40.0,171.0,"Fri, 17 Jan 2020 17:52:06 GMT",True,"Fri, 17 Jan 2020 20:41:57 GMT",1274.0,,,,,,,,,7.6305555555555555,0 days 07:37:50,0 days 05:42:31,"Drizzle, not freezing, continuous",1,1-2
430,5e3777b1f9af8b44146ccf89,39,2020-01-17 18:08:23,2020-01-18 01:54:11,2020-01-17 20:41:05,8.062,2_39_95_27_2020-01-17 18:08:23.376343,2,CA-319,2-39-95-27,America/Los_Angeles,2170.0,400.0,20.0,50.0,183.0,"Fri, 17 Jan 2020 18:08:39 GMT",True,"Fri, 17 Jan 2020 21:11:23 GMT",2170.0,,,,,,,,,7.763333333333334,0 days 07:45:48,0 days 05:13:06,"Drizzle, not freezing, continuous",1,1-2
431,5e3777b1f9af8b44146ccf8a,39,2020-01-17 18:12:48,2020-01-18 01:58:07,2020-01-17 20:17:34,11.874,2_39_92_442_2020-01-17 18:12:47.553393,2,CA-498,2-39-92-442,America/Los_Angeles,1095.0,400.0,16.0,40.0,444.0,"Fri, 17 Jan 2020 18:13:03 GMT",True,"Sat, 18 Jan 2020 01:36:48 GMT",1095.0,,,,,,,,,7.755277777777778,0 days 07:45:19,0 days 05:40:33,"Drizzle, not freezing, continuous",1,1-2
432,5e3777b1f9af8b44146ccf8b,39,2020-01-17 18:29:05,2020-01-17 21:53:26,2020-01-17 21:36:23,19.884,2_39_91_441_2020-01-17 18:29:05.043699,2,CA-499,2-39-91-441,America/Los_Angeles,832.0,400.0,20.0,50.0,199.0,"Fri, 17 Jan 2020 18:30:00 GMT",True,"Fri, 17 Jan 2020 21:48:05 GMT",832.0,,,,,,,,,3.4058333333333333,0 days 03:24:21,0 days 00:17:03,"Drizzle, not freezing, continuous",21,21-22
433,5e3777b1f9af8b44146ccf8c,39,2020-01-17 20:37:37,2020-01-17 21:15:51,2020-01-17 21:07:58,0.808,2_39_79_380_2020-01-17 20:37:37.509183,2,CA-489,2-39-79-380,America/Los_Angeles,,,,,,,,,,,,,,,,,,0.6372222222222222,0 days 00:38:14,0 days 00:07:53,"Drizzle, not freezing, continuous",21,21-22
434,5e3777b1f9af8b44146ccf8d,39,2020-01-17 21:07:47,2020-01-17 23:57:38,2020-01-17 22:16:56,1.798,2_39_91_437_2020-01-17 21:07:46.515869,2,CA-317,2-39-91-437,America/Los_Angeles,560.0,400.0,12.0,30.0,258.0,"Fri, 17 Jan 2020 21:08:01 GMT",True,"Sat, 18 Jan 2020 01:25:47 GMT",560.0,,,,,,,,,2.8308333333333335,0 days 02:49:51,0 days 01:40:42,"Drizzle, not freezing, continuous",23,23-24
435,5e3777b1f9af8b44146ccf8e,39,2020-01-17 21:10:12,2020-01-18 02:41:21,2020-01-17 23:06:46,6.345,2_39_90_26_2020-01-17 21:10:11.605341,2,CA-316,2-39-90-26,America/Los_Angeles,1124.0,400.0,8.0,20.0,60.0,"Fri, 17 Jan 2020 21:10:25 GMT",True,"Fri, 17 Jan 2020 22:10:12 GMT",1124.0,,,,,,,,,5.519166666666667,0 days 05:31:09,0 days 03:34:35,"Drizzle, not freezing, continuous",2,2-3
436,5e3777b1f9af8b44146ccf8f,39,2020-01-17 22:27:43,2020-01-18 00:47:03,2020-01-18 00:30:17,10.541,2_39_78_361_2020-01-17 22:27:42.863588,2,CA-493,2-39-78-361,America/Los_Angeles,1470.0,292.0,23.36,80.0,224.0,"Fri, 17 Jan 2020 22:28:23 GMT",True,"Sat, 18 Jan 2020 02:11:43 GMT",1470.0,,,,,,,,,2.3222222222222224,0 days 02:19:20,0 days 00:16:46,"Drizzle, not freezing, continuous",0,0-1
437,5e3777b1f9af8b44146ccf90,39,2020-01-18 00:41:20,2020-01-18 02:32:20,2020-01-18 01:12:00,0.896,2_39_139_28_2020-01-18 00:41:20.198903,2,CA-303,2-39-139-28,America/Los_Angeles,,,,,,,,,,,,,,,,,,1.85,0 days 01:51:00,0 days 01:20:20,"Drizzle, not freezing, continuous",2,2-3
438,5e3777b1f9af8b44146ccf91,39,2020-01-18 01:16:25,2020-01-18 01:40:43,2020-01-18 01:40:35,1.39,2_39_129_17_2020-01-18 01:16:25.109731,2,CA-307,2-39-129-17,America/Los_Angeles,5368.0,400.0,8.0,20.0,60.0,"Sat, 18 Jan 2020 01:18:20 GMT",True,"Sat, 18 Jan 2020 02:16:25 GMT",5368.0,,,,,,,,,0.405,0 days 00:24:18,0 days 00:00:08,"Drizzle, not freezing, continuous",1,1-2
439,5e3777b1f9af8b44146ccf92,39,2020-01-18 01:22:55,2020-01-18 03:09:34,2020-01-18 02:00:48,1.779,2_39_127_19_2020-01-18 01:22:54.568745,2,CA-309,2-39-127-19,America/Los_Angeles,562.0,325.0,3.25,10.0,105.0,"Sat, 18 Jan 2020 01:23:32 GMT",True,"Sat, 18 Jan 2020 03:07:55 GMT",562.0,,,,,,,,,1.7775,0 days 01:46:39,0 days 01:08:46,"Drizzle, not freezing, continuous",3,3-4
440,5e3777b1f9af8b44146ccf93,39,2020-01-18 03:25:06,2020-01-18 19:28:47,2020-01-18 14:37:10,39.954,2_39_79_377_2020-01-18 03:25:06.143177,2,CA-325,2-39-79-377,America/Los_Angeles,1509.0,400.0,40.0,100.0,658.0,"Sat, 18 Jan 2020 03:27:46 GMT",True,"Sat, 18 Jan 2020 14:23:06 GMT",1509.0,,,,,,,,,16.06138888888889,0 days 16:03:41,0 days 04:51:37,"Drizzle, not freezing, continuous",19,19-20
441,5e38c91bf9af8b483237e296,39,2020-01-18 18:34:03,2020-01-18 18:59:12,2020-01-18 18:58:56,0.64,2_39_128_18_2020-01-18 18:34:02.793274,2,CA-308,2-39-128-18,America/Los_Angeles,,,,,,,,,,,,,,,,,,0.4191666666666667,0 days 00:25:09,0 days 00:00:16,"Drizzle, not freezing, continuous",18,18-19
442,5e38c91bf9af8b483237e297,39,2020-01-18 18:48:29,2020-01-18 21:06:04,2020-01-18 20:09:58,3.959,2_39_89_25_2020-01-18 18:48:29.195003,2,CA-315,2-39-89-25,America/Los_Angeles,743.0,400.0,8.0,20.0,86.0,"Sat, 18 Jan 2020 18:48:44 GMT",True,"Sat, 18 Jan 2020 20:14:29 GMT",743.0,,,,,,,,,2.2930555555555556,0 days 02:17:35,0 days 00:56:06,"Drizzle, not freezing, continuous",21,21-22
443,5e38c91bf9af8b483237e298,39,2020-01-18 20:19:49,2020-01-18 22:17:14,2020-01-18 22:14:24,5.862,2_39_127_19_2020-01-18 20:19:48.669500,2,CA-309,2-39-127-19,America/Los_Angeles,4622.0,300.0,6.0,20.0,129.0,"Sat, 18 Jan 2020 20:19:58 GMT",True,"Sat, 18 Jan 2020 22:28:49 GMT",4622.0,300.0,6.0,20.0,129.0,"Sat, 18 Jan 2020 20:20:10 GMT",True,"Sat, 18 Jan 2020 22:28:49 GMT",4622.0,1.9569444444444444,0 days 01:57:25,0 days 00:02:50,"Drizzle, not freezing, continuous",22,22-23
444,5e38c91bf9af8b483237e299,39,2020-01-18 22:43:59,2020-01-18 23:17:36,2020-01-18 23:14:22,0.903,2_39_127_19_2020-01-18 22:43:58.512562,2,CA-309,2-39-127-19,America/Los_Angeles,,,,,,,,,,,,,,,,,,0.5602777777777778,0 days 00:33:37,0 days 00:03:14,"Drizzle, not freezing, continuous",23,23-24
445,5e38c91bf9af8b483237e29a,39,2020-01-18 23:31:24,2020-01-19 01:41:42,2020-01-19 01:09:58,5.122,2_39_129_17_2020-01-18 23:31:23.843017,2,CA-307,2-39-129-17,America/Los_Angeles,1920.0,450.0,13.5,30.0,155.0,"Sat, 18 Jan 2020 23:31:57 GMT",True,"Sun, 19 Jan 2020 02:06:24 GMT",1920.0,450.0,13.5,30.0,155.0,"Sat, 18 Jan 2020 23:32:12 GMT",True,"Sun, 19 Jan 2020 02:06:24 GMT",1920.0,2.171666666666667,0 days 02:10:18,0 days 00:31:44,Clouds generally forming or developing,1,1-2
446,5e3a1a9ef9af8b4c0698288e,39,2020-01-19 10:00:05,2020-01-19 17:03:51,2020-01-19 11:51:32,5.761,2_39_138_29_2020-01-19 10:00:05.502046,2,CA-304,2-39-138-29,America/Los_Angeles,1366.0,400.0,8.0,20.0,60.0,"Sun, 19 Jan 2020 10:00:20 GMT",True,"Sun, 19 Jan 2020 11:00:05 GMT",1366.0,,,,,,,,,7.062777777777778,0 days 07:03:46,0 days 05:12:19,Clouds generally forming or developing,17,17-18
447,5e3a1a9ef9af8b4c0698288f,39,2020-01-19 18:22:12,2020-01-19 20:06:18,2020-01-19 20:00:07,4.848,2_39_89_25_2020-01-19 18:22:11.650855,2,CA-315,2-39-89-25,America/Los_Angeles,743.0,400.0,8.0,20.0,48.0,"Sun, 19 Jan 2020 18:22:55 GMT",True,"Sun, 19 Jan 2020 19:10:12 GMT",743.0,,,,,,,,,1.735,0 days 01:44:06,0 days 00:06:11,Clouds generally forming or developing,20,20-21
448,5e3a1a9ef9af8b4c06982890,39,2020-01-19 20:48:12,2020-01-19 23:33:23,2020-01-19 23:33:18,9.755,2_39_89_25_2020-01-19 20:48:11.876833,2,CA-315,2-39-89-25,America/Los_Angeles,1108.0,400.0,20.0,50.0,174.0,"Sun, 19 Jan 2020 20:48:16 GMT",True,"Sun, 19 Jan 2020 23:42:12 GMT",1108.0,400.0,20.0,50.0,204.0,"Sun, 19 Jan 2020 23:26:32 GMT",True,"Mon, 20 Jan 2020 00:12:12 GMT",1108.0,2.7530555555555556,0 days 02:45:11,0 days 00:00:05,Clouds generally forming or developing,23,23-24
449,5e3a1a9ef9af8b4c06982891,39,2020-01-19 21:48:01,2020-01-20 01:52:56,2020-01-19 23:53:54,6.491,2_39_95_27_2020-01-19 21:47:19.093548,2,CA-319,2-39-95-27,America/Los_Angeles,5594.0,360.0,7.2,20.0,210.0,"Sun, 19 Jan 2020 21:48:01 GMT",True,"Mon, 20 Jan 2020 01:18:01 GMT",5594.0,360.0,7.2,20.0,65.0,"Sun, 19 Jan 2020 23:19:59 GMT",True,"Sun, 19 Jan 2020 22:53:01 GMT",5594.0,4.081944444444445,0 days 04:04:55,0 days 01:59:02,Clouds generally forming or developing,1,1-2
450,5e3a1a9ef9af8b4c06982892,39,2020-01-20 01:12:18,2020-01-20 02:57:32,2020-01-20 02:57:27,10.846,2_39_126_20_2020-01-20 01:11:58.680907,2,CA-310,2-39-126-20,America/Los_Angeles,1099.0,400.0,28.0,70.0,138.0,"Mon, 20 Jan 2020 01:12:18 GMT",True,"Mon, 20 Jan 2020 03:30:18 GMT",1099.0,,,,,,,,,1.7538888888888888,0 days 01:45:14,0 days 00:00:05,Clouds generally forming or developing,2,2-3
451,5e3a1a9ef9af8b4c06982893,39,2020-01-20 02:07:23,2020-01-20 02:38:55,2020-01-20 02:39:53,0.884,2_39_131_30_2020-01-20 02:07:23.012435,2,CA-305,2-39-131-30,America/Los_Angeles,,,,,,,,,,,,,,,,,,0.5255555555555556,0 days 00:31:32,-1 days +23:59:02,Clouds generally forming or developing,2,2-3
452,5e3a1a9ef9af8b4c06982894,39,2020-01-20 04:24:19,2020-01-21 01:24:06,2020-01-20 14:53:01,0.989,2_39_131_30_2020-01-20 04:24:19.359783,2,CA-305,2-39-131-30,America/Los_Angeles,,,,,,,,,,,,,,,,,,20.996388888888887,0 days 20:59:47,0 days 10:31:05,"Drizzle, not freezing, continuous",1,1-2
453,5e3b6c1ef9af8b51c8775738,39,2020-01-20 17:11:24,2020-01-20 18:33:18,2020-01-20 18:27:58,7.868,2_39_139_28_2020-01-20 17:11:24.084193,2,CA-303,2-39-139-28,America/Los_Angeles,818.0,400.0,8.0,20.0,97.0,"Mon, 20 Jan 2020 17:12:43 GMT",True,"Mon, 20 Jan 2020 18:48:24 GMT",818.0,,,,,,,,,1.365,0 days 01:21:54,0 days 00:05:20,Clouds generally forming or developing,18,18-19
454,5e3b6c1ef9af8b51c8775739,39,2020-01-20 17:12:54,2020-01-20 21:03:37,2020-01-20 17:43:21,0.837,2_39_79_379_2020-01-20 17:12:53.559105,2,CA-327,2-39-79-379,America/Los_Angeles,,,,,,,,,,,,,,,,,,3.8452777777777776,0 days 03:50:43,0 days 03:20:16,Clouds generally forming or developing,21,21-22
455,5e3b6c1ef9af8b51c877573a,39,2020-01-20 17:29:13,2020-01-21 00:31:47,2020-01-21 00:31:43,47.603,2_39_138_29_2020-01-20 17:29:12.542096,2,CA-304,2-39-138-29,America/Los_Angeles,3424.0,295.0,59.0,200.0,484.0,"Mon, 20 Jan 2020 17:29:35 GMT",True,"Tue, 21 Jan 2020 01:33:13 GMT",3424.0,,,,,,,,,7.042777777777777,0 days 07:02:34,0 days 00:00:04,"Drizzle, not freezing, continuous",0,0-1
456,5e3b6c1ef9af8b51c877573b,39,2020-01-20 17:49:24,2020-01-21 01:21:24,2020-01-20 18:19:32,0.823,2_39_83_386_2020-01-20 17:49:23.897339,2,CA-212,2-39-83-386,America/Los_Angeles,,,,,,,,,,,,,,,,,,7.533333333333333,0 days 07:32:00,0 days 07:01:52,"Drizzle, not freezing, continuous",1,1-2
457,5e3b6c1ef9af8b51c877573c,39,2020-01-20 18:01:49,2020-01-20 19:15:58,2020-01-20 18:51:24,4.279,2_39_129_17_2020-01-20 18:01:49.236574,2,CA-307,2-39-129-17,America/Los_Angeles,798.0,400.0,8.0,20.0,78.0,"Mon, 20 Jan 2020 18:02:24 GMT",True,"Mon, 20 Jan 2020 19:19:49 GMT",798.0,,,,,,,,,1.2358333333333333,0 days 01:14:09,0 days 00:24:34,Clouds generally forming or developing,19,19-20
458,5e3b6c1ef9af8b51c877573d,39,2020-01-20 18:37:18,2020-01-21 00:48:00,2020-01-20 19:07:58,0.846,2_39_127_19_2020-01-20 18:37:18.119888,2,CA-309,2-39-127-19,America/Los_Angeles,,,,,,,,,,,,,,,,,,6.178333333333334,0 days 06:10:42,0 days 05:40:02,"Drizzle, not freezing, continuous",0,0-1
459,5e3b6c1ef9af8b51c877573e,39,2020-01-20 18:48:48,2020-01-20 20:45:11,2020-01-20 19:19:16,0.892,2_39_139_28_2020-01-20 18:48:48.090790,2,CA-303,2-39-139-28,America/Los_Angeles,,,,,,,,,,,,,,,,,,1.9397222222222221,0 days 01:56:23,0 days 01:25:55,Clouds generally forming or developing,20,20-21
460,5e3b6c1ef9af8b51c877573f,39,2020-01-21 00:31:02,2020-01-21 02:18:29,2020-01-21 01:37:57,3.287,2_39_129_17_2020-01-21 00:31:02.350701,2,CA-307,2-39-129-17,America/Los_Angeles,1920.0,450.0,13.5,30.0,155.0,"Tue, 21 Jan 2020 00:31:18 GMT",True,"Tue, 21 Jan 2020 03:06:02 GMT",1920.0,450.0,13.5,30.0,155.0,"Tue, 21 Jan 2020 00:31:26 GMT",True,"Tue, 21 Jan 2020 03:06:02 GMT",1920.0,1.7908333333333333,0 days 01:47:27,0 days 00:40:32,"Drizzle, not freezing, continuous",2,2-3
461,5e3b6c1ef9af8b51c8775740,39,2020-01-21 01:14:58,2020-01-21 03:42:12,2020-01-21 02:28:42,7.32,2_39_125_21_2020-01-21 01:14:57.605548,2,CA-311,2-39-125-21,America/Los_Angeles,1099.0,400.0,20.0,50.0,138.0,"Tue, 21 Jan 2020 01:16:02 GMT",True,"Tue, 21 Jan 2020 03:32:58 GMT",1099.0,,,,,,,,,2.453888888888889,0 days 02:27:14,0 days 01:13:30,"Drizzle, not freezing, continuous",3,3-4
462,5e3b6c1ef9af8b51c8775741,39,2020-01-21 01:30:05,2020-01-21 02:39:03,2020-01-21 02:39:50,0.848,2_39_139_28_2020-01-21 01:30:05.377986,2,CA-303,2-39-139-28,America/Los_Angeles,,,,,,,,,,,,,,,,,,1.1494444444444445,0 days 01:08:58,-1 days +23:59:13,"Drizzle, not freezing, continuous",2,2-3
463,5e3b6c1ef9af8b51c8775742,39,2020-01-21 02:47:04,2020-01-21 04:32:52,2020-01-21 04:32:48,12.002,2_39_139_28_2020-01-21 02:47:03.823870,2,CA-303,2-39-139-28,America/Los_Angeles,675.0,400.0,24.0,60.0,248.0,"Tue, 21 Jan 2020 02:47:29 GMT",True,"Tue, 21 Jan 2020 06:55:04 GMT",675.0,,,,,,,,,1.7633333333333334,0 days 01:45:48,0 days 00:00:04,"Drizzle, not freezing, continuous",4,4-5
464,5e3cbdbdf9af8b0661a412f8,39,2020-01-21 14:51:31,2020-01-21 22:44:56,2020-01-21 16:27:20,10.289,2_39_79_383_2020-01-21 14:51:31.184574,2,CA-492,2-39-79-383,America/Los_Angeles,1470.0,292.0,23.36,80.0,224.0,"Tue, 21 Jan 2020 14:51:53 GMT",True,"Tue, 21 Jan 2020 18:35:31 GMT",1470.0,,,,,,,,,7.8902777777777775,0 days 07:53:25,0 days 06:17:36,"Drizzle, not freezing, continuous",22,22-23
465,5e3cbdbdf9af8b0661a412f9,39,2020-01-21 14:59:38,2020-01-24 19:55:28,2020-01-24 19:56:26,14.72,2_39_78_362_2020-01-21 14:59:38.176149,2,CA-496,2-39-78-362,America/Los_Angeles,4913.0,400.0,20.0,50.0,720.0,"Tue, 21 Jan 2020 15:00:14 GMT",True,"Wed, 22 Jan 2020 02:59:38 GMT",4913.0,,,,,,,,,76.93055555555556,3 days 04:55:50,-1 days +23:59:02,Clouds generally forming or developing,19,19-20
466,5e3cbdbdf9af8b0661a412fa,39,2020-01-21 15:00:37,2020-01-21 22:03:42,2020-01-21 17:57:40,17.616,2_39_95_27_2020-01-21 15:00:36.512280,2,CA-319,2-39-95-27,America/Los_Angeles,431.0,400.0,28.0,70.0,361.0,"Tue, 21 Jan 2020 15:01:15 GMT",True,"Tue, 21 Jan 2020 21:01:37 GMT",431.0,,,,,,,,,7.051388888888889,0 days 07:03:05,0 days 04:06:02,"Drizzle, not freezing, continuous",22,22-23
467,5e3cbdbdf9af8b0661a412fb,39,2020-01-21 15:56:21,2020-01-22 01:39:38,2020-01-21 17:49:14,4.775,2_39_79_382_2020-01-21 15:56:20.563765,2,CA-491,2-39-79-382,America/Los_Angeles,4701.0,300.0,12.0,40.0,400.0,"Tue, 21 Jan 2020 15:56:21 GMT",True,"Tue, 21 Jan 2020 22:36:21 GMT",4701.0,,,,,,,,,9.721388888888889,0 days 09:43:17,0 days 07:50:24,Clouds generally forming or developing,1,1-2
468,5e3cbdbdf9af8b0661a412fc,39,2020-01-21 16:01:21,2020-01-21 16:26:50,2020-01-21 16:26:45,0.671,2_39_79_380_2020-01-21 16:01:20.776546,2,CA-489,2-39-79-380,America/Los_Angeles,,,,,,,,,,,,,,,,,,0.4247222222222222,0 days 00:25:29,0 days 00:00:05,"Drizzle, not freezing, continuous",16,16-17
469,5e3cbdbdf9af8b0661a412fd,39,2020-01-21 16:16:30,2020-01-21 16:25:59,2020-01-21 16:25:57,1.013,2_39_78_366_2020-01-21 16:16:29.614528,2,CA-323,2-39-78-366,America/Los_Angeles,3853.0,360.0,54.0,150.0,523.0,"Tue, 21 Jan 2020 16:16:48 GMT",True,"Wed, 22 Jan 2020 00:59:30 GMT",3853.0,,,,,,,,,0.15805555555555556,0 days 00:09:29,0 days 00:00:02,"Drizzle, not freezing, continuous",16,16-17
470,5e3cbdbdf9af8b0661a412fe,39,2020-01-21 16:19:59,2020-01-22 01:26:17,2020-01-21 20:25:22,13.565,2_39_79_378_2020-01-21 16:19:41.392970,2,CA-326,2-39-79-378,America/Los_Angeles,2461.0,400.0,20.0,50.0,273.0,"Tue, 21 Jan 2020 16:19:58 GMT",True,"Tue, 21 Jan 2020 20:52:59 GMT",2461.0,,,,,,,,,9.105,0 days 09:06:18,0 days 05:00:55,Clouds generally forming or developing,1,1-2
471,5e3cbdbdf9af8b0661a412ff,39,2020-01-21 16:33:48,2020-01-22 01:15:21,2020-01-21 17:00:55,1.604,2_39_79_379_2020-01-21 16:33:47.733761,2,CA-327,2-39-79-379,America/Los_Angeles,751.0,400.0,40.0,100.0,590.0,"Tue, 21 Jan 2020 16:35:46 GMT",True,"Wed, 22 Jan 2020 02:23:48 GMT",751.0,,,,,,,,,8.6925,0 days 08:41:33,0 days 08:14:26,Clouds generally forming or developing,1,1-2
472,5e3cbdbdf9af8b0661a41300,39,2020-01-21 16:43:44,2020-01-22 01:50:23,2020-01-21 23:06:42,0.858,2_39_78_366_2020-01-21 16:43:43.676674,2,CA-323,2-39-78-366,America/Los_Angeles,,,,,,,,,,,,,,,,,,9.110833333333334,0 days 09:06:39,0 days 02:43:41,Clouds generally forming or developing,1,1-2
473,5e3cbdbdf9af8b0661a41301,39,2020-01-21 16:48:52,2020-01-21 17:13:50,2020-01-21 17:13:45,2.572,2_39_78_360_2020-01-21 16:48:52.073627,2,CA-322,2-39-78-360,America/Los_Angeles,171.0,400.0,20.0,50.0,435.0,"Tue, 21 Jan 2020 16:49:15 GMT",True,"Wed, 22 Jan 2020 00:03:52 GMT",171.0,400.0,20.0,50.0,436.0,"Tue, 21 Jan 2020 16:51:12 GMT",True,"Wed, 22 Jan 2020 00:04:52 GMT",171.0,0.4161111111111111,0 days 00:24:58,0 days 00:00:05,"Drizzle, not freezing, continuous",17,17-18
474,5e3cbdbdf9af8b0661a41302,39,2020-01-21 16:53:23,2020-01-22 04:24:43,2020-01-21 21:36:19,15.858,2_39_131_30_2020-01-21 16:53:22.868241,2,CA-305,2-39-131-30,America/Los_Angeles,712.0,400.0,20.0,50.0,419.0,"Tue, 21 Jan 2020 16:53:39 GMT",True,"Tue, 21 Jan 2020 23:52:23 GMT",712.0,,,,,,,,,11.522222222222222,0 days 11:31:20,0 days 06:48:24,Clouds generally forming or developing,4,4-5
475,5e3cbdbdf9af8b0661a41303,39,2020-01-21 16:57:14,2020-01-22 04:46:52,2020-01-21 18:54:38,5.837,2_39_91_437_2020-01-21 16:57:13.789163,2,CA-317,2-39-91-437,America/Los_Angeles,1222.0,400.0,8.0,20.0,72.0,"Tue, 21 Jan 2020 16:57:31 GMT",True,"Tue, 21 Jan 2020 18:09:14 GMT",1222.0,,,,,,,,,11.827222222222222,0 days 11:49:38,0 days 09:52:14,Clouds generally forming or developing,4,4-5
476,5e3cbdbdf9af8b0661a41304,39,2020-01-21 17:07:47,2020-01-22 00:20:20,2020-01-21 21:30:49,11.175,2_39_79_376_2020-01-21 17:07:46.935795,2,CA-324,2-39-79-376,America/Los_Angeles,1137.0,400.0,24.0,60.0,417.0,"Tue, 21 Jan 2020 17:08:04 GMT",True,"Wed, 22 Jan 2020 00:04:47 GMT",1137.0,,,,,,,,,7.2091666666666665,0 days 07:12:33,0 days 02:49:31,Clouds generally forming or developing,0,0-1
477,5e3cbdbdf9af8b0661a41305,39,2020-01-21 17:08:25,2020-01-21 20:05:17,2020-01-21 19:09:43,5.942,2_39_79_377_2020-01-21 17:08:25.097903,2,CA-325,2-39-79-377,America/Los_Angeles,5368.0,400.0,8.0,20.0,60.0,"Tue, 21 Jan 2020 17:15:23 GMT",True,"Tue, 21 Jan 2020 18:08:25 GMT",5368.0,,,,,,,,,2.9477777777777776,0 days 02:56:52,0 days 00:55:34,"Drizzle, not freezing, continuous",20,20-21
478,5e3cbdbdf9af8b0661a41306,39,2020-01-21 17:14:16,2020-01-22 01:27:06,2020-01-21 18:35:53,3.887,2_39_89_25_2020-01-21 17:14:15.655273,2,CA-315,2-39-89-25,America/Los_Angeles,743.0,400.0,8.0,20.0,466.0,"Tue, 21 Jan 2020 17:14:56 GMT",True,"Wed, 22 Jan 2020 01:00:16 GMT",743.0,,,,,,,,,8.213888888888889,0 days 08:12:50,0 days 06:51:13,Clouds generally forming or developing,1,1-2
479,5e3cbdbdf9af8b0661a41307,39,2020-01-21 17:15:00,2020-01-22 03:15:02,2020-01-21 18:33:00,4.252,2_39_129_17_2020-01-21 17:14:59.518234,2,CA-307,2-39-129-17,America/Los_Angeles,567.0,400.0,8.0,20.0,100.0,"Tue, 21 Jan 2020 17:15:13 GMT",True,"Tue, 21 Jan 2020 18:55:00 GMT",567.0,,,,,,,,,10.000555555555556,0 days 10:00:02,0 days 08:42:02,Clouds generally forming or developing,3,3-4
480,5e3cbdbdf9af8b0661a41308,39,2020-01-21 17:31:16,2020-01-22 00:52:01,2020-01-22 00:02:30,7.761,2_39_78_360_2020-01-21 17:31:15.714989,2,CA-322,2-39-78-360,America/Los_Angeles,171.0,400.0,20.0,50.0,292.0,"Tue, 21 Jan 2020 19:49:39 GMT",True,"Tue, 21 Jan 2020 22:23:16 GMT",171.0,,,,,,,,,7.345833333333333,0 days 07:20:45,0 days 00:49:31,Clouds generally forming or developing,0,0-1
481,5e3cbdbdf9af8b0661a41309,39,2020-01-21 17:34:08,2020-01-22 01:15:35,2020-01-21 20:38:37,19.377,2_39_92_442_2020-01-21 17:34:07.936609,2,CA-498,2-39-92-442,America/Los_Angeles,1104.0,250.0,37.5,150.0,436.0,"Tue, 21 Jan 2020 17:34:24 GMT",True,"Wed, 22 Jan 2020 00:50:08 GMT",1104.0,,,,,,,,,7.690833333333333,0 days 07:41:27,0 days 04:36:58,Clouds generally forming or developing,1,1-2
482,5e3cbdbdf9af8b0661a4130a,39,2020-01-21 17:34:24,2020-01-21 19:46:09,2020-01-21 19:46:04,5.933,2_39_79_381_2020-01-21 17:34:15.502746,2,CA-490,2-39-79-381,America/Los_Angeles,3176.0,400.0,20.0,50.0,260.0,"Tue, 21 Jan 2020 17:34:23 GMT",True,"Tue, 21 Jan 2020 21:54:24 GMT",3176.0,,,,,,,,,2.1958333333333333,0 days 02:11:45,0 days 00:00:05,"Drizzle, not freezing, continuous",19,19-20
483,5e3cbdbdf9af8b0661a4130b,39,2020-01-21 17:36:24,2020-01-21 23:45:29,2020-01-21 19:57:02,1.171,2_39_78_361_2020-01-21 17:36:23.783670,2,CA-493,2-39-78-361,America/Los_Angeles,,,,,,,,,,,,,,,,,,6.151388888888889,0 days 06:09:05,0 days 03:48:27,"Drizzle, not freezing, continuous",23,23-24
484,5e3cbdbdf9af8b0661a4130c,39,2020-01-21 17:39:35,2020-01-22 01:41:20,2020-01-21 18:46:53,3.37,2_39_123_23_2020-01-21 17:39:34.856196,2,CA-313,2-39-123-23,America/Los_Angeles,2170.0,400.0,20.0,50.0,183.0,"Tue, 21 Jan 2020 17:39:43 GMT",True,"Tue, 21 Jan 2020 20:42:35 GMT",2170.0,,,,,,,,,8.029166666666667,0 days 08:01:45,0 days 06:54:27,Clouds generally forming or developing,1,1-2
485,5e3cbdbdf9af8b0661a4130d,39,2020-01-21 17:45:36,2020-01-22 02:42:36,2020-01-22 02:42:31,8.272,2_39_90_440_2020-01-21 17:45:36.179450,2,CA-500,2-39-90-440,America/Los_Angeles,1534.0,250.0,10.0,40.0,404.0,"Tue, 21 Jan 2020 17:47:04 GMT",True,"Wed, 22 Jan 2020 00:29:36 GMT",1534.0,,,,,,,,,8.95,0 days 08:57:00,0 days 00:00:05,Clouds generally forming or developing,2,2-3
486,5e3cbdbdf9af8b0661a4130e,39,2020-01-21 17:58:46,2020-01-22 01:16:14,2020-01-22 00:50:24,0.825,2_39_78_365_2020-01-21 17:58:45.934271,2,CA-321,2-39-78-365,America/Los_Angeles,,,,,,,,,,,,,,,,,,7.291111111111111,0 days 07:17:28,0 days 00:25:50,Clouds generally forming or developing,1,1-2
487,5e3cbdbdf9af8b0661a4130f,39,2020-01-21 18:00:22,2020-01-22 02:12:41,2020-01-21 20:12:30,11.958,2_39_125_21_2020-01-21 18:00:21.666276,2,CA-311,2-39-125-21,America/Los_Angeles,1095.0,400.0,16.0,40.0,444.0,"Tue, 21 Jan 2020 18:00:27 GMT",True,"Wed, 22 Jan 2020 01:24:22 GMT",1095.0,,,,,,,,,8.205277777777777,0 days 08:12:19,0 days 06:00:11,Clouds generally forming or developing,2,2-3
488,5e3cbdbdf9af8b0661a41310,39,2020-01-21 18:06:50,2020-01-22 03:12:13,2020-01-21 20:37:45,15.123,2_39_92_436_2020-01-21 18:06:49.788292,2,CA-318,2-39-92-436,America/Los_Angeles,558.0,400.0,32.0,80.0,60.0,"Tue, 21 Jan 2020 18:06:52 GMT",True,"Tue, 21 Jan 2020 19:06:50 GMT",558.0,,,,,,,,,9.089722222222223,0 days 09:05:23,0 days 06:34:28,Clouds generally forming or developing,3,3-4
489,5e3cbdbdf9af8b0661a41311,39,2020-01-21 18:08:11,2020-01-22 02:00:41,2020-01-22 01:43:44,50.717,2_39_95_444_2020-01-21 18:08:00.744200,2,CA-497,2-39-95-444,America/Los_Angeles,2743.0,240.0,60.0,250.0,576.0,"Tue, 21 Jan 2020 18:08:11 GMT",True,"Wed, 22 Jan 2020 03:44:11 GMT",2743.0,,,,,,,,,7.875,0 days 07:52:30,0 days 00:16:57,Clouds generally forming or developing,2,2-3
490,5e3cbdbdf9af8b0661a41312,39,2020-01-21 18:09:14,2020-01-21 20:33:47,2020-01-21 20:33:43,6.763,2_39_88_438_2020-01-21 18:09:14.007267,2,CA-502,2-39-88-438,America/Los_Angeles,562.0,325.0,13.0,40.0,105.0,"Tue, 21 Jan 2020 18:24:54 GMT",True,"Tue, 21 Jan 2020 19:54:14 GMT",562.0,325.0,13.0,40.0,163.0,"Tue, 21 Jan 2020 18:25:26 GMT",True,"Tue, 21 Jan 2020 20:52:14 GMT",562.0,2.4091666666666667,0 days 02:24:33,0 days 00:00:04,"Drizzle, not freezing, continuous",20,20-21
491,5e3cbdbdf9af8b0661a41313,39,2020-01-21 18:09:52,2020-01-22 00:52:41,2020-01-21 20:33:22,3.878,2_39_79_380_2020-01-21 18:09:52.112528,2,CA-489,2-39-79-380,America/Los_Angeles,3389.0,400.0,4.0,10.0,190.0,"Tue, 21 Jan 2020 18:13:21 GMT",True,"Tue, 21 Jan 2020 21:19:52 GMT",3389.0,,,,,,,,,6.713611111111111,0 days 06:42:49,0 days 04:19:19,Clouds generally forming or developing,0,0-1
492,5e3cbdbdf9af8b0661a41314,39,2020-01-21 18:18:08,2020-01-22 01:55:08,2020-01-21 20:03:16,10.486,2_39_91_441_2020-01-21 18:18:08.127744,2,CA-499,2-39-91-441,America/Los_Angeles,69.0,400.0,40.0,100.0,363.0,"Tue, 21 Jan 2020 18:18:19 GMT",True,"Wed, 22 Jan 2020 00:21:08 GMT",69.0,,,,,,,,,7.616666666666666,0 days 07:37:00,0 days 05:51:52,Clouds generally forming or developing,1,1-2
493,5e3cbdbdf9af8b0661a41315,39,2020-01-21 18:25:45,2020-01-21 19:41:25,2020-01-21 19:41:20,8.213,2_39_127_19_2020-01-21 18:25:45.032371,2,CA-309,2-39-127-19,America/Los_Angeles,1912.0,400.0,20.0,50.0,209.0,"Tue, 21 Jan 2020 18:25:52 GMT",True,"Tue, 21 Jan 2020 21:54:45 GMT",1912.0,,,,,,,,,1.261111111111111,0 days 01:15:40,0 days 00:00:05,"Drizzle, not freezing, continuous",19,19-20
494,5e3cbdbdf9af8b0661a41316,39,2020-01-21 18:48:19,2020-01-21 23:04:28,2020-01-21 22:55:04,26.408,2_39_90_26_2020-01-21 18:48:18.969365,2,CA-316,2-39-90-26,America/Los_Angeles,2961.0,400.0,40.0,100.0,60.0,"Tue, 21 Jan 2020 18:48:20 GMT",True,"Tue, 21 Jan 2020 19:48:19 GMT",2961.0,,,,,,,,,4.269166666666667,0 days 04:16:09,0 days 00:09:24,"Drizzle, not freezing, continuous",23,23-24
495,5e3cbdbdf9af8b0661a41317,39,2020-01-21 19:19:37,2020-01-22 01:23:44,2020-01-22 00:34:05,0.877,2_39_88_24_2020-01-21 19:19:37.142260,2,CA-314,2-39-88-24,America/Los_Angeles,,,,,,,,,,,,,,,,,,6.068611111111111,0 days 06:04:07,0 days 00:49:39,Clouds generally forming or developing,1,1-2
496,5e3cbdbdf9af8b0661a41318,39,2020-01-21 19:28:42,2020-01-22 03:21:16,2020-01-21 22:34:22,12.666,2_39_128_18_2020-01-21 19:28:42.010713,2,CA-308,2-39-128-18,America/Los_Angeles,958.0,200.0,20.0,100.0,570.0,"Tue, 21 Jan 2020 19:28:54 GMT",True,"Wed, 22 Jan 2020 04:58:42 GMT",958.0,,,,,,,,,7.876111111111111,0 days 07:52:34,0 days 04:46:54,Clouds generally forming or developing,3,3-4
497,5e3cbdbdf9af8b0661a41319,39,2020-01-21 19:36:20,2020-01-22 02:12:39,2020-01-21 21:56:57,5.853,2_39_126_20_2020-01-21 19:36:20.146207,2,CA-310,2-39-126-20,America/Los_Angeles,891.0,400.0,8.0,20.0,215.0,"Tue, 21 Jan 2020 19:36:21 GMT",True,"Tue, 21 Jan 2020 23:11:20 GMT",891.0,,,,,,,,,6.605277777777777,0 days 06:36:19,0 days 04:15:42,Clouds generally forming or developing,2,2-3
498,5e3cbdbdf9af8b0661a4131a,39,2020-01-21 19:58:24,2020-01-22 00:48:42,2020-01-21 22:37:28,17.918,2_39_130_31_2020-01-21 19:58:23.851492,2,CA-306,2-39-130-31,America/Los_Angeles,3270.0,200.0,40.0,200.0,466.0,"Tue, 21 Jan 2020 19:58:31 GMT",True,"Wed, 22 Jan 2020 03:44:24 GMT",3270.0,,,,,,,,,4.838333333333333,0 days 04:50:18,0 days 02:11:14,Clouds generally forming or developing,0,0-1
499,5e3cbdbdf9af8b0661a4131b,39,2020-01-21 20:32:40,2020-01-21 21:48:04,2020-01-21 21:03:23,0.916,2_39_124_22_2020-01-21 20:32:39.646315,2,CA-312,2-39-124-22,America/Los_Angeles,,,,,,,,,,,,,,,,,,1.2566666666666666,0 days 01:15:24,0 days 00:44:41,"Drizzle, not freezing, continuous",21,21-22
500,5e3cbdbdf9af8b0661a4131c,39,2020-01-21 20:47:57,2020-01-22 02:41:21,2020-01-21 22:49:47,6.592,2_39_79_381_2020-01-21 20:47:57.066683,2,CA-490,2-39-79-381,America/Los_Angeles,1124.0,400.0,8.0,20.0,60.0,"Tue, 21 Jan 2020 20:48:26 GMT",True,"Tue, 21 Jan 2020 21:47:57 GMT",1124.0,,,,,,,,,5.89,0 days 05:53:24,0 days 03:51:34,Clouds generally forming or developing,2,2-3
501,5e3cbdbdf9af8b0661a4131d,39,2020-01-21 20:51:55,2020-01-21 22:09:45,2020-01-21 21:35:11,1.713,2_39_88_438_2020-01-21 20:51:55.138569,2,CA-502,2-39-88-438,America/Los_Angeles,1093.0,333.0,6.66,20.0,140.0,"Tue, 21 Jan 2020 20:52:33 GMT",True,"Tue, 21 Jan 2020 23:11:55 GMT",1093.0,,,,,,,,,1.2972222222222223,0 days 01:17:50,0 days 00:34:34,"Drizzle, not freezing, continuous",22,22-23
502,5e3cbdbdf9af8b0661a4131e,39,2020-01-21 21:10:52,2020-01-22 03:42:15,2020-01-21 23:16:19,7.017,2_39_138_29_2020-01-21 21:10:52.341455,2,CA-304,2-39-138-29,America/Los_Angeles,515.0,400.0,12.0,30.0,182.0,"Tue, 21 Jan 2020 21:11:32 GMT",True,"Wed, 22 Jan 2020 00:12:52 GMT",515.0,,,,,,,,,6.523055555555556,0 days 06:31:23,0 days 04:25:56,Clouds generally forming or developing,3,3-4
503,5e3cbdbdf9af8b0661a4131f,39,2020-01-21 22:03:02,2020-01-21 23:22:54,2020-01-21 23:22:49,4.221,2_39_124_22_2020-01-21 22:03:01.910574,2,CA-312,2-39-124-22,America/Los_Angeles,1236.0,400.0,8.0,20.0,60.0,"Tue, 21 Jan 2020 22:06:49 GMT",True,"Tue, 21 Jan 2020 23:03:02 GMT",1236.0,,,,,,,,,1.3311111111111111,0 days 01:19:52,0 days 00:00:05,"Drizzle, not freezing, continuous",23,23-24
504,5e3cbdbdf9af8b0661a41320,39,2020-01-21 22:54:57,2020-01-22 01:12:08,2020-01-21 23:58:46,3.116,2_39_95_27_2020-01-21 22:54:56.662405,2,CA-319,2-39-95-27,America/Los_Angeles,1920.0,450.0,13.5,30.0,130.0,"Tue, 21 Jan 2020 22:55:59 GMT",True,"Wed, 22 Jan 2020 01:04:57 GMT",1920.0,450.0,13.5,30.0,155.0,"Tue, 21 Jan 2020 22:56:25 GMT",True,"Wed, 22 Jan 2020 01:29:57 GMT",1920.0,2.286388888888889,0 days 02:17:11,0 days 01:13:22,Clouds generally forming or developing,1,1-2
505,5e3cbdbdf9af8b0661a41321,39,2020-01-21 23:08:32,2020-01-22 00:43:51,2020-01-22 00:34:03,0.892,2_39_90_26_2020-01-21 23:08:32.371220,2,CA-316,2-39-90-26,America/Los_Angeles,,,,,,,,,,,,,,,,,,1.5886111111111112,0 days 01:35:19,0 days 00:09:48,Clouds generally forming or developing,0,0-1
506,5e3cbdbdf9af8b0661a41322,39,2020-01-22 01:25:01,2020-01-22 16:52:24,2020-01-22 07:57:11,42.768,2_39_130_31_2020-01-22 01:25:01.330305,2,CA-306,2-39-130-31,America/Los_Angeles,489.0,428.0,102.72,240.0,720.0,"Wed, 22 Jan 2020 01:26:48 GMT",True,"Wed, 22 Jan 2020 13:25:01 GMT",489.0,428.0,102.72,240.0,697.0,"Wed, 22 Jan 2020 01:27:09 GMT",True,"Wed, 22 Jan 2020 13:02:01 GMT",489.0,15.456388888888888,0 days 15:27:23,0 days 08:55:13,Clouds generally forming or developing,16,16-17
507,5e3cbdbdf9af8b0661a41323,39,2020-01-22 03:36:58,2020-01-22 04:33:47,2020-01-22 04:33:42,3.295,2_39_139_28_2020-01-22 03:36:58.330948,2,CA-303,2-39-139-28,America/Los_Angeles,315.0,600.0,18.0,30.0,199.0,"Wed, 22 Jan 2020 03:37:22 GMT",True,"Wed, 22 Jan 2020 06:55:58 GMT",315.0,,,,,,,,,0.9469444444444445,0 days 00:56:49,0 days 00:00:05,Clouds generally forming or developing,4,4-5
508,5e3cbdbdf9af8b0661a41324,39,2020-01-22 03:43:29,2020-01-22 05:55:22,2020-01-22 05:55:18,11.702,2_39_126_20_2020-01-22 03:43:29.135992,2,CA-310,2-39-126-20,America/Los_Angeles,1099.0,400.0,28.0,70.0,123.0,"Wed, 22 Jan 2020 03:44:24 GMT",True,"Wed, 22 Jan 2020 05:46:29 GMT",1099.0,,,,,,,,,2.1980555555555554,0 days 02:11:53,0 days 00:00:04,Clouds generally forming or developing,5,5-6
509,5e3cbdbdf9af8b0661a41325,39,2020-01-22 04:23:22,2020-01-22 05:45:24,2020-01-22 05:45:20,9.14,2_39_138_29_2020-01-22 04:23:22.427083,2,CA-304,2-39-138-29,America/Los_Angeles,1263.0,400.0,12.0,30.0,115.0,"Wed, 22 Jan 2020 04:23:47 GMT",True,"Wed, 22 Jan 2020 06:18:22 GMT",1263.0,,,,,,,,,1.3672222222222221,0 days 01:22:02,0 days 00:00:04,Clouds generally forming or developing,5,5-6
510,5e3e0f32f9af8b0d07eefa40,39,2020-01-22 16:09:56,2020-01-22 21:10:40,2020-01-22 21:11:38,0.838,2_39_79_380_2020-01-22 16:09:56.027630,2,CA-489,2-39-79-380,America/Los_Angeles,,,,,,,,,,,,,,,,,,5.012222222222222,0 days 05:00:44,-1 days +23:59:02,Clouds generally forming or developing,21,21-22
511,5e3e0f32f9af8b0d07eefa41,39,2020-01-22 16:40:06,2020-01-22 19:31:22,2020-01-22 17:11:36,1.933,2_39_79_377_2020-01-22 16:40:05.904375,2,CA-325,2-39-79-377,America/Los_Angeles,751.0,400.0,40.0,100.0,590.0,"Wed, 22 Jan 2020 16:40:16 GMT",True,"Thu, 23 Jan 2020 02:30:06 GMT",751.0,,,,,,,,,2.8544444444444443,0 days 02:51:16,0 days 02:19:46,Clouds generally forming or developing,19,19-20
512,5e3e0f32f9af8b0d07eefa42,39,2020-01-22 16:54:08,2020-01-23 00:33:44,2020-01-22 22:50:42,13.735,2_39_78_364_2020-01-22 16:54:08.409370,2,CA-495,2-39-78-364,America/Los_Angeles,1470.0,292.0,23.36,80.0,316.0,"Wed, 22 Jan 2020 16:54:25 GMT",True,"Wed, 22 Jan 2020 22:10:08 GMT",1470.0,,,,,,,,,7.66,0 days 07:39:36,0 days 01:43:02,Clouds generally forming or developing,0,0-1
513,5e3e0f32f9af8b0d07eefa43,39,2020-01-22 16:58:07,2020-01-23 01:00:07,2020-01-22 18:25:07,2.862,2_39_139_28_2020-01-22 16:58:06.790079,2,CA-303,2-39-139-28,America/Los_Angeles,620.0,400.0,12.0,30.0,488.0,"Wed, 22 Jan 2020 16:59:25 GMT",True,"Thu, 23 Jan 2020 01:06:07 GMT",620.0,,,,,,,,,8.033333333333333,0 days 08:02:00,0 days 06:35:00,Clouds generally forming or developing,1,1-2
514,5e3e0f32f9af8b0d07eefa44,39,2020-01-22 16:58:44,2020-01-23 02:02:21,2020-01-22 20:07:13,20.302,2_39_79_383_2020-01-22 16:58:44.023576,2,CA-492,2-39-79-383,America/Los_Angeles,1104.0,250.0,37.5,150.0,436.0,"Wed, 22 Jan 2020 16:58:57 GMT",True,"Thu, 23 Jan 2020 00:14:44 GMT",1104.0,,,,,,,,,9.060277777777777,0 days 09:03:37,0 days 05:55:08,Clouds generally forming or developing,2,2-3
515,5e3e0f32f9af8b0d07eefa45,39,2020-01-22 17:00:48,2020-01-23 01:29:29,2020-01-22 17:56:22,2.765,2_39_95_444_2020-01-22 17:00:48.355362,2,CA-497,2-39-95-444,America/Los_Angeles,858.0,400.0,8.0,20.0,254.0,"Wed, 22 Jan 2020 17:01:08 GMT",True,"Wed, 22 Jan 2020 21:14:48 GMT",858.0,,,,,,,,,8.478055555555555,0 days 08:28:41,0 days 07:33:07,Clouds generally forming or developing,1,1-2
516,5e3e0f32f9af8b0d07eefa46,39,2020-01-22 17:04:31,2020-01-22 17:40:23,2020-01-22 17:34:55,0.744,2_39_127_19_2020-01-22 17:04:31.123186,2,CA-309,2-39-127-19,America/Los_Angeles,,,,,,,,,,,,,,,,,,0.5977777777777777,0 days 00:35:52,0 days 00:05:28,Clouds generally forming or developing,17,17-18
517,5e3e0f32f9af8b0d07eefa47,39,2020-01-22 17:10:11,2020-01-23 01:35:11,2020-01-22 18:28:39,3.775,2_39_89_25_2020-01-22 17:10:10.830239,2,CA-315,2-39-89-25,America/Los_Angeles,743.0,400.0,8.0,20.0,466.0,"Wed, 22 Jan 2020 17:10:25 GMT",True,"Thu, 23 Jan 2020 00:56:11 GMT",743.0,,,,,,,,,8.416666666666666,0 days 08:25:00,0 days 07:06:32,Clouds generally forming or developing,1,1-2
518,5e3e0f32f9af8b0d07eefa48,39,2020-01-22 17:12:50,2020-01-22 18:20:41,2020-01-22 18:20:26,0.932,2_39_78_366_2020-01-22 17:12:50.271834,2,CA-323,2-39-78-366,America/Los_Angeles,,,,,,,,,,,,,,,,,,1.1308333333333334,0 days 01:07:51,0 days 00:00:15,Clouds generally forming or developing,18,18-19
519,5e3e0f32f9af8b0d07eefa49,39,2020-01-22 17:12:57,2020-01-23 05:42:25,2020-01-22 18:22:54,3.74,2_39_131_30_2020-01-22 17:12:57.447877,2,CA-305,2-39-131-30,America/Los_Angeles,567.0,400.0,8.0,20.0,100.0,"Wed, 22 Jan 2020 17:13:10 GMT",True,"Wed, 22 Jan 2020 18:52:57 GMT",567.0,,,,,,,,,12.491111111111111,0 days 12:29:28,0 days 11:19:31,Clouds generally forming or developing,5,5-6
520,5e3e0f32f9af8b0d07eefa4a,39,2020-01-22 17:23:43,2020-01-23 03:31:50,2020-01-22 19:16:05,5.705,2_39_125_21_2020-01-22 17:23:42.838337,2,CA-311,2-39-125-21,America/Los_Angeles,562.0,325.0,6.5,20.0,156.0,"Wed, 22 Jan 2020 17:24:33 GMT",True,"Wed, 22 Jan 2020 19:59:43 GMT",562.0,,,,,,,,,10.135277777777778,0 days 10:08:07,0 days 08:15:45,Clouds generally forming or developing,3,3-4
521,5e3e0f32f9af8b0d07eefa4b,39,2020-01-22 17:26:42,2020-01-23 02:17:15,2020-01-22 20:58:57,12.166,2_39_91_437_2020-01-22 17:26:41.764919,2,CA-317,2-39-91-437,America/Los_Angeles,1364.0,400.0,28.0,70.0,182.0,"Wed, 22 Jan 2020 17:43:00 GMT",True,"Wed, 22 Jan 2020 20:28:42 GMT",1364.0,,,,,,,,,8.8425,0 days 08:50:33,0 days 05:18:18,Clouds generally forming or developing,2,2-3
522,5e3e0f32f9af8b0d07eefa4c,39,2020-01-22 17:34:49,2020-01-22 21:25:42,2020-01-22 21:04:31,9.064,2_39_78_367_2020-01-22 17:34:48.953353,2,CA-494,2-39-78-367,America/Los_Angeles,4701.0,300.0,12.0,40.0,400.0,"Wed, 22 Jan 2020 17:34:59 GMT",True,"Thu, 23 Jan 2020 00:14:49 GMT",4701.0,,,,,,,,,3.8480555555555553,0 days 03:50:53,0 days 00:21:11,Clouds generally forming or developing,21,21-22
523,5e3e0f32f9af8b0d07eefa4d,39,2020-01-22 17:39:13,2020-01-23 01:41:14,2020-01-22 19:29:25,6.063,2_39_95_27_2020-01-22 17:39:13.119025,2,CA-319,2-39-95-27,America/Los_Angeles,5368.0,400.0,8.0,20.0,60.0,"Wed, 22 Jan 2020 17:39:16 GMT",True,"Wed, 22 Jan 2020 18:39:13 GMT",5368.0,,,,,,,,,8.033611111111112,0 days 08:02:01,0 days 06:11:49,Clouds generally forming or developing,1,1-2
524,5e3e0f32f9af8b0d07eefa4e,39,2020-01-22 17:40:00,2020-01-23 02:40:13,2020-01-22 18:44:30,6.804,2_39_78_365_2020-01-22 17:39:59.979700,2,CA-321,2-39-78-365,America/Los_Angeles,714.0,400.0,24.0,60.0,361.0,"Wed, 22 Jan 2020 17:40:07 GMT",True,"Wed, 22 Jan 2020 23:41:00 GMT",714.0,,,,,,,,,9.00361111111111,0 days 09:00:13,0 days 07:55:43,Clouds generally forming or developing,2,2-3
525,5e3e0f32f9af8b0d07eefa4f,39,2020-01-22 17:44:49,2020-01-22 22:44:22,2020-01-22 19:49:35,13.34,2_39_129_17_2020-01-22 17:44:49.239833,2,CA-307,2-39-129-17,America/Los_Angeles,1912.0,400.0,20.0,50.0,209.0,"Wed, 22 Jan 2020 17:45:02 GMT",True,"Wed, 22 Jan 2020 21:13:49 GMT",1912.0,,,,,,,,,4.9925,0 days 04:59:33,0 days 02:54:47,Clouds generally forming or developing,22,22-23
526,5e3e0f32f9af8b0d07eefa50,39,2020-01-22 17:47:30,2020-01-23 04:40:36,2020-01-22 18:39:47,1.6,2_39_90_26_2020-01-22 17:47:29.930240,2,CA-316,2-39-90-26,America/Los_Angeles,324.0,444.0,8.88,20.0,45.0,"Wed, 22 Jan 2020 17:47:42 GMT",True,"Wed, 22 Jan 2020 18:32:30 GMT",324.0,,,,,,,,,10.885,0 days 10:53:06,0 days 10:00:49,Clouds generally forming or developing,4,4-5
527,5e3e0f32f9af8b0d07eefa51,39,2020-01-22 17:50:08,2020-01-23 00:59:24,2020-01-22 18:21:07,0.885,2_39_79_376_2020-01-22 17:50:07.906112,2,CA-324,2-39-79-376,America/Los_Angeles,,,,,,,,,,,,,,,,,,7.154444444444445,0 days 07:09:16,0 days 06:38:17,Clouds generally forming or developing,0,0-1
528,5e3e0f32f9af8b0d07eefa52,39,2020-01-22 17:50:50,2020-01-23 00:20:54,2020-01-22 19:18:30,4.282,2_39_138_29_2020-01-22 17:50:49.860198,2,CA-304,2-39-138-29,America/Los_Angeles,1366.0,400.0,8.0,20.0,60.0,"Wed, 22 Jan 2020 17:51:21 GMT",True,"Wed, 22 Jan 2020 18:50:50 GMT",1366.0,,,,,,,,,6.501111111111111,0 days 06:30:04,0 days 05:02:24,Clouds generally forming or developing,0,0-1
529,5e3e0f32f9af8b0d07eefa53,39,2020-01-22 17:51:14,2020-01-22 18:25:12,2020-01-22 18:21:45,0.913,2_39_127_19_2020-01-22 17:51:14.143775,2,CA-309,2-39-127-19,America/Los_Angeles,,,,,,,,,,,,,,,,,,0.5661111111111111,0 days 00:33:58,0 days 00:03:27,Clouds generally forming or developing,18,18-19
530,5e3e0f32f9af8b0d07eefa54,39,2020-01-22 18:07:14,2020-01-23 02:13:46,2020-01-22 20:13:23,12.393,2_39_92_442_2020-01-22 18:07:13.676253,2,CA-498,2-39-92-442,America/Los_Angeles,1095.0,400.0,16.0,40.0,444.0,"Wed, 22 Jan 2020 18:07:20 GMT",True,"Thu, 23 Jan 2020 01:31:14 GMT",1095.0,,,,,,,,,8.108888888888888,0 days 08:06:32,0 days 06:00:23,Clouds generally forming or developing,2,2-3
531,5e3e0f32f9af8b0d07eefa55,39,2020-01-22 18:07:47,2020-01-23 01:31:58,2020-01-23 00:37:14,6.256,2_39_78_363_2020-01-22 18:07:47.307558,2,CA-320,2-39-78-363,America/Los_Angeles,2461.0,400.0,8.0,20.0,273.0,"Wed, 22 Jan 2020 18:08:10 GMT",True,"Wed, 22 Jan 2020 22:40:47 GMT",2461.0,,,,,,,,,7.4030555555555555,0 days 07:24:11,0 days 00:54:44,Clouds generally forming or developing,1,1-2
532,5e3e0f32f9af8b0d07eefa56,39,2020-01-22 18:11:49,2020-01-23 03:11:10,2020-01-22 20:05:06,11.319,2_39_92_436_2020-01-22 18:11:49.082619,2,CA-318,2-39-92-436,America/Los_Angeles,558.0,400.0,28.0,70.0,60.0,"Wed, 22 Jan 2020 18:11:50 GMT",True,"Wed, 22 Jan 2020 19:11:49 GMT",558.0,,,,,,,,,8.989166666666666,0 days 08:59:21,0 days 07:06:04,Clouds generally forming or developing,3,3-4
533,5e3e0f32f9af8b0d07eefa57,39,2020-01-22 18:17:39,2020-01-22 19:49:01,2020-01-22 19:48:53,9.938,2_39_90_440_2020-01-22 18:17:39.322570,2,CA-500,2-39-90-440,America/Los_Angeles,1087.0,400.0,28.0,70.0,252.0,"Wed, 22 Jan 2020 18:17:45 GMT",True,"Wed, 22 Jan 2020 22:29:39 GMT",1087.0,,,,,,,,,1.5227777777777778,0 days 01:31:22,0 days 00:00:08,Clouds generally forming or developing,19,19-20
534,5e3e0f32f9af8b0d07eefa58,39,2020-01-22 18:18:28,2020-01-23 00:25:17,2020-01-23 00:26:15,3.77,2_39_123_23_2020-01-22 18:18:28.160277,2,CA-313,2-39-123-23,America/Los_Angeles,2170.0,400.0,20.0,50.0,183.0,"Wed, 22 Jan 2020 18:18:35 GMT",True,"Wed, 22 Jan 2020 21:21:28 GMT",2170.0,400.0,28.0,70.0,426.0,"Thu, 23 Jan 2020 00:25:03 GMT",True,"Thu, 23 Jan 2020 01:24:28 GMT",2170.0,6.113611111111111,0 days 06:06:49,-1 days +23:59:02,Clouds generally forming or developing,0,0-1
535,5e3e0f32f9af8b0d07eefa59,39,2020-01-22 18:38:06,2020-01-22 20:44:55,2020-01-22 19:08:25,0.914,2_39_78_366_2020-01-22 18:38:06.456723,2,CA-323,2-39-78-366,America/Los_Angeles,,,,,,,,,,,,,,,,,,2.113611111111111,0 days 02:06:49,0 days 01:36:30,Clouds generally forming or developing,20,20-21
536,5e3e0f32f9af8b0d07eefa5a,39,2020-01-22 18:44:20,2020-01-22 20:35:19,2020-01-22 20:33:40,5.615,2_39_130_31_2020-01-22 18:44:18.909405,2,CA-306,2-39-130-31,America/Los_Angeles,1864.0,400.0,12.0,30.0,348.0,"Wed, 22 Jan 2020 18:44:19 GMT",True,"Thu, 23 Jan 2020 00:32:20 GMT",1864.0,,,,,,,,,1.8497222222222223,0 days 01:50:59,0 days 00:01:39,Clouds generally forming or developing,20,20-21
537,5e3e0f32f9af8b0d07eefa5b,39,2020-01-22 19:22:46,2020-01-23 00:34:01,2020-01-22 22:41:54,21.269,2_39_91_441_2020-01-22 19:22:46.128862,2,CA-499,2-39-91-441,America/Los_Angeles,832.0,400.0,28.0,70.0,311.0,"Wed, 22 Jan 2020 19:23:19 GMT",True,"Thu, 23 Jan 2020 00:33:46 GMT",832.0,,,,,,,,,5.1875,0 days 05:11:15,0 days 01:52:07,Clouds generally forming or developing,0,0-1
538,5e3e0f32f9af8b0d07eefa5c,39,2020-01-22 19:40:10,2020-01-23 04:12:55,2020-01-22 21:27:29,5.594,2_39_79_377_2020-01-22 19:40:01.746619,2,CA-325,2-39-79-377,America/Los_Angeles,1111.0,400.0,12.0,30.0,99.0,"Wed, 22 Jan 2020 19:40:10 GMT",True,"Wed, 22 Jan 2020 21:19:10 GMT",1111.0,400.0,12.0,30.0,99.0,"Wed, 22 Jan 2020 19:40:48 GMT",True,"Wed, 22 Jan 2020 21:19:10 GMT",1111.0,8.545833333333333,0 days 08:32:45,0 days 06:45:26,Clouds generally forming or developing,4,4-5
539,5e3e0f32f9af8b0d07eefa5d,39,2020-01-22 19:49:26,2020-01-23 00:21:21,2020-01-22 20:33:02,1.83,2_39_127_19_2020-01-22 19:49:26.375438,2,CA-309,2-39-127-19,America/Los_Angeles,891.0,400.0,8.0,20.0,215.0,"Wed, 22 Jan 2020 19:49:43 GMT",True,"Wed, 22 Jan 2020 23:24:26 GMT",891.0,,,,,,,,,4.531944444444444,0 days 04:31:55,0 days 03:48:19,Clouds generally forming or developing,0,0-1
540,5e3e0f32f9af8b0d07eefa5e,39,2020-01-22 21:10:44,2020-01-22 22:55:57,2020-01-22 21:41:20,0.723,2_39_79_380_2020-01-22 21:10:43.862292,2,CA-489,2-39-79-380,America/Los_Angeles,,,,,,,,,,,,,,,,,,1.753611111111111,0 days 01:45:13,0 days 01:14:37,Clouds generally forming or developing,22,22-23
541,5e3e0f32f9af8b0d07eefa5f,39,2020-01-22 21:15:01,2020-01-23 02:11:53,2020-01-22 21:49:29,1.309,2_39_126_20_2020-01-22 21:14:42.217932,2,CA-310,2-39-126-20,America/Los_Angeles,3577.0,400.0,8.0,20.0,334.0,"Wed, 22 Jan 2020 21:15:00 GMT",True,"Thu, 23 Jan 2020 02:49:01 GMT",3577.0,,,,,,,,,4.947777777777778,0 days 04:56:52,0 days 04:22:24,Clouds generally forming or developing,2,2-3
542,5e3e0f32f9af8b0d07eefa60,39,2020-01-22 21:16:22,2020-01-22 21:37:22,2020-01-22 21:37:19,0.639,2_39_78_366_2020-01-22 21:16:21.853857,2,CA-323,2-39-78-366,America/Los_Angeles,,,,,,,,,,,,,,,,,,0.35,0 days 00:21:00,0 days 00:00:03,Clouds generally forming or developing,21,21-22
543,5e3e0f32f9af8b0d07eefa61,39,2020-01-22 22:50:13,2020-01-23 00:10:52,2020-01-22 23:41:18,0.894,2_39_129_17_2020-01-22 22:50:12.839224,2,CA-307,2-39-129-17,America/Los_Angeles,,,,,,,,,,,,,,,,,,1.3441666666666667,0 days 01:20:39,0 days 00:29:34,Clouds generally forming or developing,0,0-1
544,5e3e0f32f9af8b0d07eefa62,39,2020-01-22 23:28:54,2020-01-23 09:11:21,2020-01-23 04:02:14,15.474,2_39_78_366_2020-01-22 23:28:54.174032,2,CA-323,2-39-78-366,America/Los_Angeles,5768.0,400.0,16.0,40.0,60.0,"Wed, 22 Jan 2020 23:47:20 GMT",True,"Thu, 23 Jan 2020 00:28:54 GMT",5768.0,400.0,20.0,50.0,303.0,"Thu, 23 Jan 2020 03:51:13 GMT",True,"Thu, 23 Jan 2020 04:31:54 GMT",5768.0,9.7075,0 days 09:42:27,0 days 05:09:07,Clouds generally forming or developing,9,9-10
545,5e3e0f32f9af8b0d07eefa63,39,2020-01-22 23:36:18,2020-01-23 02:06:58,2020-01-23 00:20:49,4.122,2_39_124_22_2020-01-22 23:36:17.849111,2,CA-312,2-39-124-22,America/Los_Angeles,668.0,425.0,4.25,10.0,455.0,"Wed, 22 Jan 2020 23:36:32 GMT",True,"Thu, 23 Jan 2020 07:11:18 GMT",668.0,425.0,4.25,10.0,184.0,"Wed, 22 Jan 2020 23:37:00 GMT",True,"Thu, 23 Jan 2020 02:40:18 GMT",668.0,2.511111111111111,0 days 02:30:40,0 days 01:46:09,Clouds generally forming or developing,2,2-3
546,5e3e0f32f9af8b0d07eefa64,39,2020-01-23 01:17:38,2020-01-23 03:05:37,2020-01-23 02:06:50,2.232,2_39_127_19_2020-01-23 01:17:38.345597,2,CA-309,2-39-127-19,America/Los_Angeles,1920.0,450.0,13.5,30.0,155.0,"Thu, 23 Jan 2020 01:17:51 GMT",True,"Thu, 23 Jan 2020 03:52:38 GMT",1920.0,450.0,13.5,30.0,155.0,"Thu, 23 Jan 2020 01:17:56 GMT",True,"Thu, 23 Jan 2020 03:52:38 GMT",1920.0,1.7997222222222222,0 days 01:47:59,0 days 00:58:47,Clouds generally forming or developing,3,3-4
547,5e3f60b3f9af8b10c08235d2,39,2020-01-23 15:01:08,2020-01-24 01:43:19,2020-01-23 18:12:50,8.397,2_39_79_381_2020-01-23 15:01:04.022791,2,CA-490,2-39-79-381,America/Los_Angeles,1797.0,400.0,8.0,20.0,249.0,"Thu, 23 Jan 2020 15:01:07 GMT",True,"Thu, 23 Jan 2020 19:10:08 GMT",1797.0,,,,,,,,,10.703055555555556,0 days 10:42:11,0 days 07:30:29,Clouds generally forming or developing,1,1-2
548,5e3f60b3f9af8b10c08235d3,39,2020-01-23 15:39:08,2020-01-24 01:00:10,2020-01-23 17:48:04,5.968,2_39_79_383_2020-01-23 15:39:07.702915,2,CA-492,2-39-79-383,America/Los_Angeles,4701.0,300.0,12.0,40.0,400.0,"Thu, 23 Jan 2020 15:39:18 GMT",True,"Thu, 23 Jan 2020 22:19:08 GMT",4701.0,,,,,,,,,9.350555555555555,0 days 09:21:02,0 days 07:12:06,Clouds generally forming or developing,1,1-2
549,5e3f60b3f9af8b10c08235d4,39,2020-01-23 15:53:02,2020-01-24 01:49:44,2020-01-24 00:57:42,4.649,2_39_79_379_2020-01-23 15:53:02.522354,2,CA-327,2-39-79-379,America/Los_Angeles,1302.0,400.0,12.0,30.0,506.0,"Thu, 23 Jan 2020 15:53:57 GMT",True,"Fri, 24 Jan 2020 00:19:02 GMT",1302.0,,,,,,,,,9.945,0 days 09:56:42,0 days 00:52:02,Clouds generally forming or developing,1,1-2
550,5e3f60b3f9af8b10c08235d5,39,2020-01-23 16:02:37,2020-01-24 00:35:50,2020-01-23 23:51:26,0.868,2_39_79_380_2020-01-23 16:02:37.506831,2,CA-489,2-39-79-380,America/Los_Angeles,,,,,,,,,,,,,,,,,,8.553611111111111,0 days 08:33:13,0 days 00:44:24,Clouds generally forming or developing,0,0-1
551,5e3f60b3f9af8b10c08235d6,39,2020-01-23 16:04:34,2020-01-24 00:59:40,2020-01-24 00:56:20,42.475,2_39_78_366_2020-01-23 16:04:33.931167,2,CA-323,2-39-78-366,America/Los_Angeles,3853.0,360.0,46.8,130.0,523.0,"Thu, 23 Jan 2020 16:05:01 GMT",True,"Fri, 24 Jan 2020 00:47:34 GMT",3853.0,,,,,,,,,8.918333333333333,0 days 08:55:06,0 days 00:03:20,Clouds generally forming or developing,0,0-1
552,5e3f60b3f9af8b10c08235d7,39,2020-01-23 16:14:48,2020-01-23 18:10:48,2020-01-23 18:10:46,5.695,2_39_78_363_2020-01-23 16:14:28.430731,2,CA-320,2-39-78-363,America/Los_Angeles,2461.0,400.0,8.0,20.0,273.0,"Thu, 23 Jan 2020 16:14:47 GMT",True,"Thu, 23 Jan 2020 20:47:48 GMT",2461.0,,,,,,,,,1.9333333333333333,0 days 01:56:00,0 days 00:00:02,Clouds generally forming or developing,18,18-19
553,5e3f60b3f9af8b10c08235d8,39,2020-01-23 16:31:01,2020-01-23 23:34:24,2020-01-23 23:29:57,10.316,2_39_78_364_2020-01-23 16:31:01.477308,2,CA-495,2-39-78-364,America/Los_Angeles,1470.0,292.0,11.68,40.0,316.0,"Thu, 23 Jan 2020 16:31:16 GMT",True,"Thu, 23 Jan 2020 21:47:01 GMT",1470.0,,,,,,,,,7.056388888888889,0 days 07:03:23,0 days 00:04:27,Clouds generally forming or developing,23,23-24
554,5e3f60b3f9af8b10c08235d9,39,2020-01-23 16:32:20,2020-01-24 04:17:48,2020-01-23 19:12:31,8.779,2_39_124_558_2020-01-23 16:32:20.291655,2,CA-504,2-39-124-558,America/Los_Angeles,1534.0,250.0,10.0,40.0,404.0,"Thu, 23 Jan 2020 16:33:19 GMT",True,"Thu, 23 Jan 2020 23:16:20 GMT",1534.0,,,,,,,,,11.757777777777777,0 days 11:45:28,0 days 09:05:17,Clouds generally forming or developing,4,4-5
555,5e3f60b3f9af8b10c08235da,39,2020-01-23 16:33:02,2020-01-24 00:27:25,2020-01-23 19:47:18,14.071,2_39_79_377_2020-01-23 16:33:02.290203,2,CA-325,2-39-79-377,America/Los_Angeles,1137.0,400.0,40.0,100.0,445.0,"Thu, 23 Jan 2020 16:33:24 GMT",True,"Thu, 23 Jan 2020 23:58:02 GMT",1137.0,,,,,,,,,7.9063888888888885,0 days 07:54:23,0 days 04:40:07,Clouds generally forming or developing,0,0-1
556,5e3f60b3f9af8b10c08235db,39,2020-01-23 16:34:16,2020-01-24 01:21:08,2020-01-24 00:06:39,0.844,2_39_79_378_2020-01-23 16:34:15.600722,2,CA-326,2-39-79-378,America/Los_Angeles,,,,,,,,,,,,,,,,,,8.78111111111111,0 days 08:46:52,0 days 01:14:29,Clouds generally forming or developing,1,1-2
557,5e3f60b3f9af8b10c08235dc,39,2020-01-23 16:37:39,2020-01-23 22:47:52,2020-01-23 22:20:25,0.949,2_39_88_24_2020-01-23 16:37:39.091218,2,CA-314,2-39-88-24,America/Los_Angeles,,,,,,,,,,,,,,,,,,6.170277777777778,0 days 06:10:13,0 days 00:27:27,Clouds generally forming or developing,22,22-23
558,5e3f60b3f9af8b10c08235dd,39,2020-01-23 16:43:07,2020-01-23 22:30:05,2020-01-23 18:47:18,13.339,2_39_89_25_2020-01-23 16:43:06.951834,2,CA-315,2-39-89-25,America/Los_Angeles,171.0,400.0,20.0,50.0,292.0,"Thu, 23 Jan 2020 16:43:36 GMT",True,"Thu, 23 Jan 2020 21:35:07 GMT",171.0,,,,,,,,,5.782777777777778,0 days 05:46:58,0 days 03:42:47,Clouds generally forming or developing,22,22-23
559,5e3f60b3f9af8b10c08235de,39,2020-01-23 16:50:44,2020-01-24 04:46:38,2020-01-23 18:42:07,5.671,2_39_127_19_2020-01-23 16:50:44.390577,2,CA-309,2-39-127-19,America/Los_Angeles,562.0,325.0,6.5,20.0,156.0,"Thu, 23 Jan 2020 16:51:30 GMT",True,"Thu, 23 Jan 2020 19:26:44 GMT",562.0,325.0,6.5,20.0,191.0,"Thu, 23 Jan 2020 16:51:43 GMT",True,"Thu, 23 Jan 2020 20:01:44 GMT",562.0,11.931666666666667,0 days 11:55:54,0 days 10:04:31,Clouds generally forming or developing,4,4-5
560,5e3f60b3f9af8b10c08235df,39,2020-01-23 16:53:20,2020-01-24 03:17:16,2020-01-23 18:26:22,5.303,2_39_129_17_2020-01-23 16:53:19.554105,2,CA-307,2-39-129-17,America/Los_Angeles,712.0,400.0,8.0,20.0,268.0,"Thu, 23 Jan 2020 16:53:27 GMT",True,"Thu, 23 Jan 2020 21:21:20 GMT",712.0,,,,,,,,,10.398888888888889,0 days 10:23:56,0 days 08:50:54,Clouds generally forming or developing,3,3-4
561,5e3f60b3f9af8b10c08235e0,39,2020-01-23 17:04:25,2020-01-24 01:59:07,2020-01-23 18:33:24,4.119,2_39_89_439_2020-01-23 17:04:24.877759,2,CA-501,2-39-89-439,America/Los_Angeles,743.0,400.0,8.0,20.0,466.0,"Thu, 23 Jan 2020 17:04:34 GMT",True,"Fri, 24 Jan 2020 00:50:25 GMT",743.0,,,,,,,,,8.911666666666667,0 days 08:54:42,0 days 07:25:43,Clouds generally forming or developing,1,1-2
562,5e3f60b3f9af8b10c08235e1,39,2020-01-23 17:12:31,2020-01-23 21:44:37,2020-01-23 17:43:46,0.866,2_39_130_31_2020-01-23 17:12:30.738064,2,CA-306,2-39-130-31,America/Los_Angeles,,,,,,,,,,,,,,,,,,4.535,0 days 04:32:06,0 days 04:00:51,Clouds generally forming or developing,21,21-22
563,5e3f60b3f9af8b10c08235e2,39,2020-01-23 17:14:00,2020-01-24 01:53:25,2020-01-23 21:04:18,0.919,2_39_78_365_2020-01-23 17:14:00.353595,2,CA-321,2-39-78-365,America/Los_Angeles,,,,,,,,,,,,,,,,,,8.656944444444445,0 days 08:39:25,0 days 04:49:07,Clouds generally forming or developing,1,1-2
564,5e3f60b3f9af8b10c08235e3,39,2020-01-23 17:52:07,2020-01-24 03:10:54,2020-01-23 19:39:41,11.216,2_39_92_436_2020-01-23 17:52:06.691116,2,CA-318,2-39-92-436,America/Los_Angeles,558.0,400.0,28.0,70.0,60.0,"Thu, 23 Jan 2020 17:52:10 GMT",True,"Thu, 23 Jan 2020 18:52:07 GMT",558.0,,,,,,,,,9.313055555555556,0 days 09:18:47,0 days 07:31:13,Clouds generally forming or developing,3,3-4
565,5e3f60b3f9af8b10c08235e4,39,2020-01-23 17:52:14,2020-01-24 02:14:01,2020-01-23 19:46:41,11.569,2_39_90_26_2020-01-23 17:52:13.670969,2,CA-316,2-39-90-26,America/Los_Angeles,1095.0,400.0,16.0,40.0,444.0,"Thu, 23 Jan 2020 17:52:23 GMT",True,"Fri, 24 Jan 2020 01:16:14 GMT",1095.0,,,,,,,,,8.363055555555556,0 days 08:21:47,0 days 06:27:20,Clouds generally forming or developing,2,2-3
566,5e3f60b3f9af8b10c08235e5,39,2020-01-23 17:54:23,2020-01-24 01:21:44,2020-01-23 19:59:10,6.28,2_39_125_21_2020-01-23 17:54:00.687530,2,CA-311,2-39-125-21,America/Los_Angeles,5594.0,360.0,9.0,25.0,65.0,"Thu, 23 Jan 2020 17:54:23 GMT",True,"Thu, 23 Jan 2020 18:59:23 GMT",5594.0,360.0,9.0,25.0,210.0,"Thu, 23 Jan 2020 20:20:09 GMT",True,"Thu, 23 Jan 2020 21:24:23 GMT",5594.0,7.4558333333333335,0 days 07:27:21,0 days 05:22:34,Clouds generally forming or developing,1,1-2
567,5e3f60b3f9af8b10c08235e6,39,2020-01-23 18:25:34,2020-01-23 20:06:15,2020-01-23 20:06:07,9.742,2_39_91_441_2020-01-23 18:25:34.123335,2,CA-499,2-39-91-441,America/Los_Angeles,1087.0,400.0,28.0,70.0,252.0,"Thu, 23 Jan 2020 18:25:50 GMT",True,"Thu, 23 Jan 2020 22:37:34 GMT",1087.0,,,,,,,,,1.6780555555555556,0 days 01:40:41,0 days 00:00:08,Clouds generally forming or developing,20,20-21
568,5e3f60b3f9af8b10c08235e7,39,2020-01-23 18:30:52,2020-01-24 01:52:33,2020-01-23 19:18:00,1.975,2_39_91_437_2020-01-23 18:30:51.747983,2,CA-317,2-39-91-437,America/Los_Angeles,891.0,400.0,8.0,20.0,215.0,"Thu, 23 Jan 2020 18:31:44 GMT",True,"Thu, 23 Jan 2020 22:05:52 GMT",891.0,,,,,,,,,7.3613888888888885,0 days 07:21:41,0 days 06:34:33,Clouds generally forming or developing,1,1-2
569,5e3f60b3f9af8b10c08235e8,39,2020-01-23 18:38:41,2020-01-24 00:47:20,2020-01-23 23:51:10,1.0,2_39_79_382_2020-01-23 18:38:40.519102,2,CA-491,2-39-79-382,America/Los_Angeles,,,,,,,,,,,,,,,,,,6.144166666666667,0 days 06:08:39,0 days 00:56:10,Clouds generally forming or developing,0,0-1
570,5e3f60b3f9af8b10c08235e9,39,2020-01-23 18:43:54,2020-01-24 04:20:25,2020-01-23 19:55:28,3.901,2_39_124_22_2020-01-23 18:43:53.631837,2,CA-312,2-39-124-22,America/Los_Angeles,567.0,400.0,8.0,20.0,100.0,"Thu, 23 Jan 2020 18:44:10 GMT",True,"Thu, 23 Jan 2020 20:23:54 GMT",567.0,,,,,,,,,9.608611111111111,0 days 09:36:31,0 days 08:24:57,Clouds generally forming or developing,4,4-5
571,5e3f60b3f9af8b10c08235ea,39,2020-01-23 18:44:36,2020-01-24 02:23:10,2020-01-23 22:21:44,11.715,2_39_123_23_2020-01-23 18:44:36.105287,2,CA-313,2-39-123-23,America/Los_Angeles,2170.0,400.0,28.0,70.0,426.0,"Thu, 23 Jan 2020 18:44:41 GMT",True,"Fri, 24 Jan 2020 01:50:36 GMT",2170.0,,,,,,,,,7.642777777777778,0 days 07:38:34,0 days 04:01:26,Clouds generally forming or developing,2,2-3
572,5e3f60b3f9af8b10c08235eb,39,2020-01-23 19:02:37,2020-01-23 20:52:06,2020-01-23 19:33:16,0.915,2_39_138_29_2020-01-23 19:02:36.733889,2,CA-304,2-39-138-29,America/Los_Angeles,,,,,,,,,,,,,,,,,,1.8247222222222221,0 days 01:49:29,0 days 01:18:50,Clouds generally forming or developing,20,20-21
573,5e3f60b3f9af8b10c08235ec,39,2020-01-23 19:08:17,2020-01-24 00:32:44,2020-01-23 21:06:44,12.206,2_39_88_438_2020-01-23 19:08:16.670097,2,CA-502,2-39-88-438,America/Los_Angeles,69.0,400.0,40.0,100.0,363.0,"Thu, 23 Jan 2020 19:08:30 GMT",True,"Fri, 24 Jan 2020 01:11:17 GMT",69.0,,,,,,,,,5.4075,0 days 05:24:27,0 days 03:26:00,Clouds generally forming or developing,0,0-1
574,5e3f60b3f9af8b10c08235ed,39,2020-01-23 20:07:48,2020-01-24 00:07:39,2020-01-23 23:48:28,4.778,2_39_78_367_2020-01-23 20:07:47.538867,2,CA-494,2-39-78-367,America/Los_Angeles,1912.0,400.0,20.0,50.0,250.0,"Thu, 23 Jan 2020 20:08:33 GMT",True,"Fri, 24 Jan 2020 00:17:48 GMT",1912.0,,,,,,,,,3.9975,0 days 03:59:51,0 days 00:19:11,Clouds generally forming or developing,0,0-1
575,5e3f60b3f9af8b10c08235ee,39,2020-01-23 20:19:44,2020-01-24 01:13:06,2020-01-24 00:45:19,1.495,2_39_91_441_2020-01-23 20:19:43.848351,2,CA-499,2-39-91-441,America/Los_Angeles,,,,,,,,,,,,,,,,,,4.889444444444444,0 days 04:53:22,0 days 00:27:47,Clouds generally forming or developing,1,1-2
576,5e3f60b3f9af8b10c08235ef,39,2020-01-23 20:57:43,2020-01-24 04:01:52,2020-01-23 22:56:54,6.469,2_39_128_562_2020-01-23 20:57:42.986128,2,CA-508,2-39-128-562,America/Los_Angeles,1124.0,400.0,8.0,20.0,60.0,"Thu, 23 Jan 2020 20:57:59 GMT",True,"Thu, 23 Jan 2020 21:57:43 GMT",1124.0,,,,,,,,,7.069166666666667,0 days 07:04:09,0 days 05:04:58,Clouds generally forming or developing,4,4-5
577,5e3f60b3f9af8b10c08235f0,39,2020-01-23 21:17:59,2020-01-23 22:30:50,2020-01-23 22:20:10,0.752,2_39_139_28_2020-01-23 21:17:59.157744,2,CA-303,2-39-139-28,America/Los_Angeles,,,,,,,,,,,,,,,,,,1.2141666666666666,0 days 01:12:51,0 days 00:10:40,Clouds generally forming or developing,22,22-23
578,5e3f60b3f9af8b10c08235f1,39,2020-01-23 23:16:12,2020-01-24 01:03:07,2020-01-24 00:06:34,0.928,2_39_89_25_2020-01-23 23:16:11.556172,2,CA-315,2-39-89-25,America/Los_Angeles,,,,,,,,,,,,,,,,,,1.7819444444444446,0 days 01:46:55,0 days 00:56:33,Clouds generally forming or developing,1,1-2
579,5e3f60b3f9af8b10c08235f2,39,2020-01-23 23:47:19,2020-01-24 01:16:15,2020-01-24 01:16:10,10.047,2_39_88_24_2020-01-23 23:47:19.095459,2,CA-314,2-39-88-24,America/Los_Angeles,710.0,261.0,41.76,160.0,458.0,"Thu, 23 Jan 2020 23:47:23 GMT",True,"Fri, 24 Jan 2020 07:25:19 GMT",710.0,,,,,,,,,1.4822222222222223,0 days 01:28:56,0 days 00:00:05,Clouds generally forming or developing,1,1-2
580,5e3f60b3f9af8b10c08235f3,39,2020-01-24 00:01:32,2020-01-24 04:14:33,2020-01-24 02:27:24,1.946,2_39_78_364_2020-01-24 00:01:31.738586,2,CA-495,2-39-78-364,America/Los_Angeles,1920.0,450.0,13.5,30.0,123.0,"Fri, 24 Jan 2020 00:01:46 GMT",True,"Fri, 24 Jan 2020 02:04:32 GMT",1920.0,,,,,,,,,4.216944444444445,0 days 04:13:01,0 days 01:47:09,Clouds generally forming or developing,4,4-5
581,5e3f60b3f9af8b10c08235f4,39,2020-01-24 01:41:50,2020-01-24 03:06:57,2020-01-24 02:24:34,3.87,2_39_126_20_2020-01-24 01:41:35.884179,2,CA-310,2-39-126-20,America/Los_Angeles,3123.0,400.0,4.0,10.0,154.0,"Fri, 24 Jan 2020 01:41:49 GMT",True,"Fri, 24 Jan 2020 04:15:50 GMT",3123.0,,,,,,,,,1.418611111111111,0 days 01:25:07,0 days 00:42:23,Clouds generally forming or developing,3,3-4
582,5e3f60b3f9af8b10c08235f5,39,2020-01-24 02:16:45,2020-01-24 06:06:05,2020-01-24 06:06:01,13.588,2_39_89_25_2020-01-24 02:16:44.871497,2,CA-315,2-39-89-25,America/Los_Angeles,1108.0,400.0,20.0,50.0,254.0,"Fri, 24 Jan 2020 02:16:46 GMT",True,"Fri, 24 Jan 2020 06:30:45 GMT",1108.0,,,,,,,,,3.8222222222222224,0 days 03:49:20,0 days 00:00:04,Clouds generally forming or developing,6,6-7
583,5e3f60b3f9af8b10c08235f6,39,2020-01-24 02:18:50,2020-01-24 02:40:42,2020-01-24 02:40:39,0.628,2_39_78_365_2020-01-24 02:18:49.689971,2,CA-321,2-39-78-365,America/Los_Angeles,,,,,,,,,,,,,,,,,,0.36444444444444446,0 days 00:21:52,0 days 00:00:03,Clouds generally forming or developing,2,2-3
584,5e3f60b3f9af8b10c08235f7,39,2020-01-24 03:14:58,2020-01-24 05:24:56,2020-01-24 04:27:43,3.578,2_39_131_30_2020-01-24 03:14:57.712125,2,CA-305,2-39-131-30,America/Los_Angeles,3818.0,400.0,8.0,20.0,60.0,"Fri, 24 Jan 2020 03:15:09 GMT",True,"Fri, 24 Jan 2020 04:14:58 GMT",3818.0,,,,,,,,,2.1661111111111113,0 days 02:09:58,0 days 00:57:13,Clouds generally forming or developing,5,5-6
585,5e3f60b3f9af8b10c08235f8,39,2020-01-24 03:41:13,2020-01-24 05:08:30,2020-01-24 04:33:41,2.826,2_39_139_28_2020-01-24 03:41:12.781185,2,CA-303,2-39-139-28,America/Los_Angeles,315.0,600.0,18.0,30.0,199.0,"Fri, 24 Jan 2020 03:41:32 GMT",True,"Fri, 24 Jan 2020 07:00:13 GMT",315.0,,,,,,,,,1.4547222222222222,0 days 01:27:17,0 days 00:34:49,Clouds generally forming or developing,5,5-6
586,5e3f60b3f9af8b10c08235f9,39,2020-01-24 04:31:59,2020-01-24 05:46:08,2020-01-24 05:46:03,8.499,2_39_138_29_2020-01-24 04:31:58.627508,2,CA-304,2-39-138-29,America/Los_Angeles,1263.0,400.0,12.0,30.0,115.0,"Fri, 24 Jan 2020 04:32:27 GMT",True,"Fri, 24 Jan 2020 06:26:59 GMT",1263.0,,,,,,,,,1.2358333333333333,0 days 01:14:09,0 days 00:00:05,Clouds generally forming or developing,5,5-6
587,5e40b3a2f9af8b14e4237194,39,2020-01-24 15:31:47,2020-01-24 19:50:13,,3.979,2_39_89_25_2020-01-24 15:31:46.690437,2,CA-315,2-39-89-25,America/Los_Angeles,743.0,400.0,8.0,20.0,405.0,"Fri, 24 Jan 2020 15:31:58 GMT",True,"Fri, 24 Jan 2020 22:16:47 GMT",743.0,,,,,,,,,4.307222222222222,0 days 04:18:26,,Clouds generally forming or developing,19,19-20
588,5e40b3a2f9af8b14e4237195,39,2020-01-24 15:36:50,2020-01-24 19:57:35,,24.23,2_39_139_28_2020-01-24 15:36:50.416133,2,CA-303,2-39-139-28,America/Los_Angeles,710.0,261.0,41.76,160.0,458.0,"Fri, 24 Jan 2020 15:37:07 GMT",True,"Fri, 24 Jan 2020 23:14:50 GMT",710.0,,,,,,,,,4.345833333333333,0 days 04:20:45,,Clouds generally forming or developing,19,19-20
589,5e40b3a2f9af8b14e4237196,39,2020-01-24 15:48:26,2020-01-25 00:33:39,,2.458,2_39_79_382_2020-01-24 15:48:25.568004,2,CA-491,2-39-79-382,America/Los_Angeles,4701.0,300.0,12.0,40.0,400.0,"Fri, 24 Jan 2020 15:49:09 GMT",True,"Fri, 24 Jan 2020 22:28:26 GMT",4701.0,,,,,,,,,8.75361111111111,0 days 08:45:13,,Clouds generally forming or developing,0,0-1
590,5e40b3a2f9af8b14e4237197,39,2020-01-24 15:54:54,2020-01-24 20:05:28,,7.026,2_39_138_29_2020-01-24 15:54:54.359603,2,CA-304,2-39-138-29,America/Los_Angeles,1564.0,300.0,12.0,40.0,335.0,"Fri, 24 Jan 2020 15:55:05 GMT",True,"Fri, 24 Jan 2020 21:29:54 GMT",1564.0,,,,,,,,,4.176111111111111,0 days 04:10:34,,Clouds generally forming or developing,20,20-21
591,5e40b3a2f9af8b14e4237198,39,2020-01-24 16:01:14,2020-01-24 18:15:33,,0.848,2_39_79_380_2020-01-24 16:01:14.203948,2,CA-489,2-39-79-380,America/Los_Angeles,,,,,,,,,,,,,,,,,,2.238611111111111,0 days 02:14:19,,Clouds generally forming or developing,18,18-19
592,5e40b3a2f9af8b14e4237199,39,2020-01-24 16:06:33,2020-01-24 23:26:21,,15.378,2_39_129_17_2020-01-24 16:06:18.580438,2,CA-307,2-39-129-17,America/Los_Angeles,4947.0,380.0,19.0,50.0,462.0,"Fri, 24 Jan 2020 16:06:33 GMT",True,"Fri, 24 Jan 2020 23:48:33 GMT",4947.0,,,,,,,,,7.33,0 days 07:19:48,,Clouds generally forming or developing,23,23-24
593,5e40b3a2f9af8b14e423719a,39,2020-01-24 16:23:49,2020-01-25 01:00:53,,26.381,2_39_78_364_2020-01-24 16:23:49.031182,2,CA-495,2-39-78-364,America/Los_Angeles,3449.0,276.0,38.64,140.0,266.0,"Fri, 24 Jan 2020 16:24:09 GMT",True,"Fri, 24 Jan 2020 20:49:49 GMT",3449.0,,,,,,,,,8.617777777777778,0 days 08:37:04,,Clouds generally forming or developing,1,1-2
594,5e40b3a2f9af8b14e423719b,39,2020-01-24 17:03:37,2020-01-25 02:02:44,,4.906,2_39_127_19_2020-01-24 17:03:37.361063,2,CA-309,2-39-127-19,America/Los_Angeles,712.0,400.0,12.0,30.0,349.0,"Fri, 24 Jan 2020 17:03:46 GMT",True,"Fri, 24 Jan 2020 22:52:37 GMT",712.0,,,,,,,,,8.985277777777778,0 days 08:59:07,,Clouds generally forming or developing,2,2-3
595,5e40b3a2f9af8b14e423719c,39,2020-01-24 17:09:23,2020-01-25 01:26:14,,14.64,2_39_79_376_2020-01-24 17:09:23.379640,2,CA-324,2-39-79-376,America/Los_Angeles,364.0,400.0,52.0,130.0,464.0,"Fri, 24 Jan 2020 17:10:56 GMT",True,"Sat, 25 Jan 2020 00:53:23 GMT",364.0,,,,,,,,,8.280833333333334,0 days 08:16:51,,Clouds generally forming or developing,1,1-2
596,5e40b3a2f9af8b14e423719d,39,2020-01-24 17:12:09,2020-01-25 03:14:06,,3.704,2_39_125_21_2020-01-24 17:12:09.321183,2,CA-311,2-39-125-21,America/Los_Angeles,567.0,400.0,8.0,20.0,100.0,"Fri, 24 Jan 2020 17:12:18 GMT",True,"Fri, 24 Jan 2020 18:52:09 GMT",567.0,,,,,,,,,10.0325,0 days 10:01:57,,Clouds generally forming or developing,3,3-4
597,5e40b3a2f9af8b14e423719e,39,2020-01-24 17:27:07,2020-01-25 01:13:02,,7.538,2_39_124_22_2020-01-24 17:27:07.025835,2,CA-312,2-39-124-22,America/Los_Angeles,620.0,400.0,12.0,30.0,450.0,"Fri, 24 Jan 2020 17:27:22 GMT",True,"Sat, 25 Jan 2020 00:57:07 GMT",620.0,,,,,,,,,7.7652777777777775,0 days 07:45:55,,Clouds generally forming or developing,1,1-2
598,5e40b3a2f9af8b14e423719f,39,2020-01-24 17:32:07,2020-01-25 01:58:02,,10.007,2_39_79_377_2020-01-24 17:32:07.081582,2,CA-325,2-39-79-377,America/Los_Angeles,515.0,400.0,20.0,50.0,482.0,"Fri, 24 Jan 2020 17:32:24 GMT",True,"Sat, 25 Jan 2020 01:34:07 GMT",515.0,400.0,20.0,50.0,482.0,"Fri, 24 Jan 2020 17:32:59 GMT",True,"Sat, 25 Jan 2020 01:34:07 GMT",515.0,8.431944444444444,0 days 08:25:55,,Clouds generally forming or developing,1,1-2
599,5e40b3a2f9af8b14e42371a0,39,2020-01-24 17:36:48,2020-01-25 01:06:15,,11.817,2_39_92_442_2020-01-24 17:36:48.264557,2,CA-498,2-39-92-442,America/Los_Angeles,69.0,400.0,40.0,100.0,363.0,"Fri, 24 Jan 2020 17:37:09 GMT",True,"Fri, 24 Jan 2020 23:39:48 GMT",69.0,,,,,,,,,7.490833333333334,0 days 07:29:27,,Clouds generally forming or developing,1,1-2
600,5e40b3a2f9af8b14e42371a1,39,2020-01-24 17:38:38,2020-01-24 20:34:33,,5.176,2_39_123_23_2020-01-24 17:38:37.825355,2,CA-313,2-39-123-23,America/Los_Angeles,562.0,325.0,6.5,20.0,161.0,"Fri, 24 Jan 2020 17:39:15 GMT",True,"Fri, 24 Jan 2020 20:19:38 GMT",562.0,,,,,,,,,2.9319444444444445,0 days 02:55:55,,Clouds generally forming or developing,20,20-21
601,5e40b3a2f9af8b14e42371a2,39,2020-01-24 17:39:54,2020-01-25 01:45:52,,2.188,2_39_78_363_2020-01-24 17:39:53.949731,2,CA-320,2-39-78-363,America/Los_Angeles,891.0,400.0,8.0,20.0,215.0,"Fri, 24 Jan 2020 17:40:09 GMT",True,"Fri, 24 Jan 2020 21:14:54 GMT",891.0,,,,,,,,,8.099444444444444,0 days 08:05:58,,Clouds generally forming or developing,1,1-2
602,5e40b3a2f9af8b14e42371a3,39,2020-01-24 17:47:26,2020-01-24 23:47:05,,13.307,2_39_90_26_2020-01-24 17:47:25.343091,2,CA-316,2-39-90-26,America/Los_Angeles,1912.0,400.0,20.0,50.0,333.0,"Fri, 24 Jan 2020 17:47:25 GMT",True,"Fri, 24 Jan 2020 23:20:26 GMT",1912.0,,,,,,,,,5.994166666666667,0 days 05:59:39,,Clouds generally forming or developing,23,23-24
603,5e40b3a2f9af8b14e42371a4,39,2020-01-24 17:50:56,2020-01-25 04:14:52,,2.117,2_39_91_437_2020-01-24 17:50:55.841591,2,CA-317,2-39-91-437,America/Los_Angeles,324.0,444.0,8.88,20.0,132.0,"Fri, 24 Jan 2020 17:51:40 GMT",True,"Fri, 24 Jan 2020 20:02:56 GMT",324.0,,,,,,,,,10.398888888888889,0 days 10:23:56,,Clouds generally forming or developing,4,4-5
604,5e40b3a2f9af8b14e42371a5,39,2020-01-24 17:52:10,2020-01-25 02:23:48,,11.127,2_39_95_27_2020-01-24 17:52:09.868787,2,CA-319,2-39-95-27,America/Los_Angeles,2170.0,400.0,28.0,70.0,426.0,"Fri, 24 Jan 2020 17:52:17 GMT",True,"Sat, 25 Jan 2020 00:58:10 GMT",2170.0,,,,,,,,,8.527222222222223,0 days 08:31:38,,Clouds generally forming or developing,2,2-3
605,5e40b3a2f9af8b14e42371a6,39,2020-01-24 17:53:38,2020-01-25 03:16:19,,11.238,2_39_78_365_2020-01-24 17:53:38.008036,2,CA-321,2-39-78-365,America/Los_Angeles,558.0,400.0,28.0,70.0,60.0,"Fri, 24 Jan 2020 17:53:41 GMT",True,"Fri, 24 Jan 2020 18:53:38 GMT",558.0,,,,,,,,,9.378055555555555,0 days 09:22:41,,Clouds generally forming or developing,3,3-4
606,5e40b3a2f9af8b14e42371a7,39,2020-01-24 18:14:57,2020-01-25 02:12:31,,12.474,2_39_78_360_2020-01-24 18:14:57.109529,2,CA-322,2-39-78-360,America/Los_Angeles,1095.0,400.0,16.0,40.0,444.0,"Fri, 24 Jan 2020 18:15:02 GMT",True,"Sat, 25 Jan 2020 01:38:57 GMT",1095.0,,,,,,,,,7.959444444444444,0 days 07:57:34,,Clouds generally forming or developing,2,2-3
607,5e40b3a2f9af8b14e42371a8,39,2020-01-24 18:51:25,2020-01-24 20:54:14,,0.838,2_39_90_440_2020-01-24 18:51:25.047588,2,CA-500,2-39-90-440,America/Los_Angeles,,,,,,,,,,,,,,,,,,2.0469444444444442,0 days 02:02:49,,Clouds generally forming or developing,20,20-21
608,5e40b3a2f9af8b14e42371a9,39,2020-01-24 18:52:48,2020-01-25 00:42:45,,16.864,2_39_88_24_2020-01-24 18:52:48.375118,2,CA-314,2-39-88-24,America/Los_Angeles,832.0,400.0,28.0,70.0,350.0,"Fri, 24 Jan 2020 18:54:28 GMT",True,"Sat, 25 Jan 2020 00:42:48 GMT",832.0,,,,,,,,,5.8325,0 days 05:49:57,,Clouds generally forming or developing,0,0-1
609,5e40b3a2f9af8b14e42371aa,39,2020-01-24 19:15:24,2020-01-24 22:55:22,,0.916,2_39_79_383_2020-01-24 19:15:23.889114,2,CA-492,2-39-79-383,America/Los_Angeles,,,,,,,,,,,,,,,,,,3.6661111111111113,0 days 03:39:58,,Clouds generally forming or developing,22,22-23
610,5e40b3a2f9af8b14e42371ab,39,2020-01-24 19:25:21,2020-01-25 01:27:57,,34.211,2_39_91_441_2020-01-24 19:25:20.518727,2,CA-499,2-39-91-441,America/Los_Angeles,3270.0,200.0,40.0,200.0,466.0,"Fri, 24 Jan 2020 20:08:57 GMT",True,"Sat, 25 Jan 2020 03:11:21 GMT",3270.0,200.0,40.0,200.0,466.0,"Fri, 24 Jan 2020 20:09:12 GMT",True,"Sat, 25 Jan 2020 03:11:21 GMT",3270.0,6.043333333333333,0 days 06:02:36,,Clouds generally forming or developing,1,1-2
611,5e40b3a2f9af8b14e42371ac,39,2020-01-24 19:38:07,2020-01-25 01:02:21,,14.37,2_39_78_367_2020-01-24 19:38:06.627576,2,CA-494,2-39-78-367,America/Los_Angeles,1470.0,292.0,17.52,60.0,316.0,"Fri, 24 Jan 2020 19:38:21 GMT",True,"Sat, 25 Jan 2020 00:54:07 GMT",1470.0,,,,,,,,,5.403888888888889,0 days 05:24:14,,Clouds generally forming or developing,1,1-2
612,5e40b3a2f9af8b14e42371ad,39,2020-01-24 20:22:34,2020-01-25 06:46:15,,6.586,2_39_79_379_2020-01-24 20:22:20.360154,2,CA-327,2-39-79-379,America/Los_Angeles,1111.0,400.0,12.0,30.0,99.0,"Fri, 24 Jan 2020 20:22:34 GMT",True,"Fri, 24 Jan 2020 22:01:34 GMT",1111.0,,,,,,,,,10.394722222222223,0 days 10:23:41,,Clouds generally forming or developing,6,6-7
613,5e40b3a2f9af8b14e42371ae,39,2020-01-24 20:47:13,2020-01-25 02:37:16,,6.572,2_39_78_362_2020-01-24 20:47:13.058417,2,CA-496,2-39-78-362,America/Los_Angeles,1124.0,400.0,8.0,20.0,60.0,"Fri, 24 Jan 2020 20:47:27 GMT",True,"Fri, 24 Jan 2020 21:47:13 GMT",1124.0,,,,,,,,,5.8341666666666665,0 days 05:50:03,,Clouds generally forming or developing,2,2-3
614,5e40b3a2f9af8b14e42371af,39,2020-01-24 21:19:11,2020-01-24 23:42:13,,0.772,2_39_78_366_2020-01-24 21:19:10.794043,2,CA-323,2-39-78-366,America/Los_Angeles,,,,,,,,,,,,,,,,,,2.383888888888889,0 days 02:23:02,,Clouds generally forming or developing,23,23-24
615,5e40b3a2f9af8b14e42371b0,39,2020-01-24 21:20:42,2020-01-25 01:36:46,,0.873,2_39_95_444_2020-01-24 21:20:41.799243,2,CA-497,2-39-95-444,America/Los_Angeles,,,,,,,,,,,,,,,,,,4.267777777777778,0 days 04:16:04,,Clouds generally forming or developing,1,1-2
616,5e40b3a2f9af8b14e42371b1,39,2020-01-24 21:23:00,2020-01-25 01:29:26,,0.802,2_39_92_436_2020-01-24 21:22:59.928333,2,CA-318,2-39-92-436,America/Los_Angeles,,,,,,,,,,,,,,,,,,4.107222222222222,0 days 04:06:26,,Clouds generally forming or developing,1,1-2
617,5e40b3a2f9af8b14e42371b2,39,2020-01-24 21:50:08,2020-01-24 23:00:13,,7.945,2_39_90_440_2020-01-24 21:50:00.149630,2,CA-500,2-39-90-440,America/Los_Angeles,3111.0,250.0,10.0,40.0,93.0,"Fri, 24 Jan 2020 21:50:07 GMT",True,"Fri, 24 Jan 2020 23:23:08 GMT",3111.0,,,,,,,,,1.1680555555555556,0 days 01:10:05,,Clouds generally forming or developing,23,23-24
618,5e40b3a2f9af8b14e42371b3,39,2020-01-24 21:53:02,2020-01-25 03:26:28,,1.644,2_39_131_30_2020-01-24 21:53:01.792307,2,CA-305,2-39-131-30,America/Los_Angeles,562.0,325.0,3.25,10.0,220.0,"Fri, 24 Jan 2020 21:53:23 GMT",True,"Sat, 25 Jan 2020 01:33:02 GMT",562.0,,,,,,,,,5.557222222222222,0 days 05:33:26,,Clouds generally forming or developing,3,3-4
619,5e40b3a2f9af8b14e42371b4,39,2020-01-24 22:26:31,2020-01-25 01:08:23,,2.034,2_39_78_361_2020-01-24 22:26:30.683646,2,CA-493,2-39-78-361,America/Los_Angeles,751.0,400.0,40.0,100.0,717.0,"Fri, 24 Jan 2020 22:26:43 GMT",True,"Sat, 25 Jan 2020 10:23:31 GMT",751.0,,,,,,,,,2.6977777777777776,0 days 02:41:52,,Clouds generally forming or developing,1,1-2
620,5e40b3a2f9af8b14e42371b5,39,2020-01-24 23:18:01,2020-01-25 02:17:46,,5.24,2_39_79_383_2020-01-24 23:18:01.053013,2,CA-492,2-39-79-383,America/Los_Angeles,1864.0,400.0,12.0,30.0,121.0,"Fri, 24 Jan 2020 23:18:16 GMT",True,"Sat, 25 Jan 2020 01:19:01 GMT",1864.0,,,,,,,,,2.995833333333333,0 days 02:59:45,,Clouds generally forming or developing,2,2-3
621,5e40b3a2f9af8b14e42371b6,39,2020-01-25 00:49:27,2020-01-25 02:29:37,,1.998,2_39_89_25_2020-01-25 00:49:26.773768,2,CA-315,2-39-89-25,America/Los_Angeles,1920.0,450.0,9.0,20.0,123.0,"Sat, 25 Jan 2020 00:49:54 GMT",True,"Sat, 25 Jan 2020 02:52:27 GMT",1920.0,450.0,13.5,30.0,123.0,"Sat, 25 Jan 2020 00:50:09 GMT",True,"Sat, 25 Jan 2020 02:52:27 GMT",1920.0,1.6694444444444445,0 days 01:40:10,,Clouds generally forming or developing,2,2-3
622,5e40b3a2f9af8b14e42371b7,39,2020-01-25 01:18:51,2020-01-25 02:34:27,,4.377,2_39_129_17_2020-01-25 01:18:50.803877,2,CA-307,2-39-129-17,America/Los_Angeles,365.0,333.0,9.99,30.0,104.0,"Sat, 25 Jan 2020 01:19:06 GMT",True,"Sat, 25 Jan 2020 03:02:51 GMT",365.0,,,,,,,,,1.26,0 days 01:15:36,,Clouds generally forming or developing,2,2-3
623,5e40b3a2f9af8b14e42371b8,39,2020-01-25 04:45:23,2020-01-25 17:06:48,,27.916,2_39_79_377_2020-01-25 04:45:22.511208,2,CA-325,2-39-79-377,America/Los_Angeles,1509.0,400.0,28.0,70.0,658.0,"Sat, 25 Jan 2020 04:47:46 GMT",True,"Sat, 25 Jan 2020 15:43:23 GMT",1509.0,,,,,,,,,12.356944444444444,0 days 12:21:25,,Clouds generally forming or developing,17,17-18
624,5e42039cf9af8b18da1b5afa,39,2020-01-25 16:36:03,2020-01-25 20:20:45,2020-01-25 20:20:40,13.199,2_39_91_437_2020-01-25 16:36:03.069820,2,CA-317,2-39-91-437,America/Los_Angeles,1108.0,400.0,20.0,50.0,254.0,"Sat, 25 Jan 2020 16:36:04 GMT",True,"Sat, 25 Jan 2020 20:50:03 GMT",1108.0,,,,,,,,,3.745,0 days 03:44:42,0 days 00:00:05,Clouds generally forming or developing,20,20-21
625,5e42039cf9af8b18da1b5afb,39,2020-01-25 17:21:29,2020-01-25 19:42:10,,7.923,2_39_131_30_2020-01-25 17:21:29.279766,2,CA-305,2-39-131-30,America/Los_Angeles,2087.0,400.0,8.0,20.0,315.0,"Sat, 25 Jan 2020 17:22:16 GMT",True,"Sat, 25 Jan 2020 22:36:29 GMT",2087.0,400.0,8.0,20.0,316.0,"Sat, 25 Jan 2020 17:23:29 GMT",True,"Sat, 25 Jan 2020 22:37:29 GMT",2087.0,2.3447222222222224,0 days 02:20:41,,Clouds generally forming or developing,19,19-20
626,5e42039cf9af8b18da1b5afc,39,2020-01-25 18:59:12,2020-01-25 19:18:38,,0.571,2_39_123_23_2020-01-25 18:59:11.648204,2,CA-313,2-39-123-23,America/Los_Angeles,,,,,,,,,,,,,,,,,,0.3238888888888889,0 days 00:19:26,,Clouds generally forming or developing,19,19-20
627,5e42039cf9af8b18da1b5afd,39,2020-01-25 19:44:08,2020-01-25 20:07:24,2020-01-25 20:07:19,0.716,2_39_131_30_2020-01-25 19:44:08.471149,2,CA-305,2-39-131-30,America/Los_Angeles,,,,,,,,,,,,,,,,,,0.3877777777777778,0 days 00:23:16,0 days 00:00:05,Clouds generally forming or developing,20,20-21
628,5e42039cf9af8b18da1b5afe,39,2020-01-25 23:52:25,2020-01-26 01:11:35,2020-01-26 00:22:49,0.837,2_39_127_19_2020-01-25 23:52:25.340492,2,CA-309,2-39-127-19,America/Los_Angeles,,,,,,,,,,,,,,,,,,1.3194444444444444,0 days 01:19:10,0 days 00:48:46,"Drizzle, not freezing, continuous",1,1-2
629,5e42039cf9af8b18da1b5aff,39,2020-01-26 00:54:52,2020-01-26 02:23:36,2020-01-26 01:38:48,2.064,2_39_125_21_2020-01-26 00:54:51.738909,2,CA-311,2-39-125-21,America/Los_Angeles,1920.0,450.0,13.5,30.0,151.0,"Sun, 26 Jan 2020 00:55:21 GMT",True,"Sun, 26 Jan 2020 03:25:52 GMT",1920.0,450.0,13.5,30.0,145.0,"Sun, 26 Jan 2020 00:55:31 GMT",True,"Sun, 26 Jan 2020 03:19:52 GMT",1920.0,1.478888888888889,0 days 01:28:44,0 days 00:44:48,"Drizzle, not freezing, continuous",2,2-3
630,5e42039cf9af8b18da1b5b00,39,2020-01-26 02:59:57,2020-01-26 04:00:14,2020-01-26 04:00:10,3.532,2_39_139_28_2020-01-26 02:59:56.692879,2,CA-303,2-39-139-28,America/Los_Angeles,315.0,600.0,18.0,30.0,199.0,"Sun, 26 Jan 2020 03:00:16 GMT",True,"Sun, 26 Jan 2020 06:18:57 GMT",315.0,,,,,,,,,1.0047222222222223,0 days 01:00:17,0 days 00:00:04,"Drizzle, not freezing, continuous",4,4-5
631,5e43551cf9af8b1cc37614a9,39,2020-01-26 17:11:38,2020-01-27 01:03:52,2020-01-26 22:27:20,34.89,2_39_79_377_2020-01-26 17:11:38.352273,2,CA-325,2-39-79-377,America/Los_Angeles,248.0,250.0,35.0,140.0,410.0,"Sun, 26 Jan 2020 17:12:12 GMT",True,"Mon, 27 Jan 2020 00:01:38 GMT",248.0,,,,,,,,,7.870555555555556,0 days 07:52:14,0 days 02:36:32,"Drizzle, not freezing, continuous",1,1-2
632,5e43551cf9af8b1cc37614aa,39,2020-01-26 17:37:04,2020-01-26 18:59:10,2020-01-26 18:59:06,4.387,2_39_139_28_2020-01-26 17:37:04.262165,2,CA-303,2-39-139-28,America/Los_Angeles,1236.0,400.0,8.0,20.0,60.0,"Sun, 26 Jan 2020 17:40:52 GMT",True,"Sun, 26 Jan 2020 18:37:04 GMT",1236.0,,,,,,,,,1.3683333333333334,0 days 01:22:06,0 days 00:00:04,"Drizzle, not freezing, continuous",18,18-19
633,5e43551cf9af8b1cc37614ab,39,2020-01-26 20:48:42,2020-01-26 22:17:38,2020-01-26 21:19:26,0.829,2_39_131_30_2020-01-26 20:48:42.379894,2,CA-305,2-39-131-30,America/Los_Angeles,,,,,,,,,,,,,,,,,,1.4822222222222223,0 days 01:28:56,0 days 00:58:12,"Drizzle, not freezing, continuous",22,22-23
634,5e43551cf9af8b1cc37614ac,39,2020-01-26 21:40:24,2020-01-26 23:42:14,2020-01-26 23:29:49,5.494,2_39_128_18_2020-01-26 21:40:24.091561,2,CA-308,2-39-128-18,America/Los_Angeles,4622.0,300.0,6.0,20.0,129.0,"Sun, 26 Jan 2020 21:40:41 GMT",True,"Sun, 26 Jan 2020 23:49:24 GMT",4622.0,,,,,,,,,2.0305555555555554,0 days 02:01:50,0 days 00:12:25,"Drizzle, not freezing, continuous",23,23-24
635,5e43551cf9af8b1cc37614ad,39,2020-01-27 01:01:39,2020-01-27 05:26:59,2020-01-27 05:26:55,27.419,2_39_91_437_2020-01-27 01:01:39.151278,2,CA-317,2-39-91-437,America/Los_Angeles,292.0,200.0,60.0,300.0,644.0,"Mon, 27 Jan 2020 01:02:24 GMT",True,"Mon, 27 Jan 2020 11:45:39 GMT",292.0,,,,,,,,,4.4222222222222225,0 days 04:25:20,0 days 00:00:04,"Drizzle, not freezing, continuous",5,5-6
636,5e43551cf9af8b1cc37614ae,39,2020-01-27 01:57:42,2020-01-27 04:22:40,2020-01-27 02:57:39,0.866,2_39_130_31_2020-01-27 01:57:42.422917,2,CA-306,2-39-130-31,America/Los_Angeles,,,,,,,,,,,,,,,,,,2.4161111111111113,0 days 02:24:58,0 days 01:25:01,"Drizzle, not freezing, continuous",4,4-5
637,5e44a6aef9af8b20e525034b,39,2020-01-27 14:49:30,2020-01-28 22:14:23,2020-01-27 20:42:10,15.137,2_39_78_367_2020-01-27 14:49:30.200031,2,CA-494,2-39-78-367,America/Los_Angeles,4913.0,400.0,20.0,50.0,720.0,"Mon, 27 Jan 2020 14:50:25 GMT",True,"Tue, 28 Jan 2020 02:49:30 GMT",4913.0,,,,,,,,,31.414722222222224,1 days 07:24:53,1 days 01:32:13,Continuous fall of snowflakes,22,22-23
638,5e44a6aef9af8b20e525034c,39,2020-01-27 15:54:26,2020-01-27 16:25:22,2020-01-27 16:24:58,0.878,2_39_79_382_2020-01-27 15:54:25.943707,2,CA-491,2-39-79-382,America/Los_Angeles,,,,,,,,,,,,,,,,,,0.5155555555555555,0 days 00:30:56,0 days 00:00:24,"Drizzle, not freezing, continuous",16,16-17
639,5e44a6aef9af8b20e525034d,39,2020-01-27 15:56:07,2020-01-28 02:23:48,2020-01-27 21:42:57,29.363,2_39_139_28_2020-01-27 15:56:06.764738,2,CA-303,2-39-139-28,America/Los_Angeles,710.0,400.0,56.0,140.0,273.0,"Mon, 27 Jan 2020 16:32:12 GMT",True,"Mon, 27 Jan 2020 20:29:07 GMT",710.0,,,,,,,,,10.461388888888889,0 days 10:27:41,0 days 04:40:51,Continuous fall of snowflakes,2,2-3
640,5e44a6aef9af8b20e525034e,39,2020-01-27 16:09:07,2020-01-28 01:48:40,2020-01-27 20:20:23,14.528,2_39_131_30_2020-01-27 16:09:06.638144,2,CA-305,2-39-131-30,America/Los_Angeles,4947.0,380.0,19.0,50.0,462.0,"Mon, 27 Jan 2020 16:09:34 GMT",True,"Mon, 27 Jan 2020 23:51:07 GMT",4947.0,,,,,,,,,9.659166666666666,0 days 09:39:33,0 days 05:28:17,Continuous fall of snowflakes,1,1-2
641,5e44a6aef9af8b20e525034f,39,2020-01-27 16:10:36,2020-01-28 04:51:08,2020-01-27 18:58:59,6.391,2_39_79_377_2020-01-27 16:10:12.051840,2,CA-325,2-39-79-377,America/Los_Angeles,5594.0,360.0,9.0,25.0,210.0,"Mon, 27 Jan 2020 16:10:36 GMT",True,"Mon, 27 Jan 2020 19:40:36 GMT",5594.0,360.0,9.0,25.0,245.0,"Mon, 27 Jan 2020 16:45:26 GMT",True,"Mon, 27 Jan 2020 20:15:36 GMT",5594.0,12.675555555555556,0 days 12:40:32,0 days 09:52:09,Continuous fall of snowflakes,4,4-5
642,5e44a6aef9af8b20e5250350,39,2020-01-27 16:22:44,2020-01-28 01:33:11,2020-01-27 17:50:31,7.725,2_39_79_383_2020-01-27 16:22:43.525977,2,CA-492,2-39-79-383,America/Los_Angeles,1470.0,292.0,29.2,100.0,424.0,"Mon, 27 Jan 2020 16:22:58 GMT",True,"Mon, 27 Jan 2020 23:26:44 GMT",1470.0,292.0,29.2,100.0,314.0,"Mon, 27 Jan 2020 20:37:39 GMT",True,"Mon, 27 Jan 2020 21:36:44 GMT",1470.0,9.174166666666666,0 days 09:10:27,0 days 07:42:40,Continuous fall of snowflakes,1,1-2
643,5e44a6aef9af8b20e5250351,39,2020-01-27 16:30:06,2020-01-27 22:26:53,2020-01-27 21:28:17,12.735,2_39_78_366_2020-01-27 16:30:06.487680,2,CA-323,2-39-78-366,America/Los_Angeles,68.0,214.0,12.84,60.0,263.0,"Mon, 27 Jan 2020 16:30:22 GMT",True,"Mon, 27 Jan 2020 20:53:06 GMT",68.0,214.0,12.84,60.0,263.0,"Mon, 27 Jan 2020 22:26:42 GMT",True,"Mon, 27 Jan 2020 20:53:06 GMT",68.0,5.9463888888888885,0 days 05:56:47,0 days 00:58:36,"Drizzle, not freezing, continuous",22,22-23
644,5e44a6aef9af8b20e5250352,39,2020-01-27 16:30:26,2020-01-27 19:54:30,2020-01-27 19:54:17,12.848,2_39_79_380_2020-01-27 16:30:25.599299,2,CA-489,2-39-79-380,America/Los_Angeles,3449.0,276.0,38.64,140.0,463.0,"Mon, 27 Jan 2020 17:48:17 GMT",True,"Tue, 28 Jan 2020 00:13:26 GMT",3449.0,,,,,,,,,3.401111111111111,0 days 03:24:04,0 days 00:00:13,"Drizzle, not freezing, continuous",19,19-20
645,5e44a6aef9af8b20e5250353,39,2020-01-27 16:31:43,2020-01-28 01:15:57,2020-01-27 16:53:14,1.314,2_39_79_378_2020-01-27 16:31:42.682560,2,CA-326,2-39-79-378,America/Los_Angeles,751.0,400.0,40.0,100.0,717.0,"Mon, 27 Jan 2020 16:31:53 GMT",True,"Tue, 28 Jan 2020 04:28:43 GMT",751.0,,,,,,,,,8.737222222222222,0 days 08:44:14,0 days 08:22:43,Continuous fall of snowflakes,1,1-2
646,5e44a6aef9af8b20e5250354,39,2020-01-27 16:37:05,2020-01-28 02:11:34,2020-01-28 01:13:26,9.964,2_39_126_560_2020-01-27 16:37:04.852939,2,CA-506,2-39-126-560,America/Los_Angeles,1534.0,250.0,10.0,40.0,404.0,"Mon, 27 Jan 2020 16:37:48 GMT",True,"Mon, 27 Jan 2020 23:21:05 GMT",1534.0,,,,,,,,,9.574722222222222,0 days 09:34:29,0 days 00:58:08,Continuous fall of snowflakes,2,2-3
647,5e44a6aef9af8b20e5250355,39,2020-01-27 16:37:46,2020-01-28 01:25:06,2020-01-27 19:27:36,13.158,2_39_88_24_2020-01-27 16:37:45.715489,2,CA-314,2-39-88-24,America/Los_Angeles,1153.0,600.0,18.0,30.0,434.0,"Mon, 27 Jan 2020 16:39:33 GMT",True,"Mon, 27 Jan 2020 23:51:46 GMT",1153.0,,,,,,,,,8.78888888888889,0 days 08:47:20,0 days 05:57:30,Continuous fall of snowflakes,1,1-2
648,5e44a6aef9af8b20e5250356,39,2020-01-27 16:38:53,2020-01-28 01:40:59,2020-01-27 23:51:09,6.301,2_39_79_376_2020-01-27 16:38:52.668164,2,CA-324,2-39-79-376,America/Los_Angeles,5368.0,400.0,8.0,20.0,60.0,"Tue, 28 Jan 2020 00:16:07 GMT",True,"Mon, 27 Jan 2020 17:38:53 GMT",5368.0,400.0,8.0,20.0,60.0,"Tue, 28 Jan 2020 00:16:40 GMT",True,"Mon, 27 Jan 2020 17:38:53 GMT",5368.0,9.035,0 days 09:02:06,0 days 01:49:50,Continuous fall of snowflakes,1,1-2
649,5e44a6aef9af8b20e5250357,39,2020-01-27 16:40:05,2020-01-28 02:07:56,2020-01-27 21:06:44,15.267,2_39_127_19_2020-01-27 16:40:04.636232,2,CA-309,2-39-127-19,America/Los_Angeles,712.0,400.0,24.0,60.0,349.0,"Mon, 27 Jan 2020 16:40:10 GMT",True,"Mon, 27 Jan 2020 22:29:05 GMT",712.0,,,,,,,,,9.464166666666667,0 days 09:27:51,0 days 05:01:12,Continuous fall of snowflakes,2,2-3
650,5e44a6aef9af8b20e5250358,39,2020-01-27 16:45:18,2020-01-27 22:33:15,2020-01-27 21:57:56,37.6,2_39_89_439_2020-01-27 16:45:17.888023,2,CA-501,2-39-89-439,America/Los_Angeles,273.0,400.0,40.0,100.0,460.0,"Mon, 27 Jan 2020 16:48:23 GMT",True,"Tue, 28 Jan 2020 00:25:18 GMT",273.0,400.0,40.0,100.0,460.0,"Mon, 27 Jan 2020 22:33:04 GMT",True,"Tue, 28 Jan 2020 00:25:18 GMT",273.0,5.799166666666666,0 days 05:47:57,0 days 00:35:19,"Drizzle, not freezing, continuous",22,22-23
651,5e44a6aef9af8b20e5250359,39,2020-01-27 16:58:56,2020-01-28 00:46:53,2020-01-27 20:20:26,19.15,2_39_79_382_2020-01-27 16:58:55.786901,2,CA-491,2-39-79-382,America/Los_Angeles,1104.0,250.0,37.5,150.0,436.0,"Mon, 27 Jan 2020 16:59:53 GMT",True,"Tue, 28 Jan 2020 00:14:56 GMT",1104.0,,,,,,,,,7.799166666666666,0 days 07:47:57,0 days 04:26:27,Continuous fall of snowflakes,0,0-1
652,5e44a6aef9af8b20e525035a,39,2020-01-27 17:01:02,2020-01-28 00:29:55,2020-01-27 21:06:44,8.604,2_39_78_361_2020-01-27 17:01:01.929572,2,CA-493,2-39-78-361,America/Los_Angeles,1137.0,400.0,24.0,60.0,421.0,"Mon, 27 Jan 2020 17:01:31 GMT",True,"Tue, 28 Jan 2020 00:02:02 GMT",1137.0,,,,,,,,,7.481388888888889,0 days 07:28:53,0 days 03:23:11,Continuous fall of snowflakes,0,0-1
653,5e44a6aef9af8b20e525035b,39,2020-01-27 17:06:46,2020-01-28 02:37:39,2020-01-27 18:35:14,4.544,2_39_125_21_2020-01-27 17:06:46.315720,2,CA-311,2-39-125-21,America/Los_Angeles,567.0,400.0,8.0,20.0,100.0,"Mon, 27 Jan 2020 17:06:56 GMT",True,"Mon, 27 Jan 2020 18:46:46 GMT",567.0,400.0,8.0,20.0,100.0,"Mon, 27 Jan 2020 17:07:01 GMT",True,"Mon, 27 Jan 2020 18:46:46 GMT",567.0,9.514722222222222,0 days 09:30:53,0 days 08:02:25,Continuous fall of snowflakes,2,2-3
654,5e44a6aef9af8b20e525035c,39,2020-01-27 17:07:15,2020-01-28 00:23:33,2020-01-28 00:23:29,40.82,2_39_78_363_2020-01-27 17:07:14.979655,2,CA-320,2-39-78-363,America/Los_Angeles,564.0,231.0,46.2,200.0,549.0,"Mon, 27 Jan 2020 17:07:44 GMT",True,"Tue, 28 Jan 2020 02:16:15 GMT",564.0,231.0,46.2,200.0,584.0,"Mon, 27 Jan 2020 19:26:25 GMT",True,"Tue, 28 Jan 2020 02:51:15 GMT",564.0,7.2716666666666665,0 days 07:16:18,0 days 00:00:04,Continuous fall of snowflakes,0,0-1
655,5e44a6aef9af8b20e525035d,39,2020-01-27 17:34:55,2020-01-27 20:32:45,2020-01-27 19:34:59,4.866,2_39_126_20_2020-01-27 17:34:54.818166,2,CA-310,2-39-126-20,America/Los_Angeles,562.0,325.0,6.5,20.0,160.0,"Mon, 27 Jan 2020 17:35:19 GMT",True,"Mon, 27 Jan 2020 20:14:55 GMT",562.0,325.0,6.5,20.0,160.0,"Mon, 27 Jan 2020 20:32:34 GMT",True,"Mon, 27 Jan 2020 20:14:55 GMT",562.0,2.963888888888889,0 days 02:57:50,0 days 00:57:46,"Drizzle, not freezing, continuous",20,20-21
656,5e44a6aef9af8b20e525035e,39,2020-01-27 17:46:09,2020-01-28 02:13:40,2020-01-28 01:28:41,1.077,2_39_78_365_2020-01-27 17:46:09.443503,2,CA-321,2-39-78-365,America/Los_Angeles,,,,,,,,,,,,,,,,,,8.45861111111111,0 days 08:27:31,0 days 00:44:59,Continuous fall of snowflakes,2,2-3
657,5e44a6aef9af8b20e525035f,39,2020-01-27 17:53:10,2020-01-28 06:22:54,2020-01-27 18:46:29,1.6860005555555555,2_39_91_437_2020-01-27 17:53:09.598312,2,CA-317,2-39-91-437,America/Los_Angeles,324.0,444.0,8.88,20.0,44.0,"Mon, 27 Jan 2020 17:53:33 GMT",True,"Mon, 27 Jan 2020 18:37:10 GMT",324.0,444.0,8.88,20.0,44.0,"Tue, 28 Jan 2020 06:22:53 GMT",True,"Mon, 27 Jan 2020 18:37:10 GMT",324.0,12.495555555555555,0 days 12:29:44,0 days 11:36:25,Continuous fall of snowflakes,6,6-7
658,5e44a6aef9af8b20e5250360,39,2020-01-27 18:03:11,2020-01-28 03:14:33,2020-01-27 20:57:32,13.071,2_39_78_364_2020-01-27 18:03:10.700769,2,CA-495,2-39-78-364,America/Los_Angeles,558.0,400.0,28.0,70.0,60.0,"Mon, 27 Jan 2020 18:03:13 GMT",True,"Mon, 27 Jan 2020 19:03:11 GMT",558.0,,,,,,,,,9.189444444444444,0 days 09:11:22,0 days 06:17:01,Continuous fall of snowflakes,3,3-4
659,5e44a6aef9af8b20e5250361,39,2020-01-27 18:32:34,2020-01-28 02:24:42,2020-01-27 20:42:11,6.026,2_39_92_442_2020-01-27 18:32:34.467122,2,CA-498,2-39-92-442,America/Los_Angeles,1222.0,400.0,8.0,20.0,72.0,"Mon, 27 Jan 2020 18:32:53 GMT",True,"Mon, 27 Jan 2020 19:44:34 GMT",1222.0,,,,,,,,,7.868888888888889,0 days 07:52:08,0 days 05:42:31,Continuous fall of snowflakes,2,2-3
660,5e44a6aef9af8b20e5250362,39,2020-01-27 18:38:33,2020-01-28 00:52:28,2020-01-27 19:27:29,2.108,2_39_90_440_2020-01-27 18:38:33.331232,2,CA-500,2-39-90-440,America/Los_Angeles,3447.0,375.0,15.0,40.0,219.0,"Mon, 27 Jan 2020 18:39:15 GMT",True,"Mon, 27 Jan 2020 22:17:33 GMT",3447.0,,,,,,,,,6.231944444444444,0 days 06:13:55,0 days 05:24:59,Continuous fall of snowflakes,0,0-1
661,5e44a6aef9af8b20e5250363,39,2020-01-27 18:39:27,2020-01-28 01:51:41,2020-01-27 19:40:16,2.928,2_39_89_25_2020-01-27 18:39:26.995604,2,CA-315,2-39-89-25,America/Los_Angeles,2170.0,400.0,28.0,70.0,426.0,"Mon, 27 Jan 2020 18:39:34 GMT",True,"Tue, 28 Jan 2020 01:45:27 GMT",2170.0,,,,,,,,,7.203888888888889,0 days 07:12:14,0 days 06:11:25,Continuous fall of snowflakes,1,1-2
662,5e44a6aef9af8b20e5250364,39,2020-01-27 18:39:53,2020-01-27 19:43:32,2020-01-27 19:40:34,4.125,2_39_124_22_2020-01-27 18:39:53.082643,2,CA-312,2-39-124-22,America/Los_Angeles,668.0,425.0,4.25,10.0,61.0,"Mon, 27 Jan 2020 18:40:14 GMT",True,"Mon, 27 Jan 2020 19:40:53 GMT",668.0,,,,,,,,,1.0608333333333333,0 days 01:03:39,0 days 00:02:58,"Drizzle, not freezing, continuous",19,19-20
663,5e44a6aef9af8b20e5250365,39,2020-01-27 18:54:45,2020-01-28 03:01:58,2020-01-28 01:57:39,43.915,2_39_91_441_2020-01-27 18:54:35.894682,2,CA-499,2-39-91-441,America/Los_Angeles,2743.0,240.0,60.0,250.0,576.0,"Mon, 27 Jan 2020 18:54:45 GMT",True,"Tue, 28 Jan 2020 04:30:45 GMT",2743.0,,,,,,,,,8.120277777777778,0 days 08:07:13,0 days 01:04:19,Continuous fall of snowflakes,3,3-4
664,5e44a6aef9af8b20e5250366,39,2020-01-27 19:22:27,2020-01-28 02:03:01,2020-01-27 20:40:12,8.199,2_39_123_23_2020-01-27 19:22:26.528040,2,CA-313,2-39-123-23,America/Los_Angeles,714.0,400.0,24.0,60.0,361.0,"Mon, 27 Jan 2020 19:22:46 GMT",True,"Tue, 28 Jan 2020 01:23:27 GMT",714.0,,,,,,,,,6.676111111111111,0 days 06:40:34,0 days 05:22:49,Continuous fall of snowflakes,2,2-3
665,5e44a6aef9af8b20e5250367,39,2020-01-27 19:47:05,2020-01-28 01:13:31,2020-01-27 23:29:27,0.861,2_39_124_22_2020-01-27 19:47:05.254217,2,CA-312,2-39-124-22,America/Los_Angeles,,,,,,,,,,,,,,,,,,5.440555555555555,0 days 05:26:26,0 days 01:44:04,Continuous fall of snowflakes,1,1-2
666,5e44a6aef9af8b20e5250368,39,2020-01-27 21:12:39,2020-01-28 01:23:13,2020-01-28 00:47:20,0.929,2_39_126_20_2020-01-27 21:12:38.882213,2,CA-310,2-39-126-20,America/Los_Angeles,,,,,,,,,,,,,,,,,,4.176111111111111,0 days 04:10:34,0 days 00:35:53,Continuous fall of snowflakes,1,1-2
667,5e44a6aef9af8b20e5250369,39,2020-01-27 21:34:04,2020-01-28 05:27:52,2020-01-27 21:57:54,1.13,2_39_79_380_2020-01-27 21:34:03.601464,2,CA-489,2-39-79-380,America/Los_Angeles,562.0,325.0,6.5,20.0,256.0,"Mon, 27 Jan 2020 21:35:04 GMT",True,"Tue, 28 Jan 2020 01:50:04 GMT",562.0,,,,,,,,,7.8966666666666665,0 days 07:53:48,0 days 07:29:58,Continuous fall of snowflakes,5,5-6
668,5e44a6aef9af8b20e525036a,39,2020-01-27 21:38:15,2020-01-28 01:29:08,2020-01-28 01:30:08,7.028,2_39_78_362_2020-01-27 21:38:15.457116,2,CA-496,2-39-78-362,America/Los_Angeles,1124.0,400.0,8.0,20.0,60.0,"Mon, 27 Jan 2020 21:38:52 GMT",True,"Mon, 27 Jan 2020 22:38:15 GMT",1124.0,,,,,,,,,3.8480555555555553,0 days 03:50:53,-1 days +23:59:00,Continuous fall of snowflakes,1,1-2
669,5e44a6aef9af8b20e525036b,39,2020-01-28 00:48:21,2020-01-28 01:50:21,2020-01-28 01:18:31,0.828,2_39_138_29_2020-01-28 00:48:21.332798,2,CA-304,2-39-138-29,America/Los_Angeles,,,,,,,,,,,,,,,,,,1.0333333333333334,0 days 01:02:00,0 days 00:31:50,Continuous fall of snowflakes,1,1-2
670,5e44a6aef9af8b20e525036c,39,2020-01-28 05:23:34,2020-01-28 06:23:47,2020-01-28 06:23:43,3.408,2_39_139_28_2020-01-28 05:23:33.521187,2,CA-303,2-39-139-28,America/Los_Angeles,315.0,600.0,18.0,30.0,199.0,"Tue, 28 Jan 2020 05:23:53 GMT",True,"Tue, 28 Jan 2020 08:42:34 GMT",315.0,,,,,,,,,1.003611111111111,0 days 01:00:13,0 days 00:00:04,Continuous fall of snowflakes,6,6-7
671,5e44a6aef9af8b20e525036d,39,2020-01-28 06:34:10,2020-01-28 16:25:32,2020-01-28 08:32:14,5.973,2_39_139_28_2020-01-28 06:34:09.710920,2,CA-303,2-39-139-28,America/Los_Angeles,1366.0,400.0,8.0,20.0,60.0,"Tue, 28 Jan 2020 06:34:11 GMT",True,"Tue, 28 Jan 2020 07:34:10 GMT",1366.0,,,,,,,,,9.856111111111112,0 days 09:51:22,0 days 07:53:18,Continuous fall of snowflakes,16,16-17
672,5e45f835f9af8b24b31daa48,39,2020-01-28 16:05:10,2020-01-29 00:14:36,2020-01-28 17:36:27,4.305,2_39_138_29_2020-01-28 16:05:09.626591,2,CA-304,2-39-138-29,America/Los_Angeles,1564.0,300.0,15.0,50.0,302.0,"Tue, 28 Jan 2020 16:05:26 GMT",True,"Tue, 28 Jan 2020 21:07:10 GMT",1564.0,,,,,,,,,8.157222222222222,0 days 08:09:26,0 days 06:38:09,Continuous fall of snowflakes,0,0-1
673,5e45f835f9af8b24b31daa49,39,2020-01-28 16:14:02,2020-01-28 18:45:19,2020-01-28 18:45:24,16.513,2_39_78_361_2020-01-28 16:14:01.614329,2,CA-493,2-39-78-361,America/Los_Angeles,3449.0,276.0,38.64,140.0,463.0,"Tue, 28 Jan 2020 16:14:29 GMT",True,"Tue, 28 Jan 2020 23:57:02 GMT",3449.0,,,,,,,,,2.5213888888888887,0 days 02:31:17,-1 days +23:59:55,Continuous fall of snowflakes,18,18-19
674,5e45f835f9af8b24b31daa4a,39,2020-01-28 16:21:36,2020-01-29 03:12:25,2020-01-28 23:28:30,45.222,2_39_129_17_2020-01-28 16:21:35.943774,2,CA-307,2-39-129-17,America/Los_Angeles,3424.0,295.0,59.0,200.0,609.0,"Tue, 28 Jan 2020 16:21:58 GMT",True,"Wed, 29 Jan 2020 02:30:36 GMT",3424.0,,,,,,,,,10.846944444444444,0 days 10:50:49,0 days 03:43:55,Continuous fall of snowflakes,3,3-4
675,5e45f835f9af8b24b31daa4b,39,2020-01-28 16:32:18,2020-01-29 01:46:49,2020-01-28 16:57:58,0.698,2_39_79_379_2020-01-28 16:32:18.123493,2,CA-327,2-39-79-379,America/Los_Angeles,,,,,,,,,,,,,,,,,,9.241944444444444,0 days 09:14:31,0 days 08:48:51,Continuous fall of snowflakes,1,1-2
676,5e45f835f9af8b24b31daa4c,39,2020-01-28 16:35:39,2020-01-29 00:26:18,2020-01-29 00:26:14,12.864,2_39_79_383_2020-01-28 16:35:39.514074,2,CA-492,2-39-79-383,America/Los_Angeles,1470.0,292.0,29.2,100.0,314.0,"Tue, 28 Jan 2020 16:36:05 GMT",True,"Tue, 28 Jan 2020 21:49:39 GMT",1470.0,292.0,29.2,100.0,438.0,"Tue, 28 Jan 2020 22:54:28 GMT",True,"Tue, 28 Jan 2020 23:53:39 GMT",1470.0,7.844166666666666,0 days 07:50:39,0 days 00:00:04,Continuous fall of snowflakes,0,0-1
677,5e45f835f9af8b24b31daa4d,39,2020-01-28 16:37:58,2020-01-28 22:41:46,2020-01-28 20:00:22,19.452,2_39_91_437_2020-01-28 16:37:57.729335,2,CA-317,2-39-91-437,America/Los_Angeles,431.0,300.0,24.0,80.0,219.0,"Tue, 28 Jan 2020 16:38:23 GMT",True,"Tue, 28 Jan 2020 20:16:58 GMT",431.0,,,,,,,,,6.0633333333333335,0 days 06:03:48,0 days 02:41:24,Continuous fall of snowflakes,22,22-23
678,5e45f835f9af8b24b31daa4e,39,2020-01-28 16:57:46,2020-01-28 20:39:06,2020-01-28 18:41:59,5.131,2_39_127_19_2020-01-28 16:57:45.580830,2,CA-309,2-39-127-19,America/Los_Angeles,562.0,325.0,6.5,20.0,186.0,"Tue, 28 Jan 2020 16:58:06 GMT",True,"Tue, 28 Jan 2020 20:03:46 GMT",562.0,,,,,,,,,3.688888888888889,0 days 03:41:20,0 days 01:57:07,Continuous fall of snowflakes,20,20-21
679,5e45f835f9af8b24b31daa4f,39,2020-01-28 16:58:42,2020-01-29 01:36:57,2020-01-28 20:00:33,6.212,2_39_79_378_2020-01-28 16:58:41.576319,2,CA-326,2-39-79-378,America/Los_Angeles,5368.0,400.0,8.0,20.0,60.0,"Tue, 28 Jan 2020 17:02:46 GMT",True,"Tue, 28 Jan 2020 17:58:42 GMT",5368.0,,,,,,,,,8.6375,0 days 08:38:15,0 days 05:36:24,Continuous fall of snowflakes,1,1-2
680,5e45f835f9af8b24b31daa50,39,2020-01-28 17:05:08,2020-01-29 03:17:35,2020-01-28 18:29:19,4.552,2_39_125_21_2020-01-28 17:05:08.180201,2,CA-311,2-39-125-21,America/Los_Angeles,712.0,400.0,12.0,30.0,349.0,"Tue, 28 Jan 2020 17:05:14 GMT",True,"Tue, 28 Jan 2020 22:54:08 GMT",712.0,,,,,,,,,10.2075,0 days 10:12:27,0 days 08:48:16,Continuous fall of snowflakes,3,3-4
681,5e45f835f9af8b24b31daa51,39,2020-01-28 17:05:48,2020-01-29 00:23:48,2020-01-28 22:43:49,9.31,2_39_79_376_2020-01-28 17:05:47.743075,2,CA-324,2-39-79-376,America/Los_Angeles,1137.0,400.0,24.0,60.0,421.0,"Tue, 28 Jan 2020 17:06:08 GMT",True,"Wed, 29 Jan 2020 00:06:48 GMT",1137.0,,,,,,,,,7.3,0 days 07:18:00,0 days 01:39:59,Continuous fall of snowflakes,0,0-1
682,5e45f835f9af8b24b31daa52,39,2020-01-28 17:07:39,2020-01-29 00:32:57,2020-01-28 21:45:51,22.223,2_39_79_382_2020-01-28 17:07:39.422347,2,CA-491,2-39-79-382,America/Los_Angeles,1104.0,250.0,37.5,150.0,436.0,"Tue, 28 Jan 2020 17:08:16 GMT",True,"Wed, 29 Jan 2020 00:23:39 GMT",1104.0,,,,,,,,,7.421666666666667,0 days 07:25:18,0 days 02:47:06,Continuous fall of snowflakes,0,0-1
683,5e45f835f9af8b24b31daa53,39,2020-01-28 17:09:43,2020-01-29 01:18:06,2020-01-28 18:27:25,3.657,2_39_89_25_2020-01-28 17:09:43.481401,2,CA-315,2-39-89-25,America/Los_Angeles,891.0,400.0,8.0,20.0,215.0,"Tue, 28 Jan 2020 17:09:45 GMT",True,"Tue, 28 Jan 2020 20:44:43 GMT",891.0,,,,,,,,,8.139722222222222,0 days 08:08:23,0 days 06:50:41,Continuous fall of snowflakes,1,1-2
684,5e45f835f9af8b24b31daa54,39,2020-01-28 17:10:49,2020-01-29 02:43:24,2020-01-29 00:25:52,18.379,2_39_78_360_2020-01-28 17:10:49.441588,2,CA-322,2-39-78-360,America/Los_Angeles,564.0,231.0,18.48,80.0,584.0,"Tue, 28 Jan 2020 17:11:09 GMT",True,"Wed, 29 Jan 2020 02:54:49 GMT",564.0,231.0,18.48,80.0,550.0,"Tue, 28 Jan 2020 17:26:09 GMT",True,"Wed, 29 Jan 2020 02:20:49 GMT",564.0,9.543055555555556,0 days 09:32:35,0 days 02:17:32,Continuous fall of snowflakes,2,2-3
685,5e45f835f9af8b24b31daa55,39,2020-01-28 17:16:28,2020-01-29 02:24:53,2020-01-28 18:29:06,3.768,2_39_123_23_2020-01-28 17:16:28.136291,2,CA-313,2-39-123-23,America/Los_Angeles,567.0,400.0,8.0,20.0,411.0,"Tue, 28 Jan 2020 17:16:35 GMT",True,"Wed, 29 Jan 2020 00:07:28 GMT",567.0,400.0,8.0,20.0,411.0,"Tue, 28 Jan 2020 17:16:41 GMT",True,"Wed, 29 Jan 2020 00:07:28 GMT",567.0,9.140277777777778,0 days 09:08:25,0 days 07:55:47,Continuous fall of snowflakes,2,2-3
686,5e45f835f9af8b24b31daa56,39,2020-01-28 17:17:08,2020-01-29 02:10:52,2020-01-28 18:47:56,6.636,2_39_78_365_2020-01-28 17:17:08.413206,2,CA-321,2-39-78-365,America/Los_Angeles,714.0,400.0,24.0,60.0,361.0,"Tue, 28 Jan 2020 17:17:27 GMT",True,"Tue, 28 Jan 2020 23:18:08 GMT",714.0,,,,,,,,,8.895555555555555,0 days 08:53:44,0 days 07:22:56,Continuous fall of snowflakes,2,2-3
687,5e45f835f9af8b24b31daa57,39,2020-01-28 17:18:07,2020-01-29 01:03:39,2020-01-28 19:17:11,4.69,2_39_124_22_2020-01-28 17:18:06.961681,2,CA-312,2-39-124-22,America/Los_Angeles,620.0,400.0,12.0,30.0,450.0,"Tue, 28 Jan 2020 17:19:11 GMT",True,"Wed, 29 Jan 2020 00:48:07 GMT",620.0,,,,,,,,,7.7588888888888885,0 days 07:45:32,0 days 05:46:28,Continuous fall of snowflakes,1,1-2
688,5e45f835f9af8b24b31daa58,39,2020-01-28 17:27:48,2020-01-28 23:06:55,2020-01-28 20:51:01,0.908,2_39_88_24_2020-01-28 17:27:48.078287,2,CA-314,2-39-88-24,America/Los_Angeles,,,,,,,,,,,,,,,,,,5.651944444444444,0 days 05:39:07,0 days 02:15:54,Continuous fall of snowflakes,23,23-24
689,5e45f835f9af8b24b31daa59,39,2020-01-28 17:28:35,2020-01-28 18:17:11,2020-01-28 17:59:19,0.86,2_39_95_27_2020-01-28 17:28:35.414928,2,CA-319,2-39-95-27,America/Los_Angeles,,,,,,,,,,,,,,,,,,0.81,0 days 00:48:36,0 days 00:17:52,Continuous fall of snowflakes,18,18-19
690,5e45f835f9af8b24b31daa5a,39,2020-01-28 17:31:20,2020-01-29 03:03:29,2020-01-28 22:12:30,15.666,2_39_92_436_2020-01-28 17:31:19.985861,2,CA-318,2-39-92-436,America/Los_Angeles,1272.0,600.0,12.0,20.0,293.0,"Tue, 28 Jan 2020 17:31:20 GMT",True,"Tue, 28 Jan 2020 22:24:20 GMT",1272.0,600.0,12.0,20.0,120.0,"Tue, 28 Jan 2020 17:31:36 GMT",True,"Tue, 28 Jan 2020 19:31:20 GMT",1272.0,9.535833333333333,0 days 09:32:09,0 days 04:50:59,Continuous fall of snowflakes,3,3-4
691,5e45f835f9af8b24b31daa5b,39,2020-01-28 17:35:08,2020-01-29 00:05:24,2020-01-28 18:23:08,4.45,2_39_126_20_2020-01-28 17:35:07.958200,2,CA-310,2-39-126-20,America/Los_Angeles,1912.0,400.0,20.0,50.0,333.0,"Tue, 28 Jan 2020 17:37:26 GMT",True,"Tue, 28 Jan 2020 23:08:08 GMT",1912.0,,,,,,,,,6.504444444444444,0 days 06:30:16,0 days 05:42:16,Continuous fall of snowflakes,0,0-1
692,5e45f835f9af8b24b31daa5c,39,2020-01-28 18:09:55,2020-01-29 03:13:40,2020-01-28 20:13:31,11.224,2_39_79_380_2020-01-28 18:09:55.240807,2,CA-489,2-39-79-380,America/Los_Angeles,558.0,400.0,28.0,70.0,60.0,"Tue, 28 Jan 2020 18:09:58 GMT",True,"Tue, 28 Jan 2020 19:09:55 GMT",558.0,,,,,,,,,9.0625,0 days 09:03:45,0 days 07:00:09,Continuous fall of snowflakes,3,3-4
693,5e45f835f9af8b24b31daa5d,39,2020-01-28 18:11:25,2020-01-29 00:41:45,2020-01-28 23:51:29,0.753,2_39_79_377_2020-01-28 18:11:25.234182,2,CA-325,2-39-79-377,America/Los_Angeles,,,,,,,,,,,,,,,,,,6.5055555555555555,0 days 06:30:20,0 days 00:50:16,Continuous fall of snowflakes,0,0-1
694,5e45f835f9af8b24b31daa5e,39,2020-01-28 18:12:29,2020-01-29 01:29:49,2020-01-28 20:17:32,11.932,2_39_91_441_2020-01-28 18:12:29.288074,2,CA-499,2-39-91-441,America/Los_Angeles,1095.0,400.0,16.0,40.0,444.0,"Tue, 28 Jan 2020 18:12:30 GMT",True,"Wed, 29 Jan 2020 01:36:29 GMT",1095.0,400.0,16.0,40.0,444.0,"Tue, 28 Jan 2020 18:12:48 GMT",True,"Wed, 29 Jan 2020 01:36:29 GMT",1095.0,7.288888888888889,0 days 07:17:20,0 days 05:12:17,Continuous fall of snowflakes,1,1-2
695,5e45f835f9af8b24b31daa5f,39,2020-01-28 18:17:22,2020-01-28 19:47:48,2020-01-28 19:39:56,0.935,2_39_78_363_2020-01-28 18:17:21.850797,2,CA-320,2-39-78-363,America/Los_Angeles,,,,,,,,,,,,,,,,,,1.5072222222222222,0 days 01:30:26,0 days 00:07:52,Continuous fall of snowflakes,19,19-20
696,5e45f835f9af8b24b31daa60,39,2020-01-28 18:24:41,2020-01-28 23:58:24,2020-01-28 19:55:46,9.465,2_39_95_444_2020-01-28 18:24:41.234105,2,CA-497,2-39-95-444,America/Los_Angeles,1001.0,600.0,12.0,20.0,129.0,"Tue, 28 Jan 2020 18:24:44 GMT",True,"Tue, 28 Jan 2020 20:33:41 GMT",1001.0,,,,,,,,,5.561944444444444,0 days 05:33:43,0 days 04:02:38,Continuous fall of snowflakes,23,23-24
697,5e45f835f9af8b24b31daa61,39,2020-01-28 18:31:37,2020-01-28 20:48:30,2020-01-28 20:49:28,0.85,2_39_90_26_2020-01-28 18:31:37.185142,2,CA-316,2-39-90-26,America/Los_Angeles,,,,,,,,,,,,,,,,,,2.281388888888889,0 days 02:16:53,-1 days +23:59:02,Continuous fall of snowflakes,20,20-21
698,5e45f835f9af8b24b31daa62,39,2020-01-28 18:35:24,2020-01-29 02:13:47,2020-01-28 23:51:22,0.875,2_39_90_440_2020-01-28 18:35:23.840221,2,CA-500,2-39-90-440,America/Los_Angeles,,,,,,,,,,,,,,,,,,7.639722222222222,0 days 07:38:23,0 days 02:22:25,Continuous fall of snowflakes,2,2-3
699,5e45f835f9af8b24b31daa63,39,2020-01-28 18:48:52,2020-01-29 01:45:12,2020-01-28 20:20:33,4.606,2_39_88_438_2020-01-28 18:48:52.445659,2,CA-502,2-39-88-438,America/Los_Angeles,2170.0,400.0,28.0,70.0,426.0,"Tue, 28 Jan 2020 18:49:04 GMT",True,"Wed, 29 Jan 2020 01:54:52 GMT",2170.0,,,,,,,,,6.938888888888889,0 days 06:56:20,0 days 05:24:39,Continuous fall of snowflakes,1,1-2
700,5e45f835f9af8b24b31daa64,39,2020-01-28 19:02:46,2020-01-28 19:56:29,2020-01-28 19:56:27,1.318,2_39_78_361_2020-01-28 19:02:46.436130,2,CA-493,2-39-78-361,America/Los_Angeles,3449.0,276.0,40.02,145.0,463.0,"Tue, 28 Jan 2020 19:51:39 GMT",True,"Wed, 29 Jan 2020 02:45:46 GMT",3449.0,,,,,,,,,0.8952777777777777,0 days 00:53:43,0 days 00:00:02,Continuous fall of snowflakes,19,19-20
701,5e45f835f9af8b24b31daa65,39,2020-01-28 19:52:01,2020-01-28 23:17:07,2020-01-28 21:16:18,2.833,2_39_78_363_2020-01-28 19:52:01.362206,2,CA-320,2-39-78-363,America/Los_Angeles,1082.0,400.0,8.0,20.0,64.0,"Tue, 28 Jan 2020 19:52:56 GMT",True,"Tue, 28 Jan 2020 20:56:01 GMT",1082.0,,,,,,,,,3.4183333333333334,0 days 03:25:06,0 days 02:00:49,Continuous fall of snowflakes,23,23-24
702,5e45f835f9af8b24b31daa66,39,2020-01-28 19:57:19,2020-01-28 20:51:22,2020-01-28 20:50:13,0.844,2_39_128_18_2020-01-28 19:57:18.587859,2,CA-308,2-39-128-18,America/Los_Angeles,,,,,,,,,,,,,,,,,,0.9008333333333334,0 days 00:54:03,0 days 00:01:09,Continuous fall of snowflakes,20,20-21
703,5e45f835f9af8b24b31daa67,39,2020-01-28 20:37:59,2020-01-28 21:46:05,2020-01-28 21:45:49,7.22,2_39_126_560_2020-01-28 20:37:58.674748,2,CA-506,2-39-126-560,America/Los_Angeles,311.0,250.0,5.0,20.0,76.0,"Tue, 28 Jan 2020 20:39:13 GMT",True,"Tue, 28 Jan 2020 21:53:59 GMT",311.0,250.0,5.0,20.0,76.0,"Tue, 28 Jan 2020 20:40:17 GMT",True,"Tue, 28 Jan 2020 21:53:59 GMT",311.0,1.135,0 days 01:08:06,0 days 00:00:16,Continuous fall of snowflakes,21,21-22
704,5e45f835f9af8b24b31daa68,39,2020-01-28 20:48:34,2020-01-28 23:06:54,2020-01-28 21:19:25,0.824,2_39_90_26_2020-01-28 20:48:33.650714,2,CA-316,2-39-90-26,America/Los_Angeles,,,,,,,,,,,,,,,,,,2.3055555555555554,0 days 02:18:20,0 days 01:47:29,Continuous fall of snowflakes,23,23-24
705,5e45f835f9af8b24b31daa69,39,2020-01-28 20:48:45,2020-01-28 22:29:30,2020-01-28 21:34:01,1.855,2_39_127_19_2020-01-28 20:48:45.082348,2,CA-309,2-39-127-19,America/Los_Angeles,1093.0,333.0,6.66,20.0,140.0,"Tue, 28 Jan 2020 20:49:02 GMT",True,"Tue, 28 Jan 2020 23:08:45 GMT",1093.0,,,,,,,,,1.6791666666666667,0 days 01:40:45,0 days 00:55:29,Continuous fall of snowflakes,22,22-23
706,5e45f835f9af8b24b31daa6a,39,2020-01-28 21:43:05,2020-01-29 01:25:21,2020-01-28 22:17:33,1.666,2_39_130_31_2020-01-28 21:43:05.181592,2,CA-306,2-39-130-31,America/Los_Angeles,562.0,325.0,3.25,10.0,186.0,"Tue, 28 Jan 2020 21:43:28 GMT",True,"Wed, 29 Jan 2020 00:49:05 GMT",562.0,,,,,,,,,3.7044444444444444,0 days 03:42:16,0 days 03:07:48,Continuous fall of snowflakes,1,1-2
707,5e45f835f9af8b24b31daa6b,39,2020-01-28 22:03:41,2020-01-29 03:06:36,2020-01-29 00:57:40,12.658,2_39_126_560_2020-01-28 22:03:41.291694,2,CA-506,2-39-126-560,America/Los_Angeles,958.0,200.0,20.0,100.0,570.0,"Tue, 28 Jan 2020 22:03:46 GMT",True,"Wed, 29 Jan 2020 07:33:41 GMT",958.0,,,,,,,,,5.048611111111111,0 days 05:02:55,0 days 02:08:56,Continuous fall of snowflakes,3,3-4
708,5e45f835f9af8b24b31daa6c,39,2020-01-28 22:25:10,2020-01-29 00:21:27,2020-01-29 00:17:40,0.914,2_39_78_367_2020-01-28 22:25:10.242983,2,CA-494,2-39-78-367,America/Los_Angeles,,,,,,,,,,,,,,,,,,1.9380555555555556,0 days 01:56:17,0 days 00:03:47,Continuous fall of snowflakes,0,0-1
709,5e45f835f9af8b24b31daa6d,39,2020-01-28 22:44:43,2020-01-29 00:17:46,2020-01-29 00:17:24,4.132,2_39_78_361_2020-01-28 22:44:43.047942,2,CA-493,2-39-78-361,America/Los_Angeles,668.0,425.0,4.25,10.0,61.0,"Tue, 28 Jan 2020 22:46:35 GMT",True,"Tue, 28 Jan 2020 23:45:43 GMT",668.0,,,,,,,,,1.5508333333333333,0 days 01:33:03,0 days 00:00:22,Continuous fall of snowflakes,0,0-1
710,5e45f835f9af8b24b31daa6e,39,2020-01-28 23:06:17,2020-01-30 02:18:29,2020-01-29 02:39:25,11.847,2_39_127_19_2020-01-28 23:06:07.723855,2,CA-309,2-39-127-19,America/Los_Angeles,5768.0,400.0,24.0,60.0,339.0,"Tue, 28 Jan 2020 23:06:16 GMT",True,"Wed, 29 Jan 2020 04:45:17 GMT",5768.0,400.0,24.0,60.0,758.0,"Wed, 29 Jan 2020 06:19:43 GMT",True,"Wed, 29 Jan 2020 11:44:17 GMT",5768.0,27.203333333333333,1 days 03:12:12,0 days 23:39:04,"Drizzle, not freezing, continuous",2,2-3
711,5e45f835f9af8b24b31daa6f,39,2020-01-29 00:08:15,2020-01-29 03:27:39,2020-01-29 03:27:31,21.29,2_39_91_437_2020-01-29 00:08:14.803618,2,CA-317,2-39-91-437,America/Los_Angeles,3270.0,200.0,40.0,200.0,470.0,"Wed, 29 Jan 2020 00:08:27 GMT",True,"Wed, 29 Jan 2020 07:58:15 GMT",3270.0,,,,,,,,,3.3233333333333333,0 days 03:19:24,0 days 00:00:08,Continuous fall of snowflakes,3,3-4
712,5e45f835f9af8b24b31daa70,39,2020-01-29 01:22:31,2020-01-29 02:40:09,2020-01-29 01:55:37,1.176,2_39_138_29_2020-01-29 01:22:31.060489,2,CA-304,2-39-138-29,America/Los_Angeles,365.0,333.0,3.33,10.0,104.0,"Wed, 29 Jan 2020 01:22:51 GMT",True,"Wed, 29 Jan 2020 03:06:31 GMT",365.0,,,,,,,,,1.2938888888888889,0 days 01:17:38,0 days 00:44:32,Continuous fall of snowflakes,2,2-3
713,5e45f835f9af8b24b31daa71,39,2020-01-29 02:49:55,2020-01-29 04:45:00,2020-01-29 04:44:56,12.695,2_39_139_28_2020-01-29 02:49:55.457015,2,CA-303,2-39-139-28,America/Los_Angeles,675.0,400.0,24.0,60.0,248.0,"Wed, 29 Jan 2020 02:50:09 GMT",True,"Wed, 29 Jan 2020 06:57:55 GMT",675.0,,,,,,,,,1.9180555555555556,0 days 01:55:05,0 days 00:00:04,Continuous fall of snowflakes,4,4-5
714,5e45f835f9af8b24b31daa72,39,2020-01-29 03:27:45,2020-01-29 05:56:03,2020-01-29 05:19:00,5.578,2_39_83_386_2020-01-29 03:27:44.940298,2,CA-212,2-39-83-386,America/Los_Angeles,1864.0,400.0,12.0,30.0,121.0,"Wed, 29 Jan 2020 03:27:48 GMT",True,"Wed, 29 Jan 2020 05:28:45 GMT",1864.0,,,,,,,,,2.4716666666666667,0 days 02:28:18,0 days 00:37:03,Continuous fall of snowflakes,5,5-6
715,5e4749aef9af8b28856f12f8,39,2020-01-29 14:57:27,2020-01-30 16:54:09,2020-01-29 21:18:05,14.054,2_39_79_383_2020-01-29 14:57:27.460060,2,CA-492,2-39-79-383,America/Los_Angeles,4913.0,400.0,20.0,50.0,720.0,"Wed, 29 Jan 2020 15:04:19 GMT",True,"Thu, 30 Jan 2020 02:57:27 GMT",4913.0,,,,,,,,,25.945,1 days 01:56:42,0 days 19:36:04,"Drizzle, not freezing, continuous",16,16-17
716,5e4749aef9af8b28856f12f9,39,2020-01-29 15:45:33,2020-01-29 21:42:38,2020-01-29 20:00:33,16.594,2_39_79_382_2020-01-29 15:45:32.883371,2,CA-491,2-39-79-382,America/Los_Angeles,4701.0,300.0,30.0,100.0,348.0,"Wed, 29 Jan 2020 15:57:35 GMT",True,"Wed, 29 Jan 2020 21:33:33 GMT",4701.0,,,,,,,,,5.951388888888889,0 days 05:57:05,0 days 01:42:05,Continuous fall of snowflakes,21,21-22
717,5e4749aef9af8b28856f12fa,39,2020-01-29 16:01:03,2020-01-29 22:26:43,2020-01-29 16:31:23,0.789,2_39_79_380_2020-01-29 16:01:02.913296,2,CA-489,2-39-79-380,America/Los_Angeles,,,,,,,,,,,,,,,,,,6.427777777777778,0 days 06:25:40,0 days 05:55:20,Continuous fall of snowflakes,22,22-23
718,5e4749aef9af8b28856f12fb,39,2020-01-29 16:08:38,2020-01-29 20:27:56,2020-01-29 20:03:41,0.835,2_39_79_378_2020-01-29 16:08:38.042637,2,CA-326,2-39-79-378,America/Los_Angeles,,,,,,,,,,,,,,,,,,4.321666666666666,0 days 04:19:18,0 days 00:24:15,Continuous fall of snowflakes,20,20-21
719,5e4749aef9af8b28856f12fc,39,2020-01-29 16:15:22,2020-01-29 19:36:40,2020-01-29 19:35:25,21.833,2_39_95_444_2020-01-29 16:15:21.866589,2,CA-497,2-39-95-444,America/Los_Angeles,3449.0,276.0,40.02,145.0,463.0,"Wed, 29 Jan 2020 16:15:28 GMT",True,"Wed, 29 Jan 2020 23:58:22 GMT",3449.0,276.0,40.02,145.0,494.0,"Wed, 29 Jan 2020 16:26:58 GMT",True,"Thu, 30 Jan 2020 00:29:22 GMT",3449.0,3.355,0 days 03:21:18,0 days 00:01:15,Continuous fall of snowflakes,19,19-20
720,5e4749aef9af8b28856f12fd,39,2020-01-29 16:36:52,2020-01-29 17:24:46,2020-01-29 17:25:45,4.815,2_39_78_362_2020-01-29 16:36:51.511178,2,CA-496,2-39-78-362,America/Los_Angeles,1470.0,292.0,26.28,90.0,438.0,"Wed, 29 Jan 2020 16:37:08 GMT",True,"Wed, 29 Jan 2020 23:54:52 GMT",1470.0,,,,,,,,,0.7983333333333333,0 days 00:47:54,-1 days +23:59:01,Continuous fall of snowflakes,17,17-18
721,5e4749aef9af8b28856f12fe,39,2020-01-29 16:43:42,2020-01-29 20:46:11,2020-01-29 18:16:10,5.005,2_39_123_23_2020-01-29 16:43:41.810373,2,CA-313,2-39-123-23,America/Los_Angeles,712.0,400.0,12.0,30.0,166.0,"Wed, 29 Jan 2020 16:43:46 GMT",True,"Wed, 29 Jan 2020 19:29:42 GMT",712.0,,,,,,,,,4.041388888888889,0 days 04:02:29,0 days 02:30:01,Continuous fall of snowflakes,20,20-21
722,5e4749aef9af8b28856f12ff,39,2020-01-29 16:45:48,2020-01-30 01:50:09,2020-01-29 18:12:37,4.705,2_39_124_558_2020-01-29 16:45:48.456526,2,CA-504,2-39-124-558,America/Los_Angeles,1534.0,250.0,7.5,30.0,404.0,"Wed, 29 Jan 2020 16:46:23 GMT",True,"Wed, 29 Jan 2020 23:29:48 GMT",1534.0,,,,,,,,,9.0725,0 days 09:04:21,0 days 07:37:32,"Drizzle, not freezing, continuous",1,1-2
723,5e4749aef9af8b28856f1300,39,2020-01-29 16:59:52,2020-01-30 01:43:47,2020-01-29 19:16:40,6.015,2_39_79_376_2020-01-29 16:59:52.033198,2,CA-324,2-39-79-376,America/Los_Angeles,5368.0,400.0,8.0,20.0,60.0,"Wed, 29 Jan 2020 17:04:32 GMT",True,"Wed, 29 Jan 2020 17:59:52 GMT",5368.0,,,,,,,,,8.731944444444444,0 days 08:43:55,0 days 06:27:07,"Drizzle, not freezing, continuous",1,1-2
724,5e4749aef9af8b28856f1301,39,2020-01-29 17:04:53,2020-01-29 20:21:31,2020-01-29 19:09:35,6.276,2_39_88_24_2020-01-29 17:04:37.696728,2,CA-314,2-39-88-24,America/Los_Angeles,3577.0,400.0,8.0,20.0,171.0,"Wed, 29 Jan 2020 17:04:52 GMT",True,"Wed, 29 Jan 2020 19:55:53 GMT",3577.0,,,,,,,,,3.277222222222222,0 days 03:16:38,0 days 01:11:56,Continuous fall of snowflakes,20,20-21
725,5e4749aef9af8b28856f1302,39,2020-01-29 17:08:13,2020-01-30 00:24:33,2020-01-29 20:38:12,9.93,2_39_78_365_2020-01-29 17:08:13.137387,2,CA-321,2-39-78-365,America/Los_Angeles,1095.0,400.0,16.0,40.0,444.0,"Wed, 29 Jan 2020 17:08:19 GMT",True,"Thu, 30 Jan 2020 00:32:13 GMT",1095.0,400.0,16.0,40.0,444.0,"Wed, 29 Jan 2020 17:08:28 GMT",True,"Thu, 30 Jan 2020 00:32:13 GMT",1095.0,7.272222222222222,0 days 07:16:20,0 days 03:46:21,"Drizzle, not freezing, continuous",0,0-1
726,5e4749aef9af8b28856f1303,39,2020-01-29 17:09:08,2020-01-30 02:23:19,2020-01-29 22:31:20,0.817,2_39_79_381_2020-01-29 17:09:07.987000,2,CA-490,2-39-79-381,America/Los_Angeles,,,,,,,,,,,,,,,,,,9.23638888888889,0 days 09:14:11,0 days 03:51:59,"Drizzle, not freezing, continuous",2,2-3
727,5e4749aef9af8b28856f1304,39,2020-01-29 17:16:50,2020-01-29 22:36:02,2020-01-29 20:03:27,8.498,2_39_91_437_2020-01-29 17:16:50.183298,2,CA-317,2-39-91-437,America/Los_Angeles,1364.0,400.0,28.0,70.0,182.0,"Wed, 29 Jan 2020 17:16:58 GMT",True,"Wed, 29 Jan 2020 20:18:50 GMT",1364.0,,,,,,,,,5.32,0 days 05:19:12,0 days 02:32:35,Continuous fall of snowflakes,22,22-23
728,5e4749aef9af8b28856f1305,39,2020-01-29 17:20:50,2020-01-30 00:22:33,2020-01-29 21:38:32,14.393,2_39_125_21_2020-01-29 17:20:42.797289,2,CA-311,2-39-125-21,America/Los_Angeles,4947.0,380.0,19.0,50.0,410.0,"Wed, 29 Jan 2020 17:20:49 GMT",True,"Thu, 30 Jan 2020 00:10:50 GMT",4947.0,,,,,,,,,7.028611111111111,0 days 07:01:43,0 days 02:44:01,"Drizzle, not freezing, continuous",0,0-1
729,5e4749aef9af8b28856f1306,39,2020-01-29 17:25:53,2020-01-30 02:13:44,2020-01-29 18:35:06,6.254,2_39_79_377_2020-01-29 17:25:53.251538,2,CA-325,2-39-79-377,America/Los_Angeles,714.0,400.0,24.0,60.0,361.0,"Wed, 29 Jan 2020 17:26:09 GMT",True,"Wed, 29 Jan 2020 23:26:53 GMT",714.0,,,,,,,,,8.7975,0 days 08:47:51,0 days 07:38:38,"Drizzle, not freezing, continuous",2,2-3
730,5e4749aef9af8b28856f1307,39,2020-01-29 17:31:37,2020-01-29 23:59:43,2020-01-29 19:27:47,11.838,2_39_126_20_2020-01-29 17:31:36.592346,2,CA-310,2-39-126-20,America/Los_Angeles,1912.0,400.0,20.0,50.0,333.0,"Wed, 29 Jan 2020 17:33:07 GMT",True,"Wed, 29 Jan 2020 23:04:37 GMT",1912.0,,,,,,,,,6.468333333333334,0 days 06:28:06,0 days 04:31:56,Continuous fall of snowflakes,23,23-24
731,5e4749aef9af8b28856f1308,39,2020-01-29 17:32:20,2020-01-30 04:41:56,2020-01-29 21:40:47,13.948,2_39_95_27_2020-01-29 17:32:19.825066,2,CA-319,2-39-95-27,America/Los_Angeles,676.0,400.0,24.0,60.0,720.0,"Wed, 29 Jan 2020 17:32:22 GMT",True,"Thu, 30 Jan 2020 05:32:20 GMT",676.0,,,,,,,,,11.16,0 days 11:09:36,0 days 07:01:09,"Drizzle, not freezing, continuous",4,4-5
732,5e4749aef9af8b28856f1309,39,2020-01-29 17:46:41,2020-01-30 03:18:29,2020-01-29 18:58:56,3.765,2_39_89_25_2020-01-29 17:46:41.493785,2,CA-315,2-39-89-25,America/Los_Angeles,567.0,400.0,8.0,20.0,411.0,"Wed, 29 Jan 2020 17:46:54 GMT",True,"Thu, 30 Jan 2020 00:37:41 GMT",567.0,,,,,,,,,9.53,0 days 09:31:48,0 days 08:19:33,"Drizzle, not freezing, continuous",3,3-4
733,5e4749aef9af8b28856f130a,39,2020-01-29 18:15:37,2020-01-30 03:14:51,2020-01-29 20:08:47,11.501,2_39_91_441_2020-01-29 18:15:37.359926,2,CA-499,2-39-91-441,America/Los_Angeles,558.0,400.0,28.0,70.0,60.0,"Wed, 29 Jan 2020 18:15:41 GMT",True,"Wed, 29 Jan 2020 19:15:37 GMT",558.0,,,,,,,,,8.987222222222222,0 days 08:59:14,0 days 07:06:04,"Drizzle, not freezing, continuous",3,3-4
734,5e4749aef9af8b28856f130b,39,2020-01-29 18:23:32,2020-01-30 01:56:40,2020-01-29 19:10:49,1.941,2_39_90_26_2020-01-29 18:23:32.419836,2,CA-316,2-39-90-26,America/Los_Angeles,891.0,400.0,8.0,20.0,215.0,"Wed, 29 Jan 2020 18:23:38 GMT",True,"Wed, 29 Jan 2020 21:58:32 GMT",891.0,,,,,,,,,7.552222222222222,0 days 07:33:08,0 days 06:45:51,"Drizzle, not freezing, continuous",1,1-2
735,5e4749aef9af8b28856f130c,39,2020-01-29 18:48:38,2020-01-29 20:35:47,2020-01-29 20:36:47,0.564,2_39_78_362_2020-01-29 18:48:38.340487,2,CA-496,2-39-78-362,America/Los_Angeles,3447.0,375.0,15.0,40.0,219.0,"Wed, 29 Jan 2020 18:50:09 GMT",True,"Wed, 29 Jan 2020 22:27:38 GMT",3447.0,,,,,,,,,1.7858333333333334,0 days 01:47:09,-1 days +23:59:00,Continuous fall of snowflakes,20,20-21
736,5e4749aef9af8b28856f130d,39,2020-01-29 19:07:03,2020-01-29 22:41:59,2020-01-29 20:57:47,5.664,2_39_90_440_2020-01-29 19:07:03.299416,2,CA-500,2-39-90-440,America/Los_Angeles,2170.0,400.0,28.0,70.0,426.0,"Wed, 29 Jan 2020 19:07:12 GMT",True,"Thu, 30 Jan 2020 02:13:03 GMT",2170.0,,,,,,,,,3.582222222222222,0 days 03:34:56,0 days 01:44:12,Continuous fall of snowflakes,22,22-23
737,5e4749aef9af8b28856f130e,39,2020-01-29 19:14:17,2020-01-30 02:13:31,2020-01-30 00:25:04,12.527,2_39_78_360_2020-01-29 19:14:16.855996,2,CA-322,2-39-78-360,America/Los_Angeles,3853.0,360.0,36.0,100.0,523.0,"Wed, 29 Jan 2020 19:14:37 GMT",True,"Thu, 30 Jan 2020 03:57:17 GMT",3853.0,,,,,,,,,6.987222222222222,0 days 06:59:14,0 days 01:48:27,"Drizzle, not freezing, continuous",2,2-3
738,5e4749aef9af8b28856f130f,39,2020-01-29 20:10:40,2020-01-30 02:01:59,2020-01-30 00:41:10,23.11,2_39_78_366_2020-01-29 20:10:40.178920,2,CA-323,2-39-78-366,America/Los_Angeles,1104.0,250.0,37.5,150.0,436.0,"Wed, 29 Jan 2020 20:10:47 GMT",True,"Thu, 30 Jan 2020 03:26:40 GMT",1104.0,,,,,,,,,5.855277777777777,0 days 05:51:19,0 days 01:20:49,"Drizzle, not freezing, continuous",2,2-3
739,5e4749aef9af8b28856f1310,39,2020-01-29 20:20:30,2020-01-30 01:09:10,2020-01-29 23:38:39,21.717,2_39_124_22_2020-01-29 20:20:30.232601,2,CA-312,2-39-124-22,America/Los_Angeles,1470.0,292.0,32.12,110.0,328.0,"Wed, 29 Jan 2020 20:21:00 GMT",True,"Thu, 30 Jan 2020 01:48:30 GMT",1470.0,,,,,,,,,4.811111111111111,0 days 04:48:40,0 days 01:30:31,"Drizzle, not freezing, continuous",1,1-2
740,5e4749aef9af8b28856f1311,39,2020-01-29 20:21:07,2020-01-30 00:49:49,2020-01-30 00:49:41,27.163,2_39_78_364_2020-01-29 20:21:07.268096,2,CA-495,2-39-78-364,America/Los_Angeles,3270.0,200.0,40.0,200.0,470.0,"Wed, 29 Jan 2020 20:21:31 GMT",True,"Thu, 30 Jan 2020 04:11:07 GMT",3270.0,,,,,,,,,4.4783333333333335,0 days 04:28:42,0 days 00:00:08,"Drizzle, not freezing, continuous",0,0-1
741,5e4749aef9af8b28856f1312,39,2020-01-29 20:41:57,2020-01-29 23:56:57,2020-01-29 22:07:31,3.124,2_39_88_24_2020-01-29 20:41:56.778657,2,CA-314,2-39-88-24,America/Los_Angeles,560.0,400.0,8.0,20.0,258.0,"Wed, 29 Jan 2020 20:42:04 GMT",True,"Thu, 30 Jan 2020 00:59:57 GMT",560.0,,,,,,,,,3.25,0 days 03:15:00,0 days 01:49:26,Continuous fall of snowflakes,23,23-24
742,5e4749aef9af8b28856f1313,39,2020-01-29 21:36:02,2020-01-30 02:56:36,2020-01-29 23:37:48,6.545,2_39_79_378_2020-01-29 21:36:02.344185,2,CA-326,2-39-79-378,America/Los_Angeles,1124.0,400.0,8.0,20.0,60.0,"Wed, 29 Jan 2020 21:36:26 GMT",True,"Wed, 29 Jan 2020 22:36:02 GMT",1124.0,,,,,,,,,5.342777777777778,0 days 05:20:34,0 days 03:18:48,"Drizzle, not freezing, continuous",2,2-3
743,5e4749aef9af8b28856f1314,39,2020-01-29 21:48:57,2020-01-30 00:30:11,2020-01-29 22:31:23,0.819,2_39_79_382_2020-01-29 21:48:56.769998,2,CA-491,2-39-79-382,America/Los_Angeles,,,,,,,,,,,,,,,,,,2.687222222222222,0 days 02:41:14,0 days 01:58:48,"Drizzle, not freezing, continuous",0,0-1
744,5e4749aef9af8b28856f1315,39,2020-01-29 22:10:46,2020-01-30 01:00:39,2020-01-30 00:21:54,6.529,2_39_78_363_2020-01-29 22:10:29.010384,2,CA-320,2-39-78-363,America/Los_Angeles,1093.0,333.0,6.66,20.0,140.0,"Wed, 29 Jan 2020 22:10:45 GMT",True,"Thu, 30 Jan 2020 00:30:46 GMT",1093.0,333.0,6.66,20.0,62.0,"Wed, 29 Jan 2020 22:12:57 GMT",True,"Wed, 29 Jan 2020 23:12:46 GMT",1093.0,2.8313888888888887,0 days 02:49:53,0 days 00:38:45,"Drizzle, not freezing, continuous",1,1-2
745,5e4749aef9af8b28856f1316,39,2020-01-29 22:37:50,2020-01-30 00:33:52,2020-01-29 23:10:46,2.002,2_39_91_437_2020-01-29 22:37:50.070439,2,CA-317,2-39-91-437,America/Los_Angeles,751.0,400.0,40.0,100.0,717.0,"Wed, 29 Jan 2020 22:37:58 GMT",True,"Thu, 30 Jan 2020 10:34:50 GMT",751.0,,,,,,,,,1.933888888888889,0 days 01:56:02,0 days 01:23:06,"Drizzle, not freezing, continuous",0,0-1
746,5e4749aef9af8b28856f1317,39,2020-01-29 23:00:57,2020-01-30 00:49:30,2020-01-29 23:31:40,0.842,2_39_90_440_2020-01-29 23:00:57.172689,2,CA-500,2-39-90-440,America/Los_Angeles,,,,,,,,,,,,,,,,,,1.8091666666666666,0 days 01:48:33,0 days 01:17:50,"Drizzle, not freezing, continuous",0,0-1
747,5e4749aef9af8b28856f1318,39,2020-01-30 01:05:00,2020-01-30 02:55:05,2020-01-30 02:45:09,0.892,2_39_126_20_2020-01-30 01:04:59.910192,2,CA-310,2-39-126-20,America/Los_Angeles,,,,,,,,,,,,,,,,,,1.8347222222222221,0 days 01:50:05,0 days 00:09:56,"Drizzle, not freezing, continuous",2,2-3
748,5e4749aef9af8b28856f1319,39,2020-01-30 02:35:21,2020-01-30 04:41:09,2020-01-30 04:29:33,6.368,2_39_138_29_2020-01-30 02:35:20.959302,2,CA-304,2-39-138-29,America/Los_Angeles,1564.0,300.0,12.0,40.0,130.0,"Thu, 30 Jan 2020 02:35:45 GMT",True,"Thu, 30 Jan 2020 04:45:21 GMT",1564.0,,,,,,,,,2.0966666666666667,0 days 02:05:48,0 days 00:11:36,"Drizzle, not freezing, continuous",4,4-5
749,5e4749aef9af8b28856f131a,39,2020-01-30 03:19:33,2020-01-30 04:07:18,2020-01-30 03:49:37,0.833,2_39_131_30_2020-01-30 03:19:33.146344,2,CA-305,2-39-131-30,America/Los_Angeles,,,,,,,,,,,,,,,,,,0.7958333333333333,0 days 00:47:45,0 days 00:17:41,"Drizzle, not freezing, continuous",4,4-5
750,5e489b29f9af8b2c14967b73,39,2020-01-30 15:41:19,2020-01-30 22:10:21,2020-01-30 20:50:54,23.601,2_39_79_379_2020-01-30 15:41:18.551665,2,CA-327,2-39-79-379,America/Los_Angeles,1104.0,250.0,37.5,150.0,436.0,"Thu, 30 Jan 2020 15:41:32 GMT",True,"Thu, 30 Jan 2020 22:57:19 GMT",1104.0,250.0,37.5,150.0,436.0,"Thu, 30 Jan 2020 22:10:11 GMT",True,"Thu, 30 Jan 2020 22:57:19 GMT",1104.0,6.483888888888889,0 days 06:29:02,0 days 01:19:27,"Drizzle, not freezing, continuous",22,22-23
751,5e489b29f9af8b2c14967b74,39,2020-01-30 15:49:43,2020-01-31 04:35:38,2020-01-30 22:46:17,40.337,2_39_79_381_2020-01-30 15:49:43.167580,2,CA-490,2-39-79-381,America/Los_Angeles,818.0,400.0,60.0,150.0,572.0,"Thu, 30 Jan 2020 15:50:26 GMT",True,"Fri, 31 Jan 2020 01:21:43 GMT",818.0,,,,,,,,,12.765277777777778,0 days 12:45:55,0 days 05:49:21,"Drizzle, not freezing, continuous",4,4-5
752,5e489b29f9af8b2c14967b75,39,2020-01-30 15:50:51,2020-01-30 21:57:05,2020-01-30 19:57:08,0.804,2_39_79_380_2020-01-30 15:50:51.459741,2,CA-489,2-39-79-380,America/Los_Angeles,,,,,,,,,,,,,,,,,,6.103888888888889,0 days 06:06:14,0 days 01:59:57,"Drizzle, not freezing, continuous",21,21-22
753,5e489b29f9af8b2c14967b76,39,2020-01-30 16:15:37,2020-01-31 01:50:48,2020-01-31 00:35:38,0.904,2_39_78_366_2020-01-30 16:15:36.958733,2,CA-323,2-39-78-366,America/Los_Angeles,,,,,,,,,,,,,,,,,,9.586388888888889,0 days 09:35:11,0 days 01:15:10,"Drizzle, not freezing, continuous",1,1-2
754,5e489b29f9af8b2c14967b77,39,2020-01-30 16:22:06,2020-01-30 22:36:59,2020-01-30 17:55:18,2.982,2_39_79_382_2020-01-30 16:22:06.470948,2,CA-491,2-39-79-382,America/Los_Angeles,4701.0,300.0,30.0,100.0,348.0,"Thu, 30 Jan 2020 16:22:36 GMT",True,"Thu, 30 Jan 2020 22:10:06 GMT",4701.0,300.0,12.0,40.0,392.0,"Thu, 30 Jan 2020 17:07:57 GMT",True,"Thu, 30 Jan 2020 22:54:06 GMT",4701.0,6.248055555555555,0 days 06:14:53,0 days 04:41:41,"Drizzle, not freezing, continuous",22,22-23
755,5e489b29f9af8b2c14967b78,39,2020-01-30 16:24:10,2020-01-30 19:42:38,2020-01-30 19:33:14,9.389,2_39_78_364_2020-01-30 16:24:09.878931,2,CA-495,2-39-78-364,America/Los_Angeles,1470.0,292.0,11.68,40.0,328.0,"Thu, 30 Jan 2020 16:24:47 GMT",True,"Thu, 30 Jan 2020 21:52:10 GMT",1470.0,,,,,,,,,3.307777777777778,0 days 03:18:28,0 days 00:09:24,"Drizzle, not freezing, continuous",19,19-20
756,5e489b29f9af8b2c14967b79,39,2020-01-30 16:27:35,2020-01-31 00:29:00,2020-01-30 18:45:49,12.883,2_39_91_437_2020-01-30 16:27:34.559100,2,CA-317,2-39-91-437,America/Los_Angeles,431.0,300.0,24.0,80.0,219.0,"Thu, 30 Jan 2020 16:27:53 GMT",True,"Thu, 30 Jan 2020 20:06:35 GMT",431.0,,,,,,,,,8.02361111111111,0 days 08:01:25,0 days 05:43:11,"Drizzle, not freezing, continuous",0,0-1
757,5e489b29f9af8b2c14967b7a,39,2020-01-30 16:33:02,2020-01-30 17:42:04,2020-01-30 16:58:54,0.886,2_39_130_31_2020-01-30 16:33:01.952677,2,CA-306,2-39-130-31,America/Los_Angeles,1366.0,400.0,8.0,20.0,60.0,"Thu, 30 Jan 2020 16:33:39 GMT",True,"Thu, 30 Jan 2020 17:33:02 GMT",1366.0,,,,,,,,,1.1505555555555556,0 days 01:09:02,0 days 00:43:10,"Drizzle, not freezing, continuous",17,17-18
758,5e489b29f9af8b2c14967b7b,39,2020-01-30 16:35:29,2020-01-30 22:55:48,2020-01-30 20:51:29,12.773,2_39_79_377_2020-01-30 16:35:29.023034,2,CA-325,2-39-79-377,America/Los_Angeles,68.0,214.0,12.84,60.0,263.0,"Thu, 30 Jan 2020 16:35:31 GMT",True,"Thu, 30 Jan 2020 20:58:29 GMT",68.0,214.0,12.84,60.0,263.0,"Thu, 30 Jan 2020 22:55:37 GMT",True,"Thu, 30 Jan 2020 20:58:29 GMT",68.0,6.338611111111111,0 days 06:20:19,0 days 02:04:19,"Drizzle, not freezing, continuous",22,22-23
759,5e489b29f9af8b2c14967b7c,39,2020-01-30 16:37:23,2020-01-31 02:51:22,2020-01-30 18:15:31,5.017,2_39_78_363_2020-01-30 16:37:22.968582,2,CA-320,2-39-78-363,America/Los_Angeles,2244.0,400.0,8.0,20.0,60.0,"Thu, 30 Jan 2020 16:37:45 GMT",True,"Thu, 30 Jan 2020 17:37:23 GMT",2244.0,,,,,,,,,10.233055555555556,0 days 10:13:59,0 days 08:35:51,"Drizzle, not freezing, continuous",2,2-3
760,5e489b29f9af8b2c14967b7d,39,2020-01-30 16:39:49,2020-01-31 01:03:03,2020-01-31 00:45:58,0.878,2_39_79_376_2020-01-30 16:39:49.291553,2,CA-324,2-39-79-376,America/Los_Angeles,,,,,,,,,,,,,,,,,,8.387222222222222,0 days 08:23:14,0 days 00:17:05,"Drizzle, not freezing, continuous",1,1-2
761,5e489b29f9af8b2c14967b7e,39,2020-01-30 16:40:05,2020-01-31 00:58:46,2020-01-30 17:44:14,1.908,2_39_79_378_2020-01-30 16:40:04.840087,2,CA-326,2-39-79-378,America/Los_Angeles,751.0,400.0,40.0,100.0,717.0,"Thu, 30 Jan 2020 16:40:12 GMT",True,"Fri, 31 Jan 2020 04:37:05 GMT",751.0,,,,,,,,,8.311388888888889,0 days 08:18:41,0 days 07:14:32,"Drizzle, not freezing, continuous",0,0-1
762,5e489b29f9af8b2c14967b7f,39,2020-01-30 16:43:52,2020-01-30 20:35:40,2020-01-30 20:36:38,0.944,2_39_78_362_2020-01-30 16:43:52.401896,2,CA-496,2-39-78-362,America/Los_Angeles,,,,,,,,,,,,,,,,,,3.8633333333333333,0 days 03:51:48,-1 days +23:59:02,"Drizzle, not freezing, continuous",20,20-21
763,5e489b29f9af8b2c14967b80,39,2020-01-30 16:49:50,2020-01-31 01:44:23,2020-01-30 19:02:53,12.52,2_39_125_21_2020-01-30 16:49:49.805666,2,CA-311,2-39-125-21,America/Los_Angeles,1153.0,600.0,18.0,30.0,434.0,"Thu, 30 Jan 2020 16:50:08 GMT",True,"Fri, 31 Jan 2020 00:03:50 GMT",1153.0,,,,,,,,,8.909166666666666,0 days 08:54:33,0 days 06:41:30,"Drizzle, not freezing, continuous",1,1-2
764,5e489b29f9af8b2c14967b81,39,2020-01-30 16:53:39,2020-01-31 03:52:09,2020-01-30 18:50:37,5.839,2_39_95_27_2020-01-30 16:53:38.835606,2,CA-319,2-39-95-27,America/Los_Angeles,1222.0,400.0,8.0,20.0,72.0,"Thu, 30 Jan 2020 16:53:54 GMT",True,"Thu, 30 Jan 2020 18:05:39 GMT",1222.0,,,,,,,,,10.975,0 days 10:58:30,0 days 09:01:32,"Drizzle, not freezing, continuous",3,3-4
765,5e489b29f9af8b2c14967b82,39,2020-01-30 16:55:04,2020-01-31 01:06:48,2020-01-30 19:34:31,7.771,2_39_123_23_2020-01-30 16:55:03.821103,2,CA-313,2-39-123-23,America/Los_Angeles,620.0,400.0,12.0,30.0,196.0,"Thu, 30 Jan 2020 16:56:02 GMT",True,"Thu, 30 Jan 2020 20:11:04 GMT",620.0,,,,,,,,,8.195555555555556,0 days 08:11:44,0 days 05:32:17,"Drizzle, not freezing, continuous",1,1-2
766,5e489b29f9af8b2c14967b83,39,2020-01-30 16:56:40,2020-01-30 20:41:24,2020-01-30 18:32:57,5.069,2_39_127_19_2020-01-30 16:56:40.267594,2,CA-309,2-39-127-19,America/Los_Angeles,562.0,325.0,6.5,20.0,186.0,"Thu, 30 Jan 2020 16:56:56 GMT",True,"Thu, 30 Jan 2020 20:02:40 GMT",562.0,325.0,6.5,20.0,186.0,"Thu, 30 Jan 2020 20:41:13 GMT",True,"Thu, 30 Jan 2020 20:02:40 GMT",562.0,3.7455555555555557,0 days 03:44:44,0 days 02:08:27,"Drizzle, not freezing, continuous",20,20-21
767,5e489b29f9af8b2c14967b84,39,2020-01-30 17:06:16,2020-01-31 03:09:56,2020-01-30 19:09:32,11.071,2_39_78_365_2020-01-30 17:06:16.226431,2,CA-321,2-39-78-365,America/Los_Angeles,558.0,400.0,28.0,70.0,60.0,"Thu, 30 Jan 2020 17:06:19 GMT",True,"Thu, 30 Jan 2020 18:06:16 GMT",558.0,,,,,,,,,10.061111111111112,0 days 10:03:40,0 days 08:00:24,"Drizzle, not freezing, continuous",3,3-4
768,5e489b29f9af8b2c14967b85,39,2020-01-30 17:08:28,2020-01-31 00:32:47,2020-01-30 19:46:56,11.108,2_39_92_436_2020-01-30 17:08:27.934445,2,CA-318,2-39-92-436,America/Los_Angeles,1137.0,400.0,24.0,60.0,421.0,"Thu, 30 Jan 2020 17:08:37 GMT",True,"Fri, 31 Jan 2020 00:09:28 GMT",1137.0,,,,,,,,,7.405277777777778,0 days 07:24:19,0 days 04:45:51,"Drizzle, not freezing, continuous",0,0-1
769,5e489b29f9af8b2c14967b86,39,2020-01-30 17:31:52,2020-01-31 00:37:24,2020-01-30 18:20:27,2.057,2_39_88_24_2020-01-30 17:31:39.532159,2,CA-314,2-39-88-24,America/Los_Angeles,3577.0,400.0,8.0,20.0,488.0,"Thu, 30 Jan 2020 17:31:51 GMT",True,"Fri, 31 Jan 2020 01:39:52 GMT",3577.0,,,,,,,,,7.092222222222222,0 days 07:05:32,0 days 06:16:57,"Drizzle, not freezing, continuous",0,0-1
770,5e489b29f9af8b2c14967b87,39,2020-01-30 17:49:37,2020-01-30 23:41:47,2020-01-30 19:47:26,12.061,2_39_130_31_2020-01-30 17:49:37.075676,2,CA-306,2-39-130-31,America/Los_Angeles,1912.0,400.0,20.0,50.0,333.0,"Thu, 30 Jan 2020 17:49:55 GMT",True,"Thu, 30 Jan 2020 23:22:37 GMT",1912.0,,,,,,,,,5.8694444444444445,0 days 05:52:10,0 days 03:54:21,"Drizzle, not freezing, continuous",23,23-24
771,5e489b29f9af8b2c14967b88,39,2020-01-30 18:16:30,2020-01-31 02:05:07,2020-01-30 20:05:27,10.554,2_39_89_25_2020-01-30 18:16:30.400015,2,CA-315,2-39-89-25,America/Los_Angeles,1095.0,400.0,12.0,30.0,444.0,"Thu, 30 Jan 2020 18:16:40 GMT",True,"Fri, 31 Jan 2020 01:40:30 GMT",1095.0,,,,,,,,,7.810277777777777,0 days 07:48:37,0 days 05:59:40,"Drizzle, not freezing, continuous",2,2-3
772,5e489b29f9af8b2c14967b89,39,2020-01-30 18:31:46,2020-01-31 01:36:54,2020-01-31 01:36:45,2.316,2_39_79_383_2020-01-30 18:31:46.211414,2,CA-492,2-39-79-383,America/Los_Angeles,5368.0,400.0,8.0,20.0,73.0,"Fri, 31 Jan 2020 01:08:31 GMT",True,"Thu, 30 Jan 2020 19:44:46 GMT",5368.0,,,,,,,,,7.085555555555556,0 days 07:05:08,0 days 00:00:09,"Drizzle, not freezing, continuous",1,1-2
773,5e489b29f9af8b2c14967b8a,39,2020-01-30 18:41:12,2020-01-31 01:54:49,2020-01-31 00:35:12,4.144,2_39_126_20_2020-01-30 18:41:11.958785,2,CA-310,2-39-126-20,America/Los_Angeles,668.0,425.0,4.25,10.0,61.0,"Thu, 30 Jan 2020 18:41:27 GMT",True,"Thu, 30 Jan 2020 19:42:12 GMT",668.0,,,,,,,,,7.226944444444444,0 days 07:13:37,0 days 01:19:37,"Drizzle, not freezing, continuous",1,1-2
774,5e489b29f9af8b2c14967b8b,39,2020-01-30 18:43:41,2020-01-31 01:37:12,2020-01-30 19:50:08,3.225,2_39_92_442_2020-01-30 18:43:41.315712,2,CA-498,2-39-92-442,America/Los_Angeles,2170.0,400.0,28.0,70.0,426.0,"Thu, 30 Jan 2020 18:43:47 GMT",True,"Fri, 31 Jan 2020 01:49:41 GMT",2170.0,,,,,,,,,6.891944444444444,0 days 06:53:31,0 days 05:47:04,"Drizzle, not freezing, continuous",1,1-2
775,5e489b29f9af8b2c14967b8c,39,2020-01-30 18:50:51,2020-01-31 01:59:04,2020-01-30 20:51:25,6.412,2_39_124_22_2020-01-30 18:50:26.473192,2,CA-312,2-39-124-22,America/Los_Angeles,5594.0,360.0,9.0,25.0,465.0,"Thu, 30 Jan 2020 18:50:51 GMT",True,"Fri, 31 Jan 2020 02:35:51 GMT",5594.0,360.0,9.0,25.0,465.0,"Thu, 30 Jan 2020 18:52:15 GMT",True,"Fri, 31 Jan 2020 02:35:51 GMT",5594.0,7.1369444444444445,0 days 07:08:13,0 days 05:07:39,"Drizzle, not freezing, continuous",1,1-2
776,5e489b29f9af8b2c14967b8d,39,2020-01-30 19:33:59,2020-01-31 01:59:08,2020-01-30 20:13:39,1.849,2_39_91_441_2020-01-30 19:33:59.021470,2,CA-499,2-39-91-441,America/Los_Angeles,891.0,400.0,8.0,20.0,216.0,"Thu, 30 Jan 2020 19:36:00 GMT",True,"Thu, 30 Jan 2020 23:09:59 GMT",891.0,,,,,,,,,6.4191666666666665,0 days 06:25:09,0 days 05:45:29,"Drizzle, not freezing, continuous",1,1-2
777,5e489b29f9af8b2c14967b8e,39,2020-01-30 20:11:53,2020-01-31 02:04:20,2020-01-31 01:08:45,0.897,2_39_78_361_2020-01-30 20:11:52.730700,2,CA-493,2-39-78-361,America/Los_Angeles,,,,,,,,,,,,,,,,,,5.8741666666666665,0 days 05:52:27,0 days 00:55:35,"Drizzle, not freezing, continuous",2,2-3
778,5e489b29f9af8b2c14967b8f,39,2020-01-30 21:27:20,2020-01-31 02:49:49,2020-01-30 22:43:55,1.414,2_39_127_19_2020-01-30 21:27:19.822041,2,CA-309,2-39-127-19,America/Los_Angeles,562.0,325.0,3.25,10.0,186.0,"Thu, 30 Jan 2020 21:27:56 GMT",True,"Fri, 31 Jan 2020 00:33:20 GMT",562.0,,,,,,,,,5.374722222222222,0 days 05:22:29,0 days 04:05:54,"Drizzle, not freezing, continuous",2,2-3
779,5e489b29f9af8b2c14967b90,39,2020-01-30 22:25:57,2020-01-30 23:17:50,2020-01-30 22:46:14,2.88,2_39_79_379_2020-01-30 22:25:56.767707,2,CA-327,2-39-79-379,America/Los_Angeles,1384.0,400.0,36.0,90.0,132.0,"Thu, 30 Jan 2020 22:26:29 GMT",True,"Fri, 31 Jan 2020 00:37:57 GMT",1384.0,400.0,36.0,90.0,132.0,"Thu, 30 Jan 2020 23:17:37 GMT",True,"Fri, 31 Jan 2020 00:37:57 GMT",1384.0,0.8647222222222222,0 days 00:51:53,0 days 00:31:36,"Drizzle, not freezing, continuous",23,23-24
780,5e489b29f9af8b2c14967b91,39,2020-01-31 00:10:05,2020-01-31 04:31:02,2020-01-31 03:09:35,9.272,2_39_130_31_2020-01-31 00:10:05.351700,2,CA-306,2-39-130-31,America/Los_Angeles,1920.0,450.0,13.5,30.0,145.0,"Fri, 31 Jan 2020 00:11:00 GMT",True,"Fri, 31 Jan 2020 02:35:05 GMT",1920.0,450.0,13.5,30.0,161.0,"Fri, 31 Jan 2020 00:11:24 GMT",True,"Fri, 31 Jan 2020 02:51:05 GMT",1920.0,4.349166666666667,0 days 04:20:57,0 days 01:21:27,"Drizzle, not freezing, continuous",4,4-5
781,5e489b29f9af8b2c14967b92,39,2020-01-31 00:56:35,2020-01-31 03:07:57,2020-01-31 01:41:57,3.891,2_39_91_437_2020-01-31 00:56:22.560446,2,CA-317,2-39-91-437,America/Los_Angeles,3123.0,400.0,4.0,10.0,154.0,"Fri, 31 Jan 2020 00:56:35 GMT",True,"Fri, 31 Jan 2020 03:30:35 GMT",3123.0,,,,,,,,,2.1894444444444443,0 days 02:11:22,0 days 01:26:00,"Drizzle, not freezing, continuous",3,3-4
782,5e489b29f9af8b2c14967b93,39,2020-01-31 02:38:40,2020-01-31 06:22:15,2020-01-31 06:22:10,12.743,2_39_89_25_2020-01-31 02:38:40.327787,2,CA-315,2-39-89-25,America/Los_Angeles,1108.0,400.0,20.0,50.0,235.0,"Fri, 31 Jan 2020 02:39:04 GMT",True,"Fri, 31 Jan 2020 06:33:40 GMT",1108.0,,,,,,,,,3.7263888888888888,0 days 03:43:35,0 days 00:00:05,"Drizzle, not freezing, continuous",6,6-7
783,5e489b29f9af8b2c14967b94,39,2020-01-31 04:50:49,2020-01-31 05:43:29,2020-01-31 05:43:25,2.929,2_39_139_28_2020-01-31 04:50:48.896465,2,CA-303,2-39-139-28,America/Los_Angeles,1263.0,400.0,12.0,30.0,115.0,"Fri, 31 Jan 2020 04:51:12 GMT",True,"Fri, 31 Jan 2020 06:45:49 GMT",1263.0,,,,,,,,,0.8777777777777778,0 days 00:52:40,0 days 00:00:04,"Drizzle, not freezing, continuous",5,5-6
784,5e49ecb2f9af8b304c13b33e,39,2020-01-31 12:56:01,2020-01-31 14:19:42,2020-01-31 14:19:37,8.193,2_39_131_30_2020-01-31 12:56:01.003882,2,CA-305,2-39-131-30,America/Los_Angeles,300.0,400.0,32.0,80.0,638.0,"Fri, 31 Jan 2020 12:56:57 GMT",True,"Fri, 31 Jan 2020 23:34:01 GMT",300.0,,,,,,,,,1.3947222222222222,0 days 01:23:41,0 days 00:00:05,"Drizzle, not freezing, continuous",14,14-15
785,5e49ecb2f9af8b304c13b33f,39,2020-01-31 14:49:55,2020-02-01 15:49:35,2020-01-31 18:55:11,13.5,2_39_79_383_2020-01-31 14:49:02.440573,2,CA-492,2-39-79-383,America/Los_Angeles,4913.0,400.0,20.0,50.0,720.0,"Fri, 31 Jan 2020 14:49:55 GMT",True,"Sat, 01 Feb 2020 02:49:55 GMT",4913.0,,,,,,,,,24.994444444444444,1 days 00:59:40,0 days 20:54:24,"Drizzle, not freezing, continuous",15,15-16
786,5e49ecb2f9af8b304c13b340,39,2020-01-31 15:44:59,2020-02-01 01:58:57,2020-01-31 17:00:34,2.589,2_39_79_382_2020-01-31 15:44:59.398284,2,CA-491,2-39-79-382,America/Los_Angeles,4701.0,300.0,12.0,40.0,392.0,"Fri, 31 Jan 2020 15:45:10 GMT",True,"Fri, 31 Jan 2020 22:16:59 GMT",4701.0,,,,,,,,,10.232777777777779,0 days 10:13:58,0 days 08:58:23,"Drizzle, not freezing, continuous",1,1-2
787,5e49ecb2f9af8b304c13b341,39,2020-01-31 15:45:53,2020-01-31 19:28:56,2020-01-31 16:30:32,4.132,2_39_139_28_2020-01-31 15:45:53.331331,2,CA-303,2-39-139-28,America/Los_Angeles,710.0,400.0,56.0,140.0,273.0,"Fri, 31 Jan 2020 15:46:20 GMT",True,"Fri, 31 Jan 2020 20:18:53 GMT",710.0,,,,,,,,,3.7175,0 days 03:43:03,0 days 02:58:24,"Drizzle, not freezing, continuous",19,19-20
788,5e49ecb2f9af8b304c13b342,39,2020-01-31 15:47:15,2020-01-31 23:37:03,2020-01-31 20:46:29,16.403,2_39_78_366_2020-01-31 15:47:15.144555,2,CA-323,2-39-78-366,America/Los_Angeles,3853.0,360.0,21.6,60.0,523.0,"Fri, 31 Jan 2020 15:47:28 GMT",True,"Sat, 01 Feb 2020 00:30:15 GMT",3853.0,,,,,,,,,7.83,0 days 07:49:48,0 days 02:50:34,"Drizzle, not freezing, continuous",23,23-24
789,5e49ecb2f9af8b304c13b343,39,2020-01-31 15:57:17,2020-01-31 21:35:43,2020-01-31 21:26:16,0.839,2_39_79_380_2020-01-31 15:57:17.033463,2,CA-489,2-39-79-380,America/Los_Angeles,,,,,,,,,,,,,,,,,,5.640555555555555,0 days 05:38:26,0 days 00:09:27,"Drizzle, not freezing, continuous",21,21-22
790,5e49ecb2f9af8b304c13b344,39,2020-01-31 16:10:30,2020-02-01 02:22:06,2020-01-31 20:59:52,30.84,2_39_95_27_2020-01-31 16:10:29.735207,2,CA-319,2-39-95-27,America/Los_Angeles,248.0,250.0,35.0,140.0,569.0,"Fri, 31 Jan 2020 16:10:46 GMT",True,"Sat, 01 Feb 2020 01:39:30 GMT",248.0,,,,,,,,,10.193333333333333,0 days 10:11:36,0 days 05:22:14,"Drizzle, not freezing, continuous",2,2-3
791,5e49ecb2f9af8b304c13b345,39,2020-01-31 16:16:29,2020-02-01 01:06:26,2020-01-31 22:29:00,35.559,2_39_78_364_2020-01-31 16:16:29.292436,2,CA-495,2-39-78-364,America/Los_Angeles,3449.0,276.0,40.02,145.0,494.0,"Fri, 31 Jan 2020 16:16:47 GMT",True,"Sat, 01 Feb 2020 00:30:29 GMT",3449.0,,,,,,,,,8.8325,0 days 08:49:57,0 days 02:37:26,"Drizzle, not freezing, continuous",1,1-2
792,5e49ecb2f9af8b304c13b346,39,2020-01-31 16:24:44,2020-02-01 00:53:53,2020-01-31 20:56:23,15.185,2_39_131_30_2020-01-31 16:24:34.767359,2,CA-305,2-39-131-30,America/Los_Angeles,4947.0,380.0,19.0,50.0,499.0,"Fri, 31 Jan 2020 16:24:44 GMT",True,"Sat, 01 Feb 2020 00:43:44 GMT",4947.0,,,,,,,,,8.485833333333334,0 days 08:29:09,0 days 03:57:30,"Drizzle, not freezing, continuous",0,0-1
793,5e49ecb2f9af8b304c13b347,39,2020-01-31 16:29:43,2020-01-31 22:00:30,2020-01-31 22:01:30,5.677,2_39_78_362_2020-01-31 16:29:42.678168,2,CA-496,2-39-78-362,America/Los_Angeles,1470.0,292.0,17.52,60.0,328.0,"Fri, 31 Jan 2020 16:30:03 GMT",True,"Fri, 31 Jan 2020 21:57:43 GMT",1470.0,,,,,,,,,5.513055555555556,0 days 05:30:47,-1 days +23:59:00,"Drizzle, not freezing, continuous",22,22-23
794,5e49ecb2f9af8b304c13b348,39,2020-01-31 16:51:30,2020-02-01 00:27:57,2020-01-31 17:17:10,1.53,2_39_79_379_2020-01-31 16:51:29.797698,2,CA-327,2-39-79-379,America/Los_Angeles,751.0,400.0,40.0,100.0,717.0,"Fri, 31 Jan 2020 16:53:36 GMT",True,"Sat, 01 Feb 2020 04:48:30 GMT",751.0,,,,,,,,,7.6075,0 days 07:36:27,0 days 07:10:47,"Drizzle, not freezing, continuous",0,0-1
795,5e49ecb2f9af8b304c13b349,39,2020-01-31 16:52:49,2020-01-31 22:40:19,2020-01-31 18:36:07,5.091,2_39_128_562_2020-01-31 16:52:49.352872,2,CA-508,2-39-128-562,America/Los_Angeles,1534.0,250.0,7.5,30.0,404.0,"Fri, 31 Jan 2020 16:53:49 GMT",True,"Fri, 31 Jan 2020 23:36:49 GMT",1534.0,,,,,,,,,5.791666666666667,0 days 05:47:30,0 days 04:04:12,"Drizzle, not freezing, continuous",22,22-23
796,5e49ecb2f9af8b304c13b34a,39,2020-01-31 17:09:29,2020-02-01 05:31:12,2020-01-31 19:02:23,5.537,2_39_127_19_2020-01-31 17:09:29.142043,2,CA-309,2-39-127-19,America/Los_Angeles,567.0,400.0,8.0,20.0,411.0,"Fri, 31 Jan 2020 17:09:36 GMT",True,"Sat, 01 Feb 2020 00:00:29 GMT",567.0,,,,,,,,,12.361944444444445,0 days 12:21:43,0 days 10:28:49,"Drizzle, not freezing, continuous",5,5-6
797,5e49ecb2f9af8b304c13b34b,39,2020-01-31 17:15:18,2020-02-01 00:34:07,2020-01-31 18:57:22,3.623,2_39_126_20_2020-01-31 17:15:18.373212,2,CA-310,2-39-126-20,America/Los_Angeles,620.0,400.0,12.0,30.0,471.0,"Fri, 31 Jan 2020 17:15:36 GMT",True,"Sat, 01 Feb 2020 01:06:18 GMT",620.0,,,,,,,,,7.313611111111111,0 days 07:18:49,0 days 05:36:45,"Drizzle, not freezing, continuous",0,0-1
798,5e49ecb2f9af8b304c13b34c,39,2020-01-31 17:19:02,2020-01-31 18:36:53,2020-01-31 18:36:39,8.597,2_39_124_22_2020-01-31 17:19:01.991803,2,CA-312,2-39-124-22,America/Los_Angeles,3038.0,400.0,40.0,100.0,71.0,"Fri, 31 Jan 2020 17:19:36 GMT",True,"Fri, 31 Jan 2020 18:30:02 GMT",3038.0,,,,,,,,,1.2975,0 days 01:17:51,0 days 00:00:14,"Drizzle, not freezing, continuous",18,18-19
799,5e49ecb2f9af8b304c13b34d,39,2020-01-31 17:33:21,2020-01-31 20:36:16,2020-01-31 19:13:54,0.916,2_39_123_23_2020-01-31 17:33:21.015835,2,CA-313,2-39-123-23,America/Los_Angeles,,,,,,,,,,,,,,,,,,3.048611111111111,0 days 03:02:55,0 days 01:22:22,"Drizzle, not freezing, continuous",20,20-21
800,5e49ecb2f9af8b304c13b34e,39,2020-01-31 17:47:39,2020-01-31 20:50:58,2020-01-31 19:44:57,6.078,2_39_79_376_2020-01-31 17:47:39.228872,2,CA-324,2-39-79-376,America/Los_Angeles,5368.0,400.0,8.0,20.0,73.0,"Fri, 31 Jan 2020 17:50:58 GMT",True,"Fri, 31 Jan 2020 19:00:39 GMT",5368.0,,,,,,,,,3.055277777777778,0 days 03:03:19,0 days 01:06:01,"Drizzle, not freezing, continuous",20,20-21
801,5e49ecb2f9af8b304c13b34f,39,2020-01-31 17:47:53,2020-02-01 00:06:11,2020-01-31 19:42:37,12.026,2_39_88_24_2020-01-31 17:47:46.811725,2,CA-314,2-39-88-24,America/Los_Angeles,1912.0,400.0,20.0,50.0,333.0,"Fri, 31 Jan 2020 17:47:53 GMT",True,"Fri, 31 Jan 2020 23:20:53 GMT",1912.0,,,,,,,,,6.305,0 days 06:18:18,0 days 04:23:34,"Drizzle, not freezing, continuous",0,0-1
802,5e49ecb2f9af8b304c13b350,39,2020-01-31 17:49:56,2020-02-01 05:50:26,2020-01-31 18:37:37,1.457,2_39_91_437_2020-01-31 17:49:56.206264,2,CA-317,2-39-91-437,America/Los_Angeles,324.0,444.0,8.88,20.0,45.0,"Fri, 31 Jan 2020 17:50:16 GMT",True,"Fri, 31 Jan 2020 18:34:56 GMT",324.0,,,,,,,,,12.008333333333333,0 days 12:00:30,0 days 11:12:49,"Drizzle, not freezing, continuous",5,5-6
803,5e49ecb2f9af8b304c13b351,39,2020-01-31 17:54:40,2020-02-01 01:17:04,2020-01-31 22:06:08,20.359,2_39_79_377_2020-01-31 17:54:40.052339,2,CA-325,2-39-79-377,America/Los_Angeles,515.0,400.0,28.0,70.0,482.0,"Fri, 31 Jan 2020 17:54:59 GMT",True,"Sat, 01 Feb 2020 01:56:40 GMT",515.0,400.0,28.0,70.0,482.0,"Fri, 31 Jan 2020 17:55:31 GMT",True,"Sat, 01 Feb 2020 01:56:40 GMT",515.0,7.373333333333333,0 days 07:22:24,0 days 03:10:56,"Drizzle, not freezing, continuous",1,1-2
804,5e49ecb2f9af8b304c13b352,39,2020-01-31 17:57:34,2020-02-01 02:09:23,2020-01-31 19:47:08,11.812,2_39_78_360_2020-01-31 17:57:33.726807,2,CA-322,2-39-78-360,America/Los_Angeles,714.0,400.0,24.0,60.0,361.0,"Fri, 31 Jan 2020 17:57:34 GMT",True,"Fri, 31 Jan 2020 23:58:34 GMT",714.0,400.0,32.0,80.0,445.0,"Fri, 31 Jan 2020 17:58:05 GMT",True,"Sat, 01 Feb 2020 01:22:34 GMT",714.0,8.196944444444444,0 days 08:11:49,0 days 06:22:15,"Drizzle, not freezing, continuous",2,2-3
805,5e49ecb2f9af8b304c13b353,39,2020-01-31 18:03:05,2020-01-31 21:36:53,2020-01-31 21:36:48,22.067,2_39_91_441_2020-01-31 18:03:05.440741,2,CA-499,2-39-91-441,America/Los_Angeles,2972.0,400.0,24.0,60.0,200.0,"Fri, 31 Jan 2020 18:03:50 GMT",True,"Fri, 31 Jan 2020 21:23:05 GMT",2972.0,400.0,24.0,60.0,252.0,"Fri, 31 Jan 2020 18:04:54 GMT",True,"Fri, 31 Jan 2020 22:15:05 GMT",2972.0,3.5633333333333335,0 days 03:33:48,0 days 00:00:05,"Drizzle, not freezing, continuous",21,21-22
806,5e49ecb2f9af8b304c13b354,39,2020-01-31 18:12:54,2020-02-01 03:15:20,2020-01-31 20:11:10,10.986,2_39_92_436_2020-01-31 18:12:53.574050,2,CA-318,2-39-92-436,America/Los_Angeles,558.0,400.0,20.0,50.0,60.0,"Fri, 31 Jan 2020 18:12:56 GMT",True,"Fri, 31 Jan 2020 19:12:54 GMT",558.0,,,,,,,,,9.040555555555555,0 days 09:02:26,0 days 07:04:10,"Drizzle, not freezing, continuous",3,3-4
807,5e49ecb2f9af8b304c13b355,39,2020-01-31 18:13:10,2020-02-01 01:48:46,2020-01-31 21:46:21,10.926,2_39_78_365_2020-01-31 18:13:09.694533,2,CA-321,2-39-78-365,America/Los_Angeles,1095.0,400.0,12.0,30.0,444.0,"Fri, 31 Jan 2020 18:16:17 GMT",True,"Sat, 01 Feb 2020 01:37:10 GMT",1095.0,,,,,,,,,7.593333333333334,0 days 07:35:36,0 days 04:02:25,"Drizzle, not freezing, continuous",1,1-2
808,5e49ecb2f9af8b304c13b356,39,2020-01-31 18:24:42,2020-02-01 01:12:30,2020-02-01 00:24:40,4.164,2_39_89_25_2020-01-31 18:24:42.202193,2,CA-315,2-39-89-25,America/Los_Angeles,668.0,425.0,4.25,10.0,61.0,"Fri, 31 Jan 2020 18:24:56 GMT",True,"Fri, 31 Jan 2020 19:25:42 GMT",668.0,,,,,,,,,6.796666666666667,0 days 06:47:48,0 days 00:47:50,"Drizzle, not freezing, continuous",1,1-2
809,5e49ecb2f9af8b304c13b357,39,2020-01-31 18:35:40,2020-02-01 00:36:34,2020-02-01 00:25:48,0.933,2_39_90_440_2020-01-31 18:35:39.931704,2,CA-500,2-39-90-440,America/Los_Angeles,,,,,,,,,,,,,,,,,,6.015,0 days 06:00:54,0 days 00:10:46,"Drizzle, not freezing, continuous",0,0-1
810,5e49ecb2f9af8b304c13b358,39,2020-01-31 19:13:17,2020-02-01 00:36:45,2020-01-31 19:45:27,1.846,2_39_88_438_2020-01-31 19:13:16.597023,2,CA-502,2-39-88-438,America/Los_Angeles,1091.0,300.0,9.0,30.0,139.0,"Fri, 31 Jan 2020 19:13:39 GMT",True,"Fri, 31 Jan 2020 21:32:17 GMT",1091.0,,,,,,,,,5.391111111111111,0 days 05:23:28,0 days 04:51:18,"Drizzle, not freezing, continuous",0,0-1
811,5e49ecb2f9af8b304c13b359,39,2020-01-31 19:18:25,2020-02-01 01:57:18,2020-01-31 20:02:17,1.821,2_39_128_18_2020-01-31 19:18:25.018006,2,CA-308,2-39-128-18,America/Los_Angeles,891.0,400.0,8.0,20.0,216.0,"Fri, 31 Jan 2020 19:18:30 GMT",True,"Fri, 31 Jan 2020 22:54:25 GMT",891.0,,,,,,,,,6.648055555555556,0 days 06:38:53,0 days 05:55:01,"Drizzle, not freezing, continuous",1,1-2
812,5e49ecb2f9af8b304c13b35a,39,2020-01-31 19:31:03,2020-02-01 00:17:01,2020-01-31 23:47:03,22.382,2_39_124_22_2020-01-31 19:31:02.732056,2,CA-312,2-39-124-22,America/Los_Angeles,4011.0,375.0,22.5,60.0,304.0,"Fri, 31 Jan 2020 19:31:34 GMT",True,"Sat, 01 Feb 2020 00:35:03 GMT",4011.0,375.0,22.5,60.0,304.0,"Sat, 01 Feb 2020 00:16:47 GMT",True,"Sat, 01 Feb 2020 00:35:03 GMT",4011.0,4.766111111111111,0 days 04:45:58,0 days 00:29:58,"Drizzle, not freezing, continuous",0,0-1
813,5e49ecb2f9af8b304c13b35b,39,2020-01-31 20:27:06,2020-02-01 02:43:23,2020-01-31 22:28:40,6.524,2_39_89_439_2020-01-31 20:27:05.607522,2,CA-501,2-39-89-439,America/Los_Angeles,1124.0,400.0,8.0,20.0,60.0,"Fri, 31 Jan 2020 20:27:28 GMT",True,"Fri, 31 Jan 2020 21:27:06 GMT",1124.0,,,,,,,,,6.271388888888889,0 days 06:16:17,0 days 04:14:43,"Drizzle, not freezing, continuous",2,2-3
814,5e49ecb2f9af8b304c13b35c,39,2020-01-31 21:15:56,2020-01-31 23:57:03,2020-01-31 22:26:44,2.182,2_39_123_23_2020-01-31 21:15:56.482574,2,CA-313,2-39-123-23,America/Los_Angeles,560.0,400.0,8.0,20.0,258.0,"Fri, 31 Jan 2020 21:16:05 GMT",True,"Sat, 01 Feb 2020 01:33:56 GMT",560.0,,,,,,,,,2.685277777777778,0 days 02:41:07,0 days 01:30:19,"Drizzle, not freezing, continuous",23,23-24
815,5e49ecb2f9af8b304c13b35d,39,2020-01-31 21:19:25,2020-02-01 04:13:18,2020-02-01 04:13:06,0.751,2_39_139_28_2020-01-31 21:19:24.572549,2,CA-303,2-39-139-28,America/Los_Angeles,,,,,,,,,,,,,,,,,,6.898055555555556,0 days 06:53:53,0 days 00:00:12,"Drizzle, not freezing, continuous",4,4-5
816,5e49ecb2f9af8b304c13b35e,39,2020-01-31 21:40:27,2020-02-01 02:17:50,2020-01-31 23:33:03,5.929,2_39_79_376_2020-01-31 21:40:27.060361,2,CA-324,2-39-79-376,America/Los_Angeles,562.0,325.0,3.25,10.0,186.0,"Fri, 31 Jan 2020 21:40:50 GMT",True,"Sat, 01 Feb 2020 00:46:27 GMT",562.0,325.0,6.5,20.0,186.0,"Fri, 31 Jan 2020 21:41:03 GMT",True,"Sat, 01 Feb 2020 00:46:27 GMT",562.0,4.623055555555555,0 days 04:37:23,0 days 02:44:47,"Drizzle, not freezing, continuous",2,2-3
817,5e49ecb2f9af8b304c13b35f,39,2020-01-31 21:44:46,2020-02-01 00:05:07,2020-01-31 22:10:10,2.258,2_39_91_441_2020-01-31 21:44:45.654442,2,CA-499,2-39-91-441,America/Los_Angeles,1087.0,400.0,20.0,50.0,203.0,"Fri, 31 Jan 2020 21:44:51 GMT",True,"Sat, 01 Feb 2020 01:07:46 GMT",1087.0,,,,,,,,,2.339166666666667,0 days 02:20:21,0 days 01:54:57,"Drizzle, not freezing, continuous",0,0-1
818,5e49ecb2f9af8b304c13b360,39,2020-01-31 22:34:02,2020-02-01 01:12:28,2020-02-01 00:08:52,0.827,2_39_79_380_2020-01-31 22:34:02.501730,2,CA-489,2-39-79-380,America/Los_Angeles,,,,,,,,,,,,,,,,,,2.6405555555555558,0 days 02:38:26,0 days 01:03:36,"Drizzle, not freezing, continuous",1,1-2
819,5e49ecb2f9af8b304c13b361,39,2020-02-01 00:38:14,2020-02-01 02:30:44,2020-02-01 01:22:21,1.973,2_39_123_23_2020-02-01 00:38:13.655153,2,CA-313,2-39-123-23,America/Los_Angeles,1920.0,450.0,13.5,30.0,161.0,"Sat, 01 Feb 2020 00:39:04 GMT",True,"Sat, 01 Feb 2020 03:19:14 GMT",1920.0,450.0,13.5,30.0,161.0,"Sat, 01 Feb 2020 00:39:08 GMT",True,"Sat, 01 Feb 2020 03:19:14 GMT",1920.0,1.875,0 days 01:52:30,0 days 01:08:23,"Drizzle, not freezing, continuous",2,2-3
820,5e49ecb2f9af8b304c13b362,39,2020-02-01 02:45:42,2020-02-01 03:41:09,2020-02-01 03:16:35,0.658,2_39_83_386_2020-02-01 02:45:42.182945,2,CA-212,2-39-83-386,America/Los_Angeles,,,,,,,,,,,,,,,,,,0.9241666666666667,0 days 00:55:27,0 days 00:24:34,"Drizzle, not freezing, continuous",3,3-4
821,5e49ecb2f9af8b304c13b363,39,2020-02-01 03:06:06,2020-02-01 03:25:52,2020-02-01 03:25:47,0.614,2_39_126_20_2020-02-01 03:06:06.501159,2,CA-310,2-39-126-20,America/Los_Angeles,,,,,,,,,,,,,,,,,,0.32944444444444443,0 days 00:19:46,0 days 00:00:05,"Drizzle, not freezing, continuous",3,3-4
822,5e4b3e1ff9af8b3419ebb2c3,39,2020-02-01 17:25:26,2020-02-01 19:33:18,2020-02-01 19:33:14,10.575,2_39_138_29_2020-02-01 17:25:25.915270,2,CA-304,2-39-138-29,America/Los_Angeles,1085.0,250.0,15.0,60.0,142.0,"Sat, 01 Feb 2020 17:26:12 GMT",True,"Sat, 01 Feb 2020 19:47:26 GMT",1085.0,,,,,,,,,2.131111111111111,0 days 02:07:52,0 days 00:00:04,"Drizzle, not freezing, continuous",19,19-20
823,5e4b3e1ff9af8b3419ebb2c4,39,2020-02-01 18:17:27,2020-02-01 19:26:49,2020-02-01 19:05:12,1.984,2_39_139_28_2020-02-01 18:17:27.459175,2,CA-303,2-39-139-28,America/Los_Angeles,365.0,333.0,9.99,30.0,104.0,"Sat, 01 Feb 2020 18:17:44 GMT",True,"Sat, 01 Feb 2020 20:01:27 GMT",365.0,,,,,,,,,1.156111111111111,0 days 01:09:22,0 days 00:21:37,"Drizzle, not freezing, continuous",19,19-20
824,5e4b3e1ff9af8b3419ebb2c5,39,2020-02-01 19:28:05,2020-02-01 22:41:19,2020-02-01 21:50:20,7.767,2_39_79_382_2020-02-01 19:28:05.373541,2,CA-491,2-39-79-382,America/Los_Angeles,4701.0,300.0,12.0,40.0,199.0,"Sat, 01 Feb 2020 19:28:15 GMT",True,"Sat, 01 Feb 2020 22:47:05 GMT",4701.0,,,,,,,,,3.2205555555555554,0 days 03:13:14,0 days 00:50:59,"Drizzle, not freezing, continuous",22,22-23
825,5e4b3e1ff9af8b3419ebb2c6,39,2020-02-01 23:26:02,2020-02-02 01:32:40,2020-02-02 00:10:25,2.063,2_39_127_19_2020-02-01 23:26:01.934173,2,CA-309,2-39-127-19,America/Los_Angeles,1920.0,450.0,13.5,30.0,153.0,"Sat, 01 Feb 2020 23:26:39 GMT",True,"Sun, 02 Feb 2020 01:59:02 GMT",1920.0,450.0,13.5,30.0,153.0,"Sat, 01 Feb 2020 23:26:45 GMT",True,"Sun, 02 Feb 2020 01:59:02 GMT",1920.0,2.1105555555555555,0 days 02:06:38,0 days 01:22:15,"Drizzle, not freezing, continuous",1,1-2
826,5e4b3e1ff9af8b3419ebb2c7,39,2020-02-02 01:28:04,2020-02-03 04:21:23,2020-02-02 03:25:33,5.935,2_39_79_377_2020-02-02 01:28:04.324509,2,CA-325,2-39-79-377,America/Los_Angeles,1222.0,400.0,8.0,20.0,72.0,"Sun, 02 Feb 2020 01:29:04 GMT",True,"Sun, 02 Feb 2020 02:40:04 GMT",1222.0,,,,,,,,,26.88861111111111,1 days 02:53:19,1 days 00:55:50,"Drizzle, not freezing, continuous",4,4-5
827,5e4b3e1ff9af8b3419ebb2c8,39,2020-02-02 01:49:23,2020-02-02 02:01:38,2020-02-02 02:01:36,1.324,2_39_78_366_2020-02-02 01:49:23.018552,2,CA-323,2-39-78-366,America/Los_Angeles,248.0,250.0,17.5,70.0,228.0,"Sun, 02 Feb 2020 01:49:41 GMT",True,"Sun, 02 Feb 2020 05:37:23 GMT",248.0,,,,,,,,,0.20416666666666666,0 days 00:12:15,0 days 00:00:02,"Drizzle, not freezing, continuous",2,2-3
828,5e4b3e1ff9af8b3419ebb2c9,39,2020-02-02 02:19:05,2020-02-02 06:13:10,2020-02-02 04:52:31,0.853,2_39_78_366_2020-02-02 02:19:04.964600,2,CA-323,2-39-78-366,America/Los_Angeles,,,,,,,,,,,,,,,,,,3.901388888888889,0 days 03:54:05,0 days 01:20:39,"Drizzle, not freezing, continuous",6,6-7
829,5e4b3e1ff9af8b3419ebb2ca,39,2020-02-02 03:20:56,2020-02-02 04:04:57,2020-02-02 04:04:41,2.393,2_39_138_29_2020-02-02 03:20:56.333765,2,CA-304,2-39-138-29,America/Los_Angeles,4622.0,300.0,6.0,20.0,129.0,"Sun, 02 Feb 2020 03:21:23 GMT",True,"Sun, 02 Feb 2020 05:29:56 GMT",4622.0,300.0,6.0,20.0,129.0,"Sun, 02 Feb 2020 04:04:52 GMT",True,"Sun, 02 Feb 2020 05:29:56 GMT",4622.0,0.7336111111111111,0 days 00:44:01,0 days 00:00:16,"Drizzle, not freezing, continuous",4,4-5
830,5e4b3e1ff9af8b3419ebb2cb,39,2020-02-02 03:36:51,2020-02-02 22:20:39,2020-02-02 11:17:13,49.24,2_39_131_30_2020-02-02 03:36:50.527419,2,CA-305,2-39-131-30,America/Los_Angeles,489.0,428.0,102.72,240.0,720.0,"Sun, 02 Feb 2020 03:38:20 GMT",True,"Sun, 02 Feb 2020 15:36:51 GMT",489.0,428.0,102.72,240.0,633.0,"Sun, 02 Feb 2020 03:38:31 GMT",True,"Sun, 02 Feb 2020 14:09:51 GMT",489.0,18.73,0 days 18:43:48,0 days 11:03:26,"Drizzle, not freezing, continuous",22,22-23
831,5e4c8f9cf9af8b37e97c7f59,39,2020-02-02 16:26:39,2020-02-02 18:09:18,2020-02-02 17:50:11,4.019,2_39_89_25_2020-02-02 16:26:39.322813,2,CA-315,2-39-89-25,America/Los_Angeles,743.0,400.0,8.0,20.0,69.0,"Sun, 02 Feb 2020 16:27:06 GMT",True,"Sun, 02 Feb 2020 17:35:39 GMT",743.0,,,,,,,,,1.7108333333333334,0 days 01:42:39,0 days 00:19:07,"Drizzle, not freezing, continuous",18,18-19
832,5e4c8f9cf9af8b37e97c7f5a,39,2020-02-02 18:17:38,2020-02-02 22:52:53,2020-02-02 20:45:56,7.599,2_39_79_383_2020-02-02 18:17:37.513041,2,CA-492,2-39-79-383,America/Los_Angeles,1007.0,400.0,16.0,40.0,230.0,"Sun, 02 Feb 2020 18:18:04 GMT",True,"Sun, 02 Feb 2020 22:07:38 GMT",1007.0,400.0,16.0,40.0,230.0,"Sun, 02 Feb 2020 22:52:34 GMT",True,"Sun, 02 Feb 2020 22:07:38 GMT",1007.0,4.5875,0 days 04:35:15,0 days 02:06:57,"Drizzle, not freezing, continuous",22,22-23
833,5e4c8f9cf9af8b37e97c7f5b,39,2020-02-02 18:25:09,2020-02-02 21:29:49,2020-02-02 20:50:30,14.891,2_39_78_366_2020-02-02 18:25:09.017872,2,CA-323,2-39-78-366,America/Los_Angeles,248.0,250.0,15.0,60.0,190.0,"Sun, 02 Feb 2020 18:25:24 GMT",True,"Sun, 02 Feb 2020 21:35:09 GMT",248.0,,,,,,,,,3.077777777777778,0 days 03:04:40,0 days 00:39:19,"Drizzle, not freezing, continuous",21,21-22
834,5e4c8f9cf9af8b37e97c7f5c,39,2020-02-02 18:47:25,2020-02-02 19:58:04,2020-02-02 19:17:32,0.85,2_39_89_25_2020-02-02 18:47:24.553518,2,CA-315,2-39-89-25,America/Los_Angeles,,,,,,,,,,,,,,,,,,1.1775,0 days 01:10:39,0 days 00:40:32,"Drizzle, not freezing, continuous",19,19-20
835,5e4c8f9cf9af8b37e97c7f5d,39,2020-02-02 19:17:43,2020-02-02 21:25:36,2020-02-02 21:01:41,5.162,2_39_127_19_2020-02-02 19:17:42.763107,2,CA-309,2-39-127-19,America/Los_Angeles,4622.0,300.0,6.0,20.0,129.0,"Sun, 02 Feb 2020 19:18:00 GMT",True,"Sun, 02 Feb 2020 21:26:43 GMT",4622.0,300.0,6.0,20.0,129.0,"Sun, 02 Feb 2020 21:23:54 GMT",True,"Sun, 02 Feb 2020 21:26:43 GMT",4622.0,2.131388888888889,0 days 02:07:53,0 days 00:23:55,"Drizzle, not freezing, continuous",21,21-22
836,5e4c8f9cf9af8b37e97c7f5e,39,2020-02-02 20:04:54,2020-02-02 23:04:24,2020-02-02 21:25:01,7.759,2_39_139_28_2020-02-02 20:04:53.837784,2,CA-303,2-39-139-28,America/Los_Angeles,2290.0,425.0,12.75,30.0,446.0,"Sun, 02 Feb 2020 20:06:37 GMT",True,"Mon, 03 Feb 2020 03:30:54 GMT",2290.0,,,,,,,,,2.9916666666666667,0 days 02:59:30,0 days 01:39:23,"Drizzle, not freezing, continuous",23,23-24
837,5e4c8f9cf9af8b37e97c7f5f,39,2020-02-02 20:27:26,2020-02-02 21:47:30,2020-02-02 21:08:52,3.144,2_39_138_29_2020-02-02 20:27:26.252406,2,CA-304,2-39-138-29,America/Los_Angeles,798.0,400.0,8.0,20.0,78.0,"Sun, 02 Feb 2020 20:30:35 GMT",True,"Sun, 02 Feb 2020 21:45:26 GMT",798.0,,,,,,,,,1.3344444444444445,0 days 01:20:04,0 days 00:38:38,"Drizzle, not freezing, continuous",21,21-22
838,5e4c8f9cf9af8b37e97c7f60,39,2020-02-02 22:51:37,2020-02-02 23:41:08,2020-02-02 23:41:03,5.244,2_39_79_382_2020-02-02 22:51:36.597889,2,CA-491,2-39-79-382,America/Los_Angeles,4701.0,300.0,12.0,40.0,157.0,"Sun, 02 Feb 2020 22:51:58 GMT",True,"Mon, 03 Feb 2020 01:28:37 GMT",4701.0,,,,,,,,,0.8252777777777778,0 days 00:49:31,0 days 00:00:05,"Drizzle, not freezing, continuous",23,23-24
839,5e4de120f9af8b5cdfd6b149,39,2020-02-03 14:54:21,2020-02-04 01:03:54,,12.521,2_39_79_383_2020-02-03 14:54:20.566186,2,CA-492,2-39-79-383,America/Los_Angeles,4913.0,400.0,20.0,50.0,720.0,"Mon, 03 Feb 2020 14:54:41 GMT",True,"Tue, 04 Feb 2020 02:54:21 GMT",4913.0,,,,,,,,,10.159166666666666,0 days 10:09:33,,"Drizzle, not freezing, continuous",1,1-2
840,5e4de120f9af8b5cdfd6b14a,39,2020-02-03 15:56:24,2020-02-03 16:25:46,,0.771,2_39_79_380_2020-02-03 15:56:23.744703,2,CA-489,2-39-79-380,America/Los_Angeles,,,,,,,,,,,,,,,,,,0.48944444444444446,0 days 00:29:22,,"Drizzle, not freezing, continuous",16,16-17
841,5e4de120f9af8b5cdfd6b14b,39,2020-02-03 16:05:35,2020-02-03 18:37:14,,7.17,2_39_79_382_2020-02-03 16:05:34.755168,2,CA-491,2-39-79-382,America/Los_Angeles,4701.0,300.0,12.0,40.0,222.0,"Mon, 03 Feb 2020 16:05:40 GMT",True,"Mon, 03 Feb 2020 19:47:35 GMT",4701.0,,,,,,,,,2.5275,0 days 02:31:39,,"Drizzle, not freezing, continuous",18,18-19
842,5e4de120f9af8b5cdfd6b14c,39,2020-02-03 16:13:53,2020-02-04 00:40:46,,33.393,2_39_78_366_2020-02-03 16:13:52.705341,2,CA-323,2-39-78-366,America/Los_Angeles,3853.0,360.0,36.0,100.0,61.0,"Mon, 03 Feb 2020 16:14:05 GMT",True,"Mon, 03 Feb 2020 17:14:53 GMT",3853.0,,,,,,,,,8.448055555555555,0 days 08:26:53,,"Drizzle, not freezing, continuous",0,0-1
843,5e4de120f9af8b5cdfd6b14d,39,2020-02-03 16:15:33,2020-02-04 01:41:30,,0.972,2_39_131_30_2020-02-03 16:15:33.016682,2,CA-305,2-39-131-30,America/Los_Angeles,,,,,,,,,,,,,,,,,,9.4325,0 days 09:25:57,,"Drizzle, not freezing, continuous",1,1-2
844,5e4de120f9af8b5cdfd6b14e,39,2020-02-03 16:21:38,2020-02-03 20:42:39,,0.884,2_39_130_31_2020-02-03 16:21:38.406427,2,CA-306,2-39-130-31,America/Los_Angeles,,,,,,,,,,,,,,,,,,4.3502777777777775,0 days 04:21:01,,"Drizzle, not freezing, continuous",20,20-21
845,5e4de120f9af8b5cdfd6b14f,39,2020-02-03 16:28:05,2020-02-03 20:32:59,,4.799,2_39_139_28_2020-02-03 16:28:04.625879,2,CA-303,2-39-139-28,America/Los_Angeles,562.0,325.0,6.5,20.0,186.0,"Mon, 03 Feb 2020 16:28:19 GMT",True,"Mon, 03 Feb 2020 19:34:05 GMT",562.0,325.0,6.5,20.0,186.0,"Mon, 03 Feb 2020 20:32:48 GMT",True,"Mon, 03 Feb 2020 19:34:05 GMT",562.0,4.081666666666667,0 days 04:04:54,,"Drizzle, not freezing, continuous",20,20-21
846,5e4de120f9af8b5cdfd6b150,39,2020-02-03 16:31:27,2020-02-03 20:10:17,,4.436,2_39_138_29_2020-02-03 16:31:15.196462,2,CA-304,2-39-138-29,America/Los_Angeles,347.0,600.0,12.0,20.0,60.0,"Mon, 03 Feb 2020 16:31:27 GMT",True,"Mon, 03 Feb 2020 17:31:27 GMT",347.0,600.0,12.0,20.0,77.0,"Mon, 03 Feb 2020 16:48:53 GMT",True,"Mon, 03 Feb 2020 17:48:27 GMT",347.0,3.647222222222222,0 days 03:38:50,,"Drizzle, not freezing, continuous",20,20-21
847,5e4de120f9af8b5cdfd6b151,39,2020-02-03 16:34:33,2020-02-04 02:18:02,,2.816,2_39_79_380_2020-02-03 16:34:33.309258,2,CA-489,2-39-79-380,America/Los_Angeles,634.0,300.0,3.0,10.0,454.0,"Mon, 03 Feb 2020 16:35:26 GMT",True,"Tue, 04 Feb 2020 00:08:33 GMT",634.0,300.0,3.0,10.0,455.0,"Mon, 03 Feb 2020 20:27:25 GMT",True,"Tue, 04 Feb 2020 00:09:33 GMT",634.0,9.724722222222223,0 days 09:43:29,,"Drizzle, not freezing, continuous",2,2-3
848,5e4de120f9af8b5cdfd6b152,39,2020-02-03 16:40:37,2020-02-04 01:29:40,,6.219,2_39_79_376_2020-02-03 16:40:37.485756,2,CA-324,2-39-79-376,America/Los_Angeles,5368.0,400.0,8.0,20.0,73.0,"Mon, 03 Feb 2020 16:44:31 GMT",True,"Mon, 03 Feb 2020 17:53:37 GMT",5368.0,,,,,,,,,8.8175,0 days 08:49:03,,"Drizzle, not freezing, continuous",1,1-2
849,5e4de120f9af8b5cdfd6b153,39,2020-02-03 16:42:39,2020-02-03 23:26:28,,18.799,2_39_79_379_2020-02-03 16:42:38.923217,2,CA-327,2-39-79-379,America/Los_Angeles,1137.0,400.0,40.0,100.0,392.0,"Mon, 03 Feb 2020 16:47:29 GMT",True,"Mon, 03 Feb 2020 23:14:39 GMT",1137.0,400.0,40.0,100.0,392.0,"Mon, 03 Feb 2020 23:26:18 GMT",True,"Mon, 03 Feb 2020 23:14:39 GMT",1137.0,6.730277777777777,0 days 06:43:49,,"Drizzle, not freezing, continuous",23,23-24
850,5e4de120f9af8b5cdfd6b154,39,2020-02-03 16:43:18,2020-02-04 02:22:08,,13.745,2_39_78_364_2020-02-03 16:43:17.677441,2,CA-495,2-39-78-364,America/Los_Angeles,69.0,400.0,40.0,100.0,363.0,"Mon, 03 Feb 2020 16:43:30 GMT",True,"Mon, 03 Feb 2020 22:46:18 GMT",69.0,,,,,,,,,9.647222222222222,0 days 09:38:50,,"Drizzle, not freezing, continuous",2,2-3
851,5e4de120f9af8b5cdfd6b155,39,2020-02-03 16:46:18,2020-02-04 01:09:48,,2.611,2_39_129_17_2020-02-03 16:46:18.066782,2,CA-307,2-39-129-17,America/Los_Angeles,1366.0,400.0,8.0,20.0,60.0,"Mon, 03 Feb 2020 16:46:22 GMT",True,"Mon, 03 Feb 2020 17:46:18 GMT",1366.0,,,,,,,,,8.391666666666667,0 days 08:23:30,,"Drizzle, not freezing, continuous",1,1-2
852,5e4de120f9af8b5cdfd6b156,39,2020-02-03 16:56:19,2020-02-04 00:20:54,,0.807,2_39_91_441_2020-02-03 16:56:19.143789,2,CA-499,2-39-91-441,America/Los_Angeles,,,,,,,,,,,,,,,,,,7.409722222222222,0 days 07:24:35,,"Drizzle, not freezing, continuous",0,0-1
853,5e4de120f9af8b5cdfd6b157,39,2020-02-03 17:20:07,2020-02-03 21:30:23,,0.991,2_39_78_365_2020-02-03 17:20:06.874542,2,CA-321,2-39-78-365,America/Los_Angeles,,,,,,,,,,,,,,,,,,4.171111111111111,0 days 04:10:16,,"Drizzle, not freezing, continuous",21,21-22
854,5e4de120f9af8b5cdfd6b158,39,2020-02-03 17:26:01,2020-02-04 01:40:30,,4.446,2_39_89_25_2020-02-03 17:26:00.976368,2,CA-315,2-39-89-25,America/Los_Angeles,743.0,400.0,8.0,20.0,436.0,"Mon, 03 Feb 2020 17:26:14 GMT",True,"Tue, 04 Feb 2020 00:42:01 GMT",743.0,,,,,,,,,8.241388888888888,0 days 08:14:29,,"Drizzle, not freezing, continuous",1,1-2
855,5e4de120f9af8b5cdfd6b159,39,2020-02-03 17:26:28,2020-02-04 00:08:33,,6.188,2_39_88_438_2020-02-03 17:26:27.951379,2,CA-502,2-39-88-438,America/Los_Angeles,1912.0,400.0,20.0,50.0,384.0,"Mon, 03 Feb 2020 17:26:31 GMT",True,"Mon, 03 Feb 2020 23:50:28 GMT",1912.0,,,,,,,,,6.701388888888889,0 days 06:42:05,,"Drizzle, not freezing, continuous",0,0-1
856,5e4de120f9af8b5cdfd6b15a,39,2020-02-03 17:27:04,2020-02-04 00:31:41,,22.623,2_39_92_442_2020-02-03 17:27:04.074390,2,CA-498,2-39-92-442,America/Los_Angeles,1470.0,292.0,23.36,80.0,245.0,"Mon, 03 Feb 2020 17:27:21 GMT",True,"Mon, 03 Feb 2020 21:32:04 GMT",1470.0,,,,,,,,,7.076944444444444,0 days 07:04:37,,"Drizzle, not freezing, continuous",0,0-1
857,5e4de120f9af8b5cdfd6b15b,39,2020-02-03 17:28:43,2020-02-04 02:46:57,,7.439,2_39_78_363_2020-02-03 17:28:42.809230,2,CA-320,2-39-78-363,America/Los_Angeles,714.0,400.0,32.0,80.0,445.0,"Mon, 03 Feb 2020 17:28:52 GMT",True,"Tue, 04 Feb 2020 00:53:43 GMT",714.0,,,,,,,,,9.303888888888888,0 days 09:18:14,,"Drizzle, not freezing, continuous",2,2-3
858,5e4de120f9af8b5cdfd6b15c,39,2020-02-03 17:32:34,2020-02-04 01:38:11,,1.516,2_39_90_26_2020-02-03 17:32:33.861453,2,CA-316,2-39-90-26,America/Los_Angeles,324.0,444.0,8.88,20.0,45.0,"Mon, 03 Feb 2020 17:32:42 GMT",True,"Mon, 03 Feb 2020 18:17:34 GMT",324.0,,,,,,,,,8.09361111111111,0 days 08:05:37,,"Drizzle, not freezing, continuous",1,1-2
859,5e4de120f9af8b5cdfd6b15d,39,2020-02-03 17:33:19,2020-02-03 23:20:18,,3.342,2_39_91_437_2020-02-03 17:33:05.990161,2,CA-317,2-39-91-437,America/Los_Angeles,2461.0,400.0,8.0,20.0,273.0,"Mon, 03 Feb 2020 17:33:18 GMT",True,"Mon, 03 Feb 2020 22:06:19 GMT",2461.0,,,,,,,,,5.783055555555555,0 days 05:46:59,,"Drizzle, not freezing, continuous",23,23-24
860,5e4de120f9af8b5cdfd6b15e,39,2020-02-03 18:06:09,2020-02-04 01:15:17,,23.085,2_39_79_377_2020-02-03 18:06:08.829678,2,CA-325,2-39-79-377,America/Los_Angeles,1104.0,250.0,37.5,150.0,436.0,"Mon, 03 Feb 2020 18:06:20 GMT",True,"Tue, 04 Feb 2020 01:22:09 GMT",1104.0,,,,,,,,,7.152222222222222,0 days 07:09:08,,"Drizzle, not freezing, continuous",1,1-2
861,5e4de120f9af8b5cdfd6b15f,39,2020-02-03 18:14:51,2020-02-04 03:56:30,,11.816,2_39_92_436_2020-02-03 18:14:50.920326,2,CA-318,2-39-92-436,America/Los_Angeles,1095.0,400.0,12.0,30.0,444.0,"Mon, 03 Feb 2020 18:14:57 GMT",True,"Tue, 04 Feb 2020 01:38:51 GMT",1095.0,,,,,,,,,9.694166666666666,0 days 09:41:39,,"Drizzle, not freezing, continuous",3,3-4
862,5e4de120f9af8b5cdfd6b160,39,2020-02-03 18:21:02,2020-02-04 03:15:23,,13.444,2_39_78_367_2020-02-03 18:21:01.978751,2,CA-494,2-39-78-367,America/Los_Angeles,558.0,400.0,28.0,70.0,60.0,"Mon, 03 Feb 2020 18:21:04 GMT",True,"Mon, 03 Feb 2020 19:21:02 GMT",558.0,,,,,,,,,8.905833333333334,0 days 08:54:21,,"Drizzle, not freezing, continuous",3,3-4
863,5e4de120f9af8b5cdfd6b161,39,2020-02-03 18:31:46,2020-02-04 01:49:23,,4.147,2_39_125_21_2020-02-03 18:31:46.152102,2,CA-311,2-39-125-21,America/Los_Angeles,668.0,425.0,4.25,10.0,61.0,"Mon, 03 Feb 2020 18:32:01 GMT",True,"Mon, 03 Feb 2020 19:32:46 GMT",668.0,,,,,,,,,7.293611111111111,0 days 07:17:37,,"Drizzle, not freezing, continuous",1,1-2
864,5e4de120f9af8b5cdfd6b162,39,2020-02-03 18:42:37,2020-02-04 01:54:37,,31.745,2_39_78_362_2020-02-03 18:42:37.060645,2,CA-496,2-39-78-362,America/Los_Angeles,2961.0,400.0,40.0,100.0,60.0,"Mon, 03 Feb 2020 18:42:46 GMT",True,"Mon, 03 Feb 2020 19:42:37 GMT",2961.0,,,,,,,,,7.2,0 days 07:12:00,,"Drizzle, not freezing, continuous",1,1-2
865,5e4de120f9af8b5cdfd6b163,39,2020-02-03 19:07:05,2020-02-03 21:31:44,,0.862,2_39_79_382_2020-02-03 19:07:04.517113,2,CA-491,2-39-79-382,America/Los_Angeles,,,,,,,,,,,,,,,,,,2.410833333333333,0 days 02:24:39,,"Drizzle, not freezing, continuous",21,21-22
866,5e4de120f9af8b5cdfd6b164,39,2020-02-03 19:30:30,2020-02-04 00:48:00,,0.855,2_39_90_440_2020-02-03 19:30:30.298697,2,CA-500,2-39-90-440,America/Los_Angeles,,,,,,,,,,,,,,,,,,5.291666666666667,0 days 05:17:30,,"Drizzle, not freezing, continuous",0,0-1
867,5e4de120f9af8b5cdfd6b165,39,2020-02-03 20:01:24,2020-02-04 00:41:39,,14.405,2_39_123_23_2020-02-03 20:01:24.126650,2,CA-313,2-39-123-23,America/Los_Angeles,1534.0,250.0,15.0,60.0,404.0,"Mon, 03 Feb 2020 20:02:30 GMT",True,"Tue, 04 Feb 2020 02:45:24 GMT",1534.0,,,,,,,,,4.670833333333333,0 days 04:40:15,,"Drizzle, not freezing, continuous",0,0-1
868,5e4de120f9af8b5cdfd6b166,39,2020-02-03 20:31:17,2020-02-04 01:51:52,,34.375,2_39_127_19_2020-02-03 20:31:17.175152,2,CA-309,2-39-127-19,America/Los_Angeles,710.0,400.0,64.0,160.0,273.0,"Mon, 03 Feb 2020 20:33:45 GMT",True,"Tue, 04 Feb 2020 01:04:17 GMT",710.0,,,,,,,,,5.343055555555556,0 days 05:20:35,,"Drizzle, not freezing, continuous",1,1-2
869,5e4de120f9af8b5cdfd6b167,39,2020-02-03 20:46:13,2020-02-03 22:19:45,,0.885,2_39_138_29_2020-02-03 20:46:13.360130,2,CA-304,2-39-138-29,America/Los_Angeles,,,,,,,,,,,,,,,,,,1.558888888888889,0 days 01:33:32,,"Drizzle, not freezing, continuous",22,22-23
870,5e4de120f9af8b5cdfd6b168,39,2020-02-03 20:49:49,2020-02-04 01:15:00,,0.867,2_39_79_378_2020-02-03 20:49:49.455501,2,CA-326,2-39-79-378,America/Los_Angeles,,,,,,,,,,,,,,,,,,4.419722222222222,0 days 04:25:11,,"Drizzle, not freezing, continuous",1,1-2
871,5e4de120f9af8b5cdfd6b169,39,2020-02-03 21:08:20,2020-02-04 01:07:08,,1.035,2_39_88_24_2020-02-03 21:08:19.596044,2,CA-314,2-39-88-24,America/Los_Angeles,,,,,,,,,,,,,,,,,,3.98,0 days 03:58:48,,"Drizzle, not freezing, continuous",1,1-2
872,5e4de120f9af8b5cdfd6b16a,39,2020-02-03 21:19:11,2020-02-03 22:41:44,,4.434,2_39_126_20_2020-02-03 21:18:51.073678,2,CA-310,2-39-126-20,America/Los_Angeles,1236.0,400.0,8.0,20.0,60.0,"Mon, 03 Feb 2020 21:19:11 GMT",True,"Mon, 03 Feb 2020 22:19:11 GMT",1236.0,400.0,8.0,20.0,60.0,"Mon, 03 Feb 2020 21:20:34 GMT",True,"Mon, 03 Feb 2020 22:19:11 GMT",1236.0,1.3758333333333332,0 days 01:22:33,,"Drizzle, not freezing, continuous",22,22-23
873,5e4de120f9af8b5cdfd6b16b,39,2020-02-03 21:19:25,2020-02-04 01:59:12,,6.605,2_39_124_22_2020-02-03 21:19:25.304669,2,CA-312,2-39-124-22,America/Los_Angeles,1124.0,400.0,8.0,20.0,60.0,"Mon, 03 Feb 2020 21:20:14 GMT",True,"Mon, 03 Feb 2020 22:19:25 GMT",1124.0,,,,,,,,,4.663055555555555,0 days 04:39:47,,"Drizzle, not freezing, continuous",1,1-2
874,5e4de120f9af8b5cdfd6b16c,39,2020-02-03 21:42:49,2020-02-04 00:36:17,,0.841,2_39_129_563_2020-02-03 21:42:49.217436,2,CA-509,2-39-129-563,America/Los_Angeles,,,,,,,,,,,,,,,,,,2.891111111111111,0 days 02:53:28,,"Drizzle, not freezing, continuous",0,0-1
875,5e4de120f9af8b5cdfd6b16d,39,2020-02-04 00:57:23,2020-02-04 02:08:22,,7.671,2_39_78_360_2020-02-04 00:57:22.960247,2,CA-322,2-39-78-360,America/Los_Angeles,5855.0,400.0,8.0,20.0,60.0,"Tue, 04 Feb 2020 00:58:38 GMT",True,"Tue, 04 Feb 2020 01:57:23 GMT",5855.0,400.0,8.0,20.0,72.0,"Tue, 04 Feb 2020 01:11:23 GMT",True,"Tue, 04 Feb 2020 02:09:23 GMT",5855.0,1.1830555555555555,0 days 01:10:59,,"Drizzle, not freezing, continuous",2,2-3
876,5e4de120f9af8b5cdfd6b16e,39,2020-02-04 01:30:51,2020-02-04 03:03:31,,0.875,2_39_130_31_2020-02-04 01:30:50.824695,2,CA-306,2-39-130-31,America/Los_Angeles,,,,,,,,,,,,,,,,,,1.5444444444444445,0 days 01:32:40,,"Drizzle, not freezing, continuous",3,3-4
877,5e4de120f9af8b5cdfd6b16f,39,2020-02-04 02:28:14,2020-02-04 21:58:10,,1.491,2_39_79_383_2020-02-04 02:28:14.118367,2,CA-492,2-39-79-383,America/Los_Angeles,4913.0,400.0,20.0,50.0,720.0,"Tue, 04 Feb 2020 02:28:38 GMT",True,"Tue, 04 Feb 2020 14:28:14 GMT",4913.0,,,,,,,,,19.49888888888889,0 days 19:29:56,,"Drizzle, not freezing, continuous",21,21-22
878,5e4de120f9af8b5cdfd6b170,39,2020-02-04 04:04:05,2020-02-06 00:33:28,,15.067,2_39_127_19_2020-02-04 04:03:53.436589,2,CA-309,2-39-127-19,America/Los_Angeles,6025.0,400.0,24.0,60.0,720.0,"Tue, 04 Feb 2020 04:04:04 GMT",True,"Tue, 04 Feb 2020 16:04:05 GMT",6025.0,400.0,24.0,60.0,61.0,"Tue, 04 Feb 2020 04:06:14 GMT",True,"Tue, 04 Feb 2020 05:05:05 GMT",6025.0,44.48972222222222,1 days 20:29:23,,Clouds generally forming or developing,0,0-1
879,5e4f32a1f9af8b6104b5569d,39,2020-02-04 16:07:09,2020-02-05 00:43:50,,1.623,2_39_79_380_2020-02-04 16:07:08.969086,2,CA-489,2-39-79-380,America/Los_Angeles,,,,,,,,,,,,,,,,,,8.61138888888889,0 days 08:36:41,,Clouds generally forming or developing,0,0-1
880,5e4f32a1f9af8b6104b5569e,39,2020-02-04 16:12:34,2020-02-04 21:15:36,,5.334,2_39_79_377_2020-02-04 16:12:24.004830,2,CA-325,2-39-79-377,America/Los_Angeles,2461.0,400.0,8.0,20.0,273.0,"Tue, 04 Feb 2020 16:12:33 GMT",True,"Tue, 04 Feb 2020 20:45:34 GMT",2461.0,,,,,,,,,5.0505555555555555,0 days 05:03:02,,"Drizzle, not freezing, continuous",21,21-22
881,5e4f32a1f9af8b6104b5569f,39,2020-02-04 16:14:02,2020-02-05 01:35:12,,15.547,2_39_131_30_2020-02-04 16:14:01.814195,2,CA-305,2-39-131-30,America/Los_Angeles,4947.0,380.0,19.0,50.0,499.0,"Tue, 04 Feb 2020 16:14:06 GMT",True,"Wed, 05 Feb 2020 00:33:02 GMT",4947.0,,,,,,,,,9.352777777777778,0 days 09:21:10,,Clouds generally forming or developing,1,1-2
882,5e4f32a1f9af8b6104b556a0,39,2020-02-04 16:14:05,2020-02-05 00:38:33,,4.387,2_39_139_28_2020-02-04 16:14:04.640671,2,CA-303,2-39-139-28,America/Los_Angeles,1564.0,300.0,12.0,40.0,130.0,"Tue, 04 Feb 2020 16:14:14 GMT",True,"Tue, 04 Feb 2020 18:24:05 GMT",1564.0,,,,,,,,,8.407777777777778,0 days 08:24:28,,Clouds generally forming or developing,0,0-1
883,5e4f32a1f9af8b6104b556a1,39,2020-02-04 16:21:56,2020-02-05 01:36:39,,0.875,2_39_78_366_2020-02-04 16:21:55.971697,2,CA-323,2-39-78-366,America/Los_Angeles,,,,,,,,,,,,,,,,,,9.245277777777778,0 days 09:14:43,,Clouds generally forming or developing,1,1-2
884,5e4f32a1f9af8b6104b556a2,39,2020-02-04 16:35:43,2020-02-04 16:44:38,,0.743,2_39_78_361_2020-02-04 16:35:43.273212,2,CA-493,2-39-78-361,America/Los_Angeles,1470.0,292.0,23.36,80.0,245.0,"Tue, 04 Feb 2020 16:35:51 GMT",True,"Tue, 04 Feb 2020 20:40:43 GMT",1470.0,,,,,,,,,0.1486111111111111,0 days 00:08:55,,"Drizzle, not freezing, continuous",16,16-17
885,5e4f32a1f9af8b6104b556a3,39,2020-02-04 16:38:45,2020-02-04 20:31:27,,0.956,2_39_138_29_2020-02-04 16:38:44.949511,2,CA-304,2-39-138-29,America/Los_Angeles,1366.0,400.0,8.0,20.0,60.0,"Tue, 04 Feb 2020 16:39:02 GMT",True,"Tue, 04 Feb 2020 17:38:45 GMT",1366.0,,,,,,,,,3.8783333333333334,0 days 03:52:42,,"Drizzle, not freezing, continuous",20,20-21
886,5e4f32a1f9af8b6104b556a4,39,2020-02-04 16:47:12,2020-02-04 17:29:50,,0.82,2_39_125_21_2020-02-04 16:47:12.385753,2,CA-311,2-39-125-21,America/Los_Angeles,,,,,,,,,,,,,,,,,,0.7105555555555556,0 days 00:42:38,,"Drizzle, not freezing, continuous",17,17-18
887,5e4f32a1f9af8b6104b556a5,39,2020-02-04 16:50:30,2020-02-05 00:30:00,,11.407,2_39_78_365_2020-02-04 16:50:29.663772,2,CA-321,2-39-78-365,America/Los_Angeles,1137.0,400.0,20.0,50.0,463.0,"Tue, 04 Feb 2020 16:51:11 GMT",True,"Wed, 05 Feb 2020 00:33:30 GMT",1137.0,,,,,,,,,7.658333333333333,0 days 07:39:30,,Clouds generally forming or developing,0,0-1
888,5e4f32a1f9af8b6104b556a6,39,2020-02-04 16:56:47,2020-02-05 02:15:35,,14.335,2_39_92_442_2020-02-04 16:56:47.333012,2,CA-498,2-39-92-442,America/Los_Angeles,564.0,231.0,18.48,80.0,550.0,"Tue, 04 Feb 2020 16:57:04 GMT",True,"Wed, 05 Feb 2020 02:06:47 GMT",564.0,,,,,,,,,9.313333333333333,0 days 09:18:48,,Clouds generally forming or developing,2,2-3
889,5e4f32a1f9af8b6104b556a7,39,2020-02-04 16:57:07,2020-02-05 03:00:49,,5.442,2_39_88_438_2020-02-04 16:57:06.742688,2,CA-502,2-39-88-438,America/Los_Angeles,1534.0,250.0,7.5,30.0,404.0,"Tue, 04 Feb 2020 17:00:06 GMT",True,"Tue, 04 Feb 2020 23:41:07 GMT",1534.0,,,,,,,,,10.061666666666667,0 days 10:03:42,,Clouds generally forming or developing,3,3-4
890,5e4f32a1f9af8b6104b556a8,39,2020-02-04 17:01:58,2020-02-04 19:33:42,,14.128,2_39_78_361_2020-02-04 17:01:58.386322,2,CA-493,2-39-78-361,America/Los_Angeles,1470.0,292.0,23.36,80.0,245.0,"Tue, 04 Feb 2020 17:14:21 GMT",True,"Tue, 04 Feb 2020 21:06:58 GMT",1470.0,,,,,,,,,2.528888888888889,0 days 02:31:44,,"Drizzle, not freezing, continuous",19,19-20
891,5e4f32a1f9af8b6104b556a9,39,2020-02-04 17:02:10,2020-02-05 04:51:58,,5.598,2_39_89_439_2020-02-04 17:02:10.360595,2,CA-501,2-39-89-439,America/Los_Angeles,1222.0,400.0,8.0,20.0,72.0,"Tue, 04 Feb 2020 17:02:24 GMT",True,"Tue, 04 Feb 2020 18:14:10 GMT",1222.0,,,,,,,,,11.83,0 days 11:49:48,,Clouds generally forming or developing,4,4-5
892,5e4f32a1f9af8b6104b556aa,39,2020-02-04 17:03:56,2020-02-05 05:58:48,,13.454,2_39_79_376_2020-02-04 17:03:55.617931,2,CA-324,2-39-79-376,America/Los_Angeles,1274.0,400.0,16.0,40.0,205.0,"Tue, 04 Feb 2020 17:04:28 GMT",True,"Tue, 04 Feb 2020 20:28:56 GMT",1274.0,,,,,,,,,12.914444444444445,0 days 12:54:52,,Clouds generally forming or developing,5,5-6
893,5e4f32a1f9af8b6104b556ab,39,2020-02-04 17:04:41,2020-02-05 01:52:32,,23.481,2_39_91_437_2020-02-04 17:04:41.127926,2,CA-317,2-39-91-437,America/Los_Angeles,431.0,300.0,27.0,90.0,219.0,"Tue, 04 Feb 2020 17:05:00 GMT",True,"Tue, 04 Feb 2020 20:43:41 GMT",431.0,,,,,,,,,8.7975,0 days 08:47:51,,Clouds generally forming or developing,1,1-2
894,5e4f32a1f9af8b6104b556ac,39,2020-02-04 17:07:57,2020-02-05 01:52:27,,5.242,2_39_123_23_2020-02-04 17:07:56.565553,2,CA-313,2-39-123-23,America/Los_Angeles,712.0,400.0,16.0,40.0,306.0,"Tue, 04 Feb 2020 17:08:05 GMT",True,"Tue, 04 Feb 2020 22:13:57 GMT",712.0,,,,,,,,,8.741666666666667,0 days 08:44:30,,Clouds generally forming or developing,1,1-2
895,5e4f32a1f9af8b6104b556ad,39,2020-02-04 17:08:16,2020-02-04 20:06:00,,4.997,2_39_89_25_2020-02-04 17:08:16.383960,2,CA-315,2-39-89-25,America/Los_Angeles,562.0,325.0,6.5,20.0,186.0,"Tue, 04 Feb 2020 17:08:24 GMT",True,"Tue, 04 Feb 2020 20:14:16 GMT",562.0,,,,,,,,,2.962222222222222,0 days 02:57:44,,"Drizzle, not freezing, continuous",20,20-21
896,5e4f32a1f9af8b6104b556ae,39,2020-02-04 17:17:50,2020-02-04 21:36:33,,4.672,2_39_90_440_2020-02-04 17:17:50.255269,2,CA-500,2-39-90-440,America/Los_Angeles,743.0,400.0,8.0,20.0,319.0,"Tue, 04 Feb 2020 17:18:06 GMT",True,"Tue, 04 Feb 2020 22:36:50 GMT",743.0,,,,,,,,,4.311944444444444,0 days 04:18:43,,"Drizzle, not freezing, continuous",21,21-22
897,5e4f32a1f9af8b6104b556af,39,2020-02-04 17:24:49,2020-02-05 00:04:40,,13.234,2_39_124_22_2020-02-04 17:24:46.704913,2,CA-312,2-39-124-22,America/Los_Angeles,1912.0,400.0,20.0,50.0,384.0,"Tue, 04 Feb 2020 17:24:48 GMT",True,"Tue, 04 Feb 2020 23:48:49 GMT",1912.0,,,,,,,,,6.664166666666667,0 days 06:39:51,,Clouds generally forming or developing,0,0-1
898,5e4f32a1f9af8b6104b556b0,39,2020-02-04 17:36:50,2020-02-05 01:52:37,,7.784,2_39_78_363_2020-02-04 17:36:49.795661,2,CA-320,2-39-78-363,America/Los_Angeles,714.0,400.0,32.0,80.0,445.0,"Tue, 04 Feb 2020 17:37:06 GMT",True,"Wed, 05 Feb 2020 01:01:50 GMT",714.0,,,,,,,,,8.263055555555555,0 days 08:15:47,,Clouds generally forming or developing,1,1-2
899,5e4f32a1f9af8b6104b556b1,39,2020-02-04 17:48:59,2020-02-04 20:06:19,,0.669,2_39_88_24_2020-02-04 17:48:59.071565,2,CA-314,2-39-88-24,America/Los_Angeles,,,,,,,,,,,,,,,,,,2.2888888888888888,0 days 02:17:20,,"Drizzle, not freezing, continuous",20,20-21
900,5e4f32a1f9af8b6104b556b2,39,2020-02-04 17:59:13,2020-02-05 03:08:29,,11.289,2_39_92_436_2020-02-04 17:59:13.043881,2,CA-318,2-39-92-436,America/Los_Angeles,558.0,400.0,28.0,70.0,60.0,"Tue, 04 Feb 2020 17:59:16 GMT",True,"Tue, 04 Feb 2020 18:59:13 GMT",558.0,,,,,,,,,9.154444444444444,0 days 09:09:16,,Clouds generally forming or developing,3,3-4
901,5e4f32a1f9af8b6104b556b3,39,2020-02-04 18:23:21,2020-02-05 01:27:48,,12.951,2_39_78_367_2020-02-04 18:23:21.433475,2,CA-494,2-39-78-367,America/Los_Angeles,1095.0,400.0,12.0,30.0,444.0,"Tue, 04 Feb 2020 18:24:05 GMT",True,"Wed, 05 Feb 2020 01:47:21 GMT",1095.0,400.0,16.0,40.0,444.0,"Tue, 04 Feb 2020 18:24:09 GMT",True,"Wed, 05 Feb 2020 01:47:21 GMT",1095.0,7.074166666666667,0 days 07:04:27,,Clouds generally forming or developing,1,1-2
902,5e4f32a1f9af8b6104b556b4,39,2020-02-04 18:31:15,2020-02-04 20:02:21,,0.892,2_39_95_27_2020-02-04 18:31:14.822978,2,CA-319,2-39-95-27,America/Los_Angeles,,,,,,,,,,,,,,,,,,1.5183333333333333,0 days 01:31:06,,"Drizzle, not freezing, continuous",20,20-21
903,5e4f32a1f9af8b6104b556b5,39,2020-02-04 18:41:39,2020-02-05 01:15:12,,10.846,2_39_90_26_2020-02-04 18:41:39.202857,2,CA-316,2-39-90-26,America/Los_Angeles,620.0,400.0,12.0,30.0,386.0,"Tue, 04 Feb 2020 18:42:17 GMT",True,"Wed, 05 Feb 2020 01:07:39 GMT",620.0,,,,,,,,,6.559166666666667,0 days 06:33:33,,Clouds generally forming or developing,1,1-2
904,5e4f32a1f9af8b6104b556b6,39,2020-02-04 18:50:42,2020-02-05 02:28:40,,6.313,2_39_95_444_2020-02-04 18:50:19.393393,2,CA-497,2-39-95-444,America/Los_Angeles,5594.0,360.0,7.2,20.0,156.0,"Tue, 04 Feb 2020 18:50:41 GMT",True,"Tue, 04 Feb 2020 21:26:42 GMT",5594.0,360.0,7.2,20.0,156.0,"Tue, 04 Feb 2020 18:53:27 GMT",True,"Tue, 04 Feb 2020 21:26:42 GMT",5594.0,7.632777777777778,0 days 07:37:58,,Clouds generally forming or developing,2,2-3
905,5e4f32a1f9af8b6104b556b7,39,2020-02-04 18:55:52,2020-02-05 04:46:23,,1.883,2_39_125_21_2020-02-04 18:55:52.384995,2,CA-311,2-39-125-21,America/Los_Angeles,324.0,444.0,8.88,20.0,45.0,"Tue, 04 Feb 2020 18:56:07 GMT",True,"Tue, 04 Feb 2020 19:40:52 GMT",324.0,,,,,,,,,9.841944444444444,0 days 09:50:31,,Clouds generally forming or developing,4,4-5
906,5e4f32a1f9af8b6104b556b8,39,2020-02-04 19:00:29,2020-02-05 02:34:22,,4.061,2_39_79_382_2020-02-04 19:00:28.525663,2,CA-491,2-39-79-382,America/Los_Angeles,2170.0,400.0,28.0,70.0,426.0,"Tue, 04 Feb 2020 19:00:35 GMT",True,"Wed, 05 Feb 2020 02:06:29 GMT",2170.0,,,,,,,,,7.564722222222223,0 days 07:33:53,,Clouds generally forming or developing,2,2-3
907,5e4f32a1f9af8b6104b556b9,39,2020-02-04 19:03:00,2020-02-05 02:35:03,,1.216,2_39_78_364_2020-02-04 19:02:52.533849,2,CA-495,2-39-78-364,America/Los_Angeles,3577.0,400.0,8.0,20.0,369.0,"Tue, 04 Feb 2020 19:03:00 GMT",True,"Wed, 05 Feb 2020 01:12:00 GMT",3577.0,,,,,,,,,7.534166666666667,0 days 07:32:03,,Clouds generally forming or developing,2,2-3
908,5e4f32a1f9af8b6104b556ba,39,2020-02-04 19:16:29,2020-02-04 23:26:55,,4.087,2_39_91_441_2020-02-04 19:16:28.705327,2,CA-499,2-39-91-441,America/Los_Angeles,3270.0,200.0,40.0,200.0,470.0,"Tue, 04 Feb 2020 19:17:10 GMT",True,"Wed, 05 Feb 2020 03:06:29 GMT",3270.0,,,,,,,,,4.1738888888888885,0 days 04:10:26,,"Drizzle, not freezing, continuous",23,23-24
909,5e4f32a1f9af8b6104b556bb,39,2020-02-04 19:29:21,2020-02-05 00:59:52,,22.386,2_39_78_362_2020-02-04 19:29:20.544182,2,CA-496,2-39-78-362,America/Los_Angeles,4011.0,375.0,22.5,60.0,327.0,"Tue, 04 Feb 2020 19:30:55 GMT",True,"Wed, 05 Feb 2020 00:56:21 GMT",4011.0,375.0,22.5,60.0,327.0,"Wed, 05 Feb 2020 00:47:24 GMT",True,"Wed, 05 Feb 2020 00:56:21 GMT",4011.0,5.508611111111111,0 days 05:30:31,,Clouds generally forming or developing,0,0-1
910,5e4f32a1f9af8b6104b556bc,39,2020-02-04 20:25:28,2020-02-04 21:42:59,,0.865,2_39_95_27_2020-02-04 20:25:27.751859,2,CA-319,2-39-95-27,America/Los_Angeles,,,,,,,,,,,,,,,,,,1.2919444444444443,0 days 01:17:31,,"Drizzle, not freezing, continuous",21,21-22
911,5e4f32a1f9af8b6104b556bd,39,2020-02-04 21:06:05,2020-02-05 02:41:07,,1.013,2_39_89_25_2020-02-04 21:06:05.445428,2,CA-315,2-39-89-25,America/Los_Angeles,562.0,325.0,3.25,10.0,186.0,"Tue, 04 Feb 2020 21:06:30 GMT",True,"Wed, 05 Feb 2020 00:12:05 GMT",562.0,325.0,3.25,10.0,298.0,"Tue, 04 Feb 2020 21:06:45 GMT",True,"Wed, 05 Feb 2020 02:04:05 GMT",562.0,5.583888888888889,0 days 05:35:02,,Clouds generally forming or developing,2,2-3
912,5e4f32a1f9af8b6104b556be,39,2020-02-04 21:23:52,2020-02-05 02:46:01,,6.493,2_39_79_377_2020-02-04 21:23:52.416899,2,CA-325,2-39-79-377,America/Los_Angeles,1124.0,400.0,8.0,20.0,60.0,"Tue, 04 Feb 2020 21:24:39 GMT",True,"Tue, 04 Feb 2020 22:23:52 GMT",1124.0,,,,,,,,,5.369166666666667,0 days 05:22:09,,Clouds generally forming or developing,2,2-3
913,5e4f32a1f9af8b6104b556bf,39,2020-02-04 21:43:57,2020-02-04 22:24:33,,0.854,2_39_95_27_2020-02-04 21:43:56.805177,2,CA-319,2-39-95-27,America/Los_Angeles,,,,,,,,,,,,,,,,,,0.6766666666666666,0 days 00:40:36,,"Drizzle, not freezing, continuous",22,22-23
914,5e4f32a1f9af8b6104b556c0,39,2020-02-04 21:47:11,2020-02-05 02:50:49,,12.221,2_39_90_440_2020-02-04 21:47:11.038832,2,CA-500,2-39-90-440,America/Los_Angeles,69.0,400.0,40.0,100.0,363.0,"Tue, 04 Feb 2020 21:47:26 GMT",True,"Wed, 05 Feb 2020 03:50:11 GMT",69.0,,,,,,,,,5.060555555555555,0 days 05:03:38,,Clouds generally forming or developing,2,2-3
915,5e4f32a1f9af8b6104b556c1,39,2020-02-04 22:09:43,2020-02-05 02:54:42,,5.394,2_39_79_383_2020-02-04 22:09:43.406466,2,CA-492,2-39-79-383,America/Los_Angeles,515.0,400.0,12.0,30.0,482.0,"Tue, 04 Feb 2020 22:10:01 GMT",True,"Wed, 05 Feb 2020 06:11:43 GMT",515.0,400.0,12.0,30.0,186.0,"Tue, 04 Feb 2020 22:10:16 GMT",True,"Wed, 05 Feb 2020 01:15:43 GMT",515.0,4.749722222222222,0 days 04:44:59,,Clouds generally forming or developing,2,2-3
916,5e4f32a1f9af8b6104b556c2,39,2020-02-04 22:24:56,2020-02-05 00:06:36,,0.857,2_39_95_27_2020-02-04 22:24:55.762471,2,CA-319,2-39-95-27,America/Los_Angeles,,,,,,,,,,,,,,,,,,1.6944444444444444,0 days 01:41:40,,Clouds generally forming or developing,0,0-1
917,5e4f32a1f9af8b6104b556c3,39,2020-02-04 23:31:42,2020-02-05 01:47:24,,14.165,2_39_91_441_2020-02-04 23:31:42.335683,2,CA-499,2-39-91-441,America/Los_Angeles,1104.0,250.0,37.5,150.0,373.0,"Tue, 04 Feb 2020 23:31:58 GMT",True,"Wed, 05 Feb 2020 05:44:42 GMT",1104.0,,,,,,,,,2.2616666666666667,0 days 02:15:42,,Clouds generally forming or developing,1,1-2
918,5e4f32a1f9af8b6104b556c4,39,2020-02-05 00:30:32,2020-02-05 02:16:05,,5.622,2_39_124_22_2020-02-05 00:30:32.227182,2,CA-312,2-39-124-22,America/Los_Angeles,1920.0,450.0,13.5,30.0,153.0,"Wed, 05 Feb 2020 00:31:27 GMT",True,"Wed, 05 Feb 2020 03:03:32 GMT",1920.0,450.0,13.5,30.0,153.0,"Wed, 05 Feb 2020 00:31:35 GMT",True,"Wed, 05 Feb 2020 03:03:32 GMT",1920.0,1.7591666666666668,0 days 01:45:33,,Clouds generally forming or developing,2,2-3
919,5e4f32a1f9af8b6104b556c5,39,2020-02-05 01:49:13,2020-02-05 02:50:06,,1.495,2_39_139_28_2020-02-05 01:49:12.906003,2,CA-303,2-39-139-28,America/Los_Angeles,365.0,333.0,9.99,30.0,104.0,"Wed, 05 Feb 2020 01:49:23 GMT",True,"Wed, 05 Feb 2020 03:33:13 GMT",365.0,,,,,,,,,1.0147222222222223,0 days 01:00:53,,Clouds generally forming or developing,2,2-3
920,5e4f32a1f9af8b6104b556c6,39,2020-02-05 02:47:34,2020-02-05 03:26:47,,0.869,2_39_130_31_2020-02-05 02:47:34.256402,2,CA-306,2-39-130-31,America/Los_Angeles,,,,,,,,,,,,,,,,,,0.6536111111111111,0 days 00:39:13,,Clouds generally forming or developing,3,3-4
921,5e4f32a1f9af8b6104b556c7,39,2020-02-05 04:26:37,2020-02-05 05:44:20,,0.869,2_39_78_365_2020-02-05 04:26:36.691359,2,CA-321,2-39-78-365,America/Los_Angeles,,,,,,,,,,,,,,,,,,1.2952777777777778,0 days 01:17:43,,Clouds generally forming or developing,5,5-6
922,5e508420f9af8b64d037c4f8,39,2020-02-05 14:25:51,2020-02-05 15:40:55,,4.036,2_39_89_25_2020-02-05 14:25:50.531740,2,CA-315,2-39-89-25,America/Los_Angeles,743.0,400.0,8.0,20.0,53.0,"Wed, 05 Feb 2020 14:28:23 GMT",True,"Wed, 05 Feb 2020 15:18:51 GMT",743.0,,,,,,,,,1.251111111111111,0 days 01:15:04,,Clouds generally forming or developing,15,15-16
923,5e508420f9af8b64d037c4f9,39,2020-02-05 14:46:00,2020-02-06 22:08:16,,11.492,2_39_79_383_2020-02-05 14:45:59.609476,2,CA-492,2-39-79-383,America/Los_Angeles,4913.0,400.0,20.0,50.0,720.0,"Wed, 05 Feb 2020 14:46:13 GMT",True,"Thu, 06 Feb 2020 02:46:00 GMT",4913.0,,,,,,,,,31.371111111111112,1 days 07:22:16,,Clouds generally forming or developing,22,22-23
924,5e508420f9af8b64d037c4fa,39,2020-02-05 15:56:14,2020-02-05 20:05:53,,4.197,2_39_131_30_2020-02-05 15:56:13.817647,2,CA-305,2-39-131-30,America/Los_Angeles,347.0,600.0,12.0,20.0,77.0,"Wed, 05 Feb 2020 15:56:29 GMT",True,"Wed, 05 Feb 2020 17:13:14 GMT",347.0,,,,,,,,,4.160833333333334,0 days 04:09:39,,Clouds generally forming or developing,20,20-21
925,5e508420f9af8b64d037c4fb,39,2020-02-05 15:59:51,2020-02-05 21:16:17,,0.966,2_39_79_380_2020-02-05 15:59:50.933342,2,CA-489,2-39-79-380,America/Los_Angeles,,,,,,,,,,,,,,,,,,5.273888888888889,0 days 05:16:26,,Clouds generally forming or developing,21,21-22
926,5e508420f9af8b64d037c4fc,39,2020-02-05 16:27:09,2020-02-06 01:19:09,,29.042,2_39_78_366_2020-02-05 16:27:09.028868,2,CA-323,2-39-78-366,America/Los_Angeles,3853.0,360.0,32.4,90.0,61.0,"Wed, 05 Feb 2020 16:27:34 GMT",True,"Wed, 05 Feb 2020 17:28:09 GMT",3853.0,,,,,,,,,8.866666666666667,0 days 08:52:00,,Clouds generally forming or developing,1,1-2
927,5e508420f9af8b64d037c4fd,39,2020-02-05 16:27:30,2020-02-06 00:24:28,,2.383,2_39_79_377_2020-02-05 16:27:30.483788,2,CA-325,2-39-79-377,America/Los_Angeles,751.0,400.0,40.0,100.0,717.0,"Wed, 05 Feb 2020 16:27:54 GMT",True,"Thu, 06 Feb 2020 04:24:30 GMT",751.0,,,,,,,,,7.9494444444444445,0 days 07:56:58,,Clouds generally forming or developing,0,0-1
928,5e508420f9af8b64d037c4fe,39,2020-02-05 16:33:07,2020-02-05 19:58:18,,6.184,2_39_139_28_2020-02-05 16:33:06.574271,2,CA-303,2-39-139-28,America/Los_Angeles,562.0,325.0,6.5,20.0,209.0,"Wed, 05 Feb 2020 16:33:30 GMT",True,"Wed, 05 Feb 2020 20:02:07 GMT",562.0,325.0,6.5,20.0,172.0,"Wed, 05 Feb 2020 16:33:40 GMT",True,"Wed, 05 Feb 2020 19:25:07 GMT",562.0,3.419722222222222,0 days 03:25:11,,Clouds generally forming or developing,19,19-20
929,5e508420f9af8b64d037c4ff,39,2020-02-05 16:48:44,2020-02-05 23:52:37,,13.039,2_39_79_378_2020-02-05 16:48:43.766639,2,CA-326,2-39-79-378,America/Los_Angeles,945.0,400.0,32.0,80.0,62.0,"Wed, 05 Feb 2020 16:50:58 GMT",True,"Wed, 05 Feb 2020 17:50:44 GMT",945.0,,,,,,,,,7.064722222222223,0 days 07:03:53,,Clouds generally forming or developing,23,23-24
930,5e508420f9af8b64d037c500,39,2020-02-05 16:52:18,2020-02-06 01:36:41,,0.975,2_39_88_438_2020-02-05 16:52:18.185057,2,CA-502,2-39-88-438,America/Los_Angeles,,,,,,,,,,,,,,,,,,8.739722222222222,0 days 08:44:23,,Clouds generally forming or developing,1,1-2
931,5e508420f9af8b64d037c501,39,2020-02-05 16:57:54,2020-02-05 20:31:57,,0.995,2_39_126_20_2020-02-05 16:57:53.719812,2,CA-310,2-39-126-20,America/Los_Angeles,1366.0,400.0,8.0,20.0,60.0,"Wed, 05 Feb 2020 16:58:38 GMT",True,"Wed, 05 Feb 2020 17:57:54 GMT",1366.0,,,,,,,,,3.5675,0 days 03:34:03,,Clouds generally forming or developing,20,20-21
932,5e508420f9af8b64d037c502,39,2020-02-05 16:58:01,2020-02-06 01:54:47,,23.825,2_39_79_381_2020-02-05 16:58:01.083730,2,CA-490,2-39-79-381,America/Los_Angeles,1104.0,250.0,37.5,150.0,373.0,"Wed, 05 Feb 2020 16:58:43 GMT",True,"Wed, 05 Feb 2020 23:11:01 GMT",1104.0,,,,,,,,,8.946111111111112,0 days 08:56:46,,Clouds generally forming or developing,1,1-2
933,5e508420f9af8b64d037c503,39,2020-02-05 17:00:37,2020-02-06 01:56:57,,6.352,2_39_78_363_2020-02-05 17:00:37.449719,2,CA-320,2-39-78-363,America/Los_Angeles,714.0,400.0,32.0,80.0,445.0,"Wed, 05 Feb 2020 17:00:47 GMT",True,"Thu, 06 Feb 2020 00:25:37 GMT",714.0,,,,,,,,,8.938888888888888,0 days 08:56:20,,Clouds generally forming or developing,1,1-2
934,5e508420f9af8b64d037c504,39,2020-02-05 17:01:42,2020-02-05 22:45:06,,3.47,2_39_79_382_2020-02-05 17:01:42.489552,2,CA-491,2-39-79-382,America/Los_Angeles,4701.0,300.0,12.0,40.0,311.0,"Wed, 05 Feb 2020 17:02:08 GMT",True,"Wed, 05 Feb 2020 22:12:42 GMT",4701.0,,,,,,,,,5.723333333333334,0 days 05:43:24,,Clouds generally forming or developing,22,22-23
935,5e508420f9af8b64d037c505,39,2020-02-05 17:04:31,2020-02-06 01:22:06,,5.498,2_39_89_25_2020-02-05 17:04:31.383804,2,CA-315,2-39-89-25,America/Los_Angeles,743.0,400.0,8.0,20.0,53.0,"Wed, 05 Feb 2020 17:04:38 GMT",True,"Wed, 05 Feb 2020 17:57:31 GMT",743.0,400.0,8.0,20.0,378.0,"Wed, 05 Feb 2020 17:04:46 GMT",True,"Wed, 05 Feb 2020 23:22:31 GMT",743.0,8.293055555555556,0 days 08:17:35,,Clouds generally forming or developing,1,1-2
936,5e508420f9af8b64d037c506,39,2020-02-05 17:09:58,2020-02-06 04:51:05,,2.174,2_39_90_26_2020-02-05 17:09:57.820954,2,CA-316,2-39-90-26,America/Los_Angeles,324.0,444.0,8.88,20.0,45.0,"Wed, 05 Feb 2020 17:10:13 GMT",True,"Wed, 05 Feb 2020 17:54:58 GMT",324.0,,,,,,,,,11.685277777777777,0 days 11:41:07,,Clouds generally forming or developing,4,4-5
937,5e508420f9af8b64d037c507,39,2020-02-05 17:27:18,2020-02-06 01:32:48,,6.442,2_39_78_365_2020-02-05 17:27:18.495997,2,CA-321,2-39-78-365,America/Los_Angeles,5368.0,400.0,8.0,20.0,73.0,"Wed, 05 Feb 2020 17:35:03 GMT",True,"Wed, 05 Feb 2020 18:40:18 GMT",5368.0,,,,,,,,,8.091666666666667,0 days 08:05:30,,Clouds generally forming or developing,1,1-2
938,5e508420f9af8b64d037c508,39,2020-02-05 17:27:48,2020-02-06 00:06:04,,13.09,2_39_125_21_2020-02-05 17:27:47.639187,2,CA-311,2-39-125-21,America/Los_Angeles,1912.0,400.0,20.0,50.0,384.0,"Wed, 05 Feb 2020 17:27:50 GMT",True,"Wed, 05 Feb 2020 23:51:48 GMT",1912.0,400.0,20.0,50.0,392.0,"Wed, 05 Feb 2020 17:36:28 GMT",True,"Wed, 05 Feb 2020 23:59:48 GMT",1912.0,6.637777777777778,0 days 06:38:16,,Clouds generally forming or developing,0,0-1
939,5e508420f9af8b64d037c509,39,2020-02-05 17:31:36,2020-02-05 18:41:49,,3.296,2_39_91_437_2020-02-05 17:31:29.033125,2,CA-317,2-39-91-437,America/Los_Angeles,4758.0,400.0,8.0,20.0,68.0,"Wed, 05 Feb 2020 17:31:36 GMT",True,"Wed, 05 Feb 2020 18:39:36 GMT",4758.0,,,,,,,,,1.1702777777777778,0 days 01:10:13,,Clouds generally forming or developing,18,18-19
940,5e508420f9af8b64d037c50a,39,2020-02-05 17:35:15,2020-02-06 01:00:05,,12.048,2_39_124_22_2020-02-05 17:35:15.171501,2,CA-312,2-39-124-22,America/Los_Angeles,1364.0,400.0,28.0,70.0,182.0,"Wed, 05 Feb 2020 17:35:30 GMT",True,"Wed, 05 Feb 2020 20:37:15 GMT",1364.0,,,,,,,,,7.413888888888889,0 days 07:24:50,,Clouds generally forming or developing,1,1-2
941,5e508420f9af8b64d037c50b,39,2020-02-05 18:01:47,2020-02-05 18:55:11,,5.55,2_39_88_24_2020-02-05 18:01:33.858863,2,CA-314,2-39-88-24,America/Los_Angeles,2461.0,400.0,8.0,20.0,273.0,"Wed, 05 Feb 2020 18:01:46 GMT",True,"Wed, 05 Feb 2020 22:34:47 GMT",2461.0,,,,,,,,,0.89,0 days 00:53:24,,Clouds generally forming or developing,18,18-19
942,5e508420f9af8b64d037c50c,39,2020-02-05 18:08:20,2020-02-06 02:07:20,,11.683,2_39_92_436_2020-02-05 18:08:20.402397,2,CA-318,2-39-92-436,America/Los_Angeles,1095.0,400.0,16.0,40.0,444.0,"Wed, 05 Feb 2020 18:08:30 GMT",True,"Thu, 06 Feb 2020 01:32:20 GMT",1095.0,400.0,16.0,40.0,444.0,"Wed, 05 Feb 2020 18:08:50 GMT",True,"Thu, 06 Feb 2020 01:32:20 GMT",1095.0,7.983333333333333,0 days 07:59:00,,Clouds generally forming or developing,2,2-3
943,5e508420f9af8b64d037c50d,39,2020-02-05 18:13:55,2020-02-06 02:01:56,,1.98,2_39_95_27_2020-02-05 18:13:54.837084,2,CA-319,2-39-95-27,America/Los_Angeles,891.0,400.0,8.0,20.0,216.0,"Wed, 05 Feb 2020 18:14:16 GMT",True,"Wed, 05 Feb 2020 21:49:55 GMT",891.0,,,,,,,,,7.800277777777778,0 days 07:48:01,,Clouds generally forming or developing,2,2-3
944,5e508420f9af8b64d037c50e,39,2020-02-05 18:16:37,2020-02-06 03:13:48,,11.957,2_39_79_376_2020-02-05 18:16:37.185257,2,CA-324,2-39-79-376,America/Los_Angeles,558.0,400.0,28.0,70.0,60.0,"Wed, 05 Feb 2020 18:16:39 GMT",True,"Wed, 05 Feb 2020 19:16:37 GMT",558.0,,,,,,,,,8.953055555555556,0 days 08:57:11,,Clouds generally forming or developing,3,3-4
945,5e508420f9af8b64d037c50f,39,2020-02-05 18:25:38,2020-02-05 19:17:12,,2.749,2_39_123_23_2020-02-05 18:25:38.104753,2,CA-313,2-39-123-23,America/Los_Angeles,2170.0,400.0,28.0,70.0,426.0,"Wed, 05 Feb 2020 18:25:49 GMT",True,"Thu, 06 Feb 2020 01:31:38 GMT",2170.0,,,,,,,,,0.8594444444444445,0 days 00:51:34,,Clouds generally forming or developing,19,19-20
946,5e508420f9af8b64d037c510,39,2020-02-05 18:54:33,2020-02-05 19:59:31,,4.138,2_39_91_437_2020-02-05 18:54:33.424705,2,CA-317,2-39-91-437,America/Los_Angeles,668.0,425.0,4.25,10.0,61.0,"Wed, 05 Feb 2020 18:54:48 GMT",True,"Wed, 05 Feb 2020 19:55:33 GMT",668.0,,,,,,,,,1.0827777777777778,0 days 01:04:58,,Clouds generally forming or developing,19,19-20
947,5e508420f9af8b64d037c511,39,2020-02-05 19:10:05,2020-02-06 03:06:43,,6.674,2_39_90_440_2020-02-05 19:10:05.061814,2,CA-500,2-39-90-440,America/Los_Angeles,515.0,400.0,12.0,30.0,189.0,"Wed, 05 Feb 2020 19:10:32 GMT",True,"Wed, 05 Feb 2020 22:19:05 GMT",515.0,,,,,,,,,7.943888888888889,0 days 07:56:38,,Clouds generally forming or developing,3,3-4
948,5e508420f9af8b64d037c512,39,2020-02-05 19:34:31,2020-02-06 03:05:04,,37.709,2_39_88_24_2020-02-05 19:34:31.206978,2,CA-314,2-39-88-24,America/Los_Angeles,3270.0,200.0,40.0,200.0,470.0,"Wed, 05 Feb 2020 19:37:50 GMT",True,"Thu, 06 Feb 2020 03:24:31 GMT",3270.0,,,,,,,,,7.509166666666666,0 days 07:30:33,,Clouds generally forming or developing,3,3-4
949,5e508420f9af8b64d037c513,39,2020-02-05 19:47:25,2020-02-05 20:59:27,,3.58,2_39_123_23_2020-02-05 19:47:24.754304,2,CA-313,2-39-123-23,America/Los_Angeles,798.0,400.0,12.0,30.0,75.0,"Wed, 05 Feb 2020 19:51:34 GMT",True,"Wed, 05 Feb 2020 21:02:25 GMT",798.0,,,,,,,,,1.2005555555555556,0 days 01:12:02,,Clouds generally forming or developing,20,20-21
950,5e508420f9af8b64d037c514,39,2020-02-05 19:48:00,2020-02-06 01:06:49,,23.717,2_39_91_441_2020-02-05 19:48:00.283081,2,CA-499,2-39-91-441,America/Los_Angeles,832.0,400.0,28.0,70.0,324.0,"Wed, 05 Feb 2020 19:48:14 GMT",True,"Thu, 06 Feb 2020 01:12:00 GMT",832.0,400.0,28.0,70.0,324.0,"Wed, 05 Feb 2020 19:54:09 GMT",True,"Thu, 06 Feb 2020 01:12:00 GMT",832.0,5.313611111111111,0 days 05:18:49,,Clouds generally forming or developing,1,1-2
951,5e508420f9af8b64d037c515,39,2020-02-05 19:50:00,2020-02-05 21:39:56,,6.386,2_39_79_379_2020-02-05 19:49:59.623440,2,CA-327,2-39-79-379,America/Los_Angeles,311.0,250.0,25.0,100.0,100.0,"Wed, 05 Feb 2020 19:53:38 GMT",True,"Wed, 05 Feb 2020 21:30:00 GMT",311.0,250.0,25.0,100.0,100.0,"Wed, 05 Feb 2020 19:56:06 GMT",True,"Wed, 05 Feb 2020 21:30:00 GMT",311.0,1.8322222222222222,0 days 01:49:56,,Clouds generally forming or developing,21,21-22
952,5e508420f9af8b64d037c516,39,2020-02-05 20:00:23,2020-02-06 01:41:35,,0.975,2_39_139_28_2020-02-05 20:00:23.227130,2,CA-303,2-39-139-28,America/Los_Angeles,,,,,,,,,,,,,,,,,,5.6866666666666665,0 days 05:41:12,,Clouds generally forming or developing,1,1-2
953,5e508420f9af8b64d037c517,39,2020-02-05 20:02:51,2020-02-06 02:25:25,,36.478,2_39_92_442_2020-02-05 20:02:50.802193,2,CA-498,2-39-92-442,America/Los_Angeles,564.0,231.0,46.2,200.0,458.0,"Wed, 05 Feb 2020 20:03:22 GMT",True,"Thu, 06 Feb 2020 03:40:51 GMT",564.0,,,,,,,,,6.376111111111111,0 days 06:22:34,,Clouds generally forming or developing,2,2-3
954,5e508420f9af8b64d037c518,39,2020-02-05 20:22:07,2020-02-06 03:31:23,,6.491,2_39_91_437_2020-02-05 20:22:06.621396,2,CA-317,2-39-91-437,America/Los_Angeles,1124.0,400.0,8.0,20.0,60.0,"Wed, 05 Feb 2020 20:22:40 GMT",True,"Wed, 05 Feb 2020 21:22:07 GMT",1124.0,,,,,,,,,7.154444444444445,0 days 07:09:16,,Clouds generally forming or developing,3,3-4
955,5e508420f9af8b64d037c519,39,2020-02-05 20:41:48,2020-02-06 01:33:52,,8.403,2_39_126_20_2020-02-05 20:41:47.596783,2,CA-310,2-39-126-20,America/Los_Angeles,1001.0,600.0,12.0,20.0,129.0,"Wed, 05 Feb 2020 20:41:54 GMT",True,"Wed, 05 Feb 2020 22:50:48 GMT",1001.0,,,,,,,,,4.8677777777777775,0 days 04:52:04,,Clouds generally forming or developing,1,1-2
956,5e508420f9af8b64d037c51a,39,2020-02-05 21:08:05,2020-02-06 01:04:12,,11.667,2_39_129_563_2020-02-05 21:08:05.170792,2,CA-509,2-39-129-563,America/Los_Angeles,1470.0,292.0,23.36,80.0,252.0,"Wed, 05 Feb 2020 21:08:16 GMT",True,"Thu, 06 Feb 2020 01:20:05 GMT",1470.0,,,,,,,,,3.935277777777778,0 days 03:56:07,,Clouds generally forming or developing,1,1-2
957,5e508420f9af8b64d037c51b,39,2020-02-05 21:09:09,2020-02-05 23:48:54,,14.91,2_39_78_361_2020-02-05 21:09:09.436476,2,CA-493,2-39-78-361,America/Los_Angeles,1087.0,400.0,32.0,80.0,311.0,"Wed, 05 Feb 2020 21:09:11 GMT",True,"Thu, 06 Feb 2020 02:20:09 GMT",1087.0,400.0,32.0,80.0,311.0,"Wed, 05 Feb 2020 21:09:54 GMT",True,"Thu, 06 Feb 2020 02:20:09 GMT",1087.0,2.6625,0 days 02:39:45,,Clouds generally forming or developing,23,23-24
958,5e508420f9af8b64d037c51c,39,2020-02-06 00:42:03,2020-02-06 02:44:20,,5.292,2_39_78_360_2020-02-06 00:42:03.186469,2,CA-322,2-39-78-360,America/Los_Angeles,2244.0,400.0,8.0,20.0,60.0,"Thu, 06 Feb 2020 00:44:36 GMT",True,"Thu, 06 Feb 2020 01:42:03 GMT",2244.0,,,,,,,,,2.0380555555555557,0 days 02:02:17,,Clouds generally forming or developing,2,2-3
959,5e508420f9af8b64d037c51d,39,2020-02-06 02:30:58,2020-02-06 04:29:19,,7.029,2_39_129_17_2020-02-06 02:30:58.295971,2,CA-307,2-39-129-17,America/Los_Angeles,1564.0,300.0,12.0,40.0,130.0,"Thu, 06 Feb 2020 02:31:02 GMT",True,"Thu, 06 Feb 2020 04:40:58 GMT",1564.0,,,,,,,,,1.9725,0 days 01:58:21,,Clouds generally forming or developing,4,4-5
960,5e508420f9af8b64d037c51e,39,2020-02-06 02:35:26,2020-02-06 03:49:15,,4.106,2_39_127_19_2020-02-06 02:35:26.138238,2,CA-309,2-39-127-19,America/Los_Angeles,1524.0,400.0,12.0,30.0,129.0,"Thu, 06 Feb 2020 02:36:01 GMT",True,"Thu, 06 Feb 2020 04:44:26 GMT",1524.0,,,,,,,,,1.2302777777777778,0 days 01:13:49,,Clouds generally forming or developing,3,3-4
961,5e508420f9af8b64d037c51f,39,2020-02-06 03:18:08,2020-02-06 04:21:59,,2.216,2_39_139_28_2020-02-06 03:18:08.055703,2,CA-303,2-39-139-28,America/Los_Angeles,1539.0,400.0,4.0,10.0,60.0,"Thu, 06 Feb 2020 03:18:32 GMT",True,"Thu, 06 Feb 2020 04:18:08 GMT",1539.0,400.0,4.0,10.0,61.0,"Thu, 06 Feb 2020 04:13:10 GMT",True,"Thu, 06 Feb 2020 04:19:08 GMT",1539.0,1.0641666666666667,0 days 01:03:51,,Clouds generally forming or developing,4,4-5
962,5e508420f9af8b64d037c520,39,2020-02-06 04:54:26,2020-02-06 06:10:14,,4.146,2_39_128_18_2020-02-06 04:54:26.211495,2,CA-308,2-39-128-18,America/Los_Angeles,4622.0,300.0,6.0,20.0,62.0,"Thu, 06 Feb 2020 04:55:01 GMT",True,"Thu, 06 Feb 2020 05:56:26 GMT",4622.0,,,,,,,,,1.2633333333333334,0 days 01:15:48,,Clouds generally forming or developing,6,6-7
963,5e51d59ff9af8b68ac24a00e,39,2020-02-06 15:49:44,2020-02-07 00:53:56,,0.869,2_39_78_366_2020-02-06 15:49:43.970841,2,CA-323,2-39-78-366,America/Los_Angeles,,,,,,,,,,,,,,,,,,9.07,0 days 09:04:12,,Clouds generally forming or developing,0,0-1
964,5e51d59ff9af8b68ac24a00f,39,2020-02-06 15:53:31,2020-02-06 22:44:04,,6.392,2_39_79_382_2020-02-06 15:53:31.163002,2,CA-491,2-39-79-382,America/Los_Angeles,4701.0,300.0,12.0,40.0,311.0,"Thu, 06 Feb 2020 15:53:37 GMT",True,"Thu, 06 Feb 2020 21:04:31 GMT",4701.0,,,,,,,,,6.8425,0 days 06:50:33,,Clouds generally forming or developing,22,22-23
965,5e51d59ff9af8b68ac24a010,39,2020-02-06 16:27:27,2020-02-06 23:30:56,,13.42,2_39_78_362_2020-02-06 16:27:27.361855,2,CA-496,2-39-78-362,America/Los_Angeles,945.0,400.0,32.0,80.0,62.0,"Thu, 06 Feb 2020 16:27:31 GMT",True,"Thu, 06 Feb 2020 17:29:27 GMT",945.0,,,,,,,,,7.058055555555556,0 days 07:03:29,,Clouds generally forming or developing,23,23-24
966,5e51d59ff9af8b68ac24a011,39,2020-02-06 16:30:31,2020-02-06 23:02:49,,8.857,2_39_125_21_2020-02-06 16:30:31.287014,2,CA-311,2-39-125-21,America/Los_Angeles,1153.0,600.0,18.0,30.0,434.0,"Thu, 06 Feb 2020 16:30:49 GMT",True,"Thu, 06 Feb 2020 23:44:31 GMT",1153.0,,,,,,,,,6.538333333333333,0 days 06:32:18,,Clouds generally forming or developing,23,23-24
967,5e51d59ff9af8b68ac24a012,39,2020-02-06 16:30:42,2020-02-06 23:08:11,,14.9,2_39_79_377_2020-02-06 16:30:42.274120,2,CA-325,2-39-79-377,America/Los_Angeles,68.0,214.0,14.98,70.0,234.0,"Thu, 06 Feb 2020 16:31:21 GMT",True,"Thu, 06 Feb 2020 20:24:42 GMT",68.0,,,,,,,,,6.624722222222222,0 days 06:37:29,,Clouds generally forming or developing,23,23-24
968,5e51d59ff9af8b68ac24a013,39,2020-02-06 16:34:17,2020-02-06 18:45:50,,1.002,2_39_138_29_2020-02-06 16:34:16.726912,2,CA-304,2-39-138-29,America/Los_Angeles,1366.0,400.0,8.0,20.0,60.0,"Thu, 06 Feb 2020 16:34:45 GMT",True,"Thu, 06 Feb 2020 17:34:17 GMT",1366.0,,,,,,,,,2.1925,0 days 02:11:33,,Clouds generally forming or developing,18,18-19
969,5e51d59ff9af8b68ac24a014,39,2020-02-06 16:35:03,2020-02-07 00:44:57,,8.942,2_39_91_441_2020-02-06 16:35:02.926987,2,CA-499,2-39-91-441,America/Los_Angeles,1470.0,292.0,23.36,80.0,252.0,"Thu, 06 Feb 2020 16:35:19 GMT",True,"Thu, 06 Feb 2020 20:47:03 GMT",1470.0,,,,,,,,,8.165,0 days 08:09:54,,Clouds generally forming or developing,0,0-1
970,5e51d59ff9af8b68ac24a015,39,2020-02-06 16:35:31,2020-02-07 01:22:59,,8.134,2_39_79_378_2020-02-06 16:35:30.881711,2,CA-326,2-39-79-378,America/Los_Angeles,751.0,400.0,40.0,100.0,717.0,"Thu, 06 Feb 2020 16:35:50 GMT",True,"Fri, 07 Feb 2020 04:32:31 GMT",751.0,,,,,,,,,8.79111111111111,0 days 08:47:28,,Clouds generally forming or developing,1,1-2
971,5e51d59ff9af8b68ac24a016,39,2020-02-06 16:38:52,2020-02-07 01:33:49,,7.551,2_39_91_437_2020-02-06 16:38:51.886165,2,CA-317,2-39-91-437,America/Los_Angeles,431.0,300.0,15.0,50.0,219.0,"Thu, 06 Feb 2020 16:39:13 GMT",True,"Thu, 06 Feb 2020 20:17:52 GMT",431.0,,,,,,,,,8.915833333333333,0 days 08:54:57,,Clouds generally forming or developing,1,1-2
972,5e51d59ff9af8b68ac24a017,39,2020-02-06 16:41:03,2020-02-06 22:54:58,,7.924,2_39_89_439_2020-02-06 16:41:03.072065,2,CA-501,2-39-89-439,America/Los_Angeles,2275.0,400.0,8.0,20.0,60.0,"Thu, 06 Feb 2020 16:42:23 GMT",True,"Thu, 06 Feb 2020 17:41:03 GMT",2275.0,,,,,,,,,6.231944444444444,0 days 06:13:55,,Clouds generally forming or developing,22,22-23
973,5e51d59ff9af8b68ac24a018,39,2020-02-06 16:44:08,2020-02-07 02:53:58,,0.954,2_39_127_19_2020-02-06 16:44:08.282343,2,CA-309,2-39-127-19,America/Los_Angeles,,,,,,,,,,,,,,,,,,10.16388888888889,0 days 10:09:50,,Clouds generally forming or developing,2,2-3
974,5e51d59ff9af8b68ac24a019,39,2020-02-06 16:55:56,2020-02-07 01:57:46,,22.75,2_39_79_380_2020-02-06 16:55:55.778683,2,CA-489,2-39-79-380,America/Los_Angeles,1104.0,250.0,37.5,150.0,373.0,"Thu, 06 Feb 2020 16:58:11 GMT",True,"Thu, 06 Feb 2020 23:08:56 GMT",1104.0,,,,,,,,,9.030555555555555,0 days 09:01:50,,Clouds generally forming or developing,1,1-2
975,5e51d59ff9af8b68ac24a01a,39,2020-02-06 17:08:27,2020-02-07 02:06:05,,0.925,2_39_90_440_2020-02-06 17:08:26.915499,2,CA-500,2-39-90-440,America/Los_Angeles,,,,,,,,,,,,,,,,,,8.960555555555555,0 days 08:57:38,,Clouds generally forming or developing,2,2-3
976,5e51d59ff9af8b68ac24a01b,39,2020-02-06 17:10:02,2020-02-07 03:16:45,,3.873,2_39_89_25_2020-02-06 17:10:01.711426,2,CA-315,2-39-89-25,America/Los_Angeles,567.0,400.0,8.0,20.0,411.0,"Thu, 06 Feb 2020 17:10:15 GMT",True,"Fri, 07 Feb 2020 00:01:02 GMT",567.0,400.0,8.0,20.0,411.0,"Thu, 06 Feb 2020 17:10:23 GMT",True,"Fri, 07 Feb 2020 00:01:02 GMT",567.0,10.111944444444445,0 days 10:06:43,,Clouds generally forming or developing,3,3-4
977,5e51d59ff9af8b68ac24a01c,39,2020-02-06 17:12:44,2020-02-07 00:29:24,,11.893,2_39_78_365_2020-02-06 17:12:44.237384,2,CA-321,2-39-78-365,America/Los_Angeles,3977.0,600.0,12.0,20.0,168.0,"Thu, 06 Feb 2020 17:13:33 GMT",True,"Thu, 06 Feb 2020 20:00:44 GMT",3977.0,,,,,,,,,7.277777777777778,0 days 07:16:40,,Clouds generally forming or developing,0,0-1
978,5e51d59ff9af8b68ac24a01d,39,2020-02-06 17:13:10,2020-02-07 01:57:25,,5.541,2_39_95_444_2020-02-06 17:13:10.001108,2,CA-497,2-39-95-444,America/Los_Angeles,743.0,400.0,8.0,20.0,479.0,"Thu, 06 Feb 2020 17:13:26 GMT",True,"Fri, 07 Feb 2020 01:12:10 GMT",743.0,,,,,,,,,8.7375,0 days 08:44:15,,Clouds generally forming or developing,1,1-2
979,5e51d59ff9af8b68ac24a01e,39,2020-02-06 17:17:20,2020-02-06 23:15:33,,12.224,2_39_123_23_2020-02-06 17:17:19.853987,2,CA-313,2-39-123-23,America/Los_Angeles,2170.0,400.0,28.0,70.0,426.0,"Thu, 06 Feb 2020 17:17:27 GMT",True,"Fri, 07 Feb 2020 00:23:20 GMT",2170.0,,,,,,,,,5.970277777777778,0 days 05:58:13,,Clouds generally forming or developing,23,23-24
980,5e51d59ff9af8b68ac24a01f,39,2020-02-06 17:32:44,2020-02-07 04:59:16,,1.565,2_39_92_436_2020-02-06 17:32:44.064174,2,CA-318,2-39-92-436,America/Los_Angeles,324.0,444.0,8.88,20.0,45.0,"Thu, 06 Feb 2020 17:32:56 GMT",True,"Thu, 06 Feb 2020 18:17:44 GMT",324.0,444.0,8.88,20.0,158.0,"Thu, 06 Feb 2020 17:33:09 GMT",True,"Thu, 06 Feb 2020 20:10:44 GMT",324.0,11.442222222222222,0 days 11:26:32,,Clouds generally forming or developing,4,4-5
981,5e51d59ff9af8b68ac24a020,39,2020-02-06 17:34:59,2020-02-07 01:11:00,,7.97,2_39_90_26_2020-02-06 17:34:58.826108,2,CA-316,2-39-90-26,America/Los_Angeles,620.0,400.0,12.0,30.0,386.0,"Thu, 06 Feb 2020 17:37:31 GMT",True,"Fri, 07 Feb 2020 00:00:59 GMT",620.0,,,,,,,,,7.6002777777777775,0 days 07:36:01,,Clouds generally forming or developing,1,1-2
982,5e51d59ff9af8b68ac24a021,39,2020-02-06 17:35:50,2020-02-07 00:40:47,,20.564,2_39_78_364_2020-02-06 17:35:50.126747,2,CA-495,2-39-78-364,America/Los_Angeles,1137.0,400.0,40.0,100.0,380.0,"Thu, 06 Feb 2020 17:36:08 GMT",True,"Thu, 06 Feb 2020 23:55:50 GMT",1137.0,,,,,,,,,7.0825,0 days 07:04:57,,Clouds generally forming or developing,0,0-1
983,5e51d59ff9af8b68ac24a022,39,2020-02-06 17:38:36,2020-02-07 00:04:35,,13.081,2_39_88_24_2020-02-06 17:38:36.055166,2,CA-314,2-39-88-24,America/Los_Angeles,1912.0,400.0,20.0,50.0,392.0,"Thu, 06 Feb 2020 17:38:54 GMT",True,"Fri, 07 Feb 2020 00:10:36 GMT",1912.0,,,,,,,,,6.433055555555556,0 days 06:25:59,,Clouds generally forming or developing,0,0-1
984,5e51d59ff9af8b68ac24a023,39,2020-02-06 18:15:02,2020-02-06 21:40:54,,1.373,2_39_78_363_2020-02-06 18:15:02.385705,2,CA-320,2-39-78-363,America/Los_Angeles,,,,,,,,,,,,,,,,,,3.431111111111111,0 days 03:25:52,,Clouds generally forming or developing,21,21-22
985,5e51d59ff9af8b68ac24a024,39,2020-02-06 18:26:16,2020-02-06 21:25:21,,0.917,2_39_78_367_2020-02-06 18:26:16.371409,2,CA-494,2-39-78-367,America/Los_Angeles,,,,,,,,,,,,,,,,,,2.984722222222222,0 days 02:59:05,,Clouds generally forming or developing,21,21-22
986,5e51d59ff9af8b68ac24a025,39,2020-02-06 21:25:55,2020-02-07 01:23:09,,0.909,2_39_78_367_2020-02-06 21:25:54.595342,2,CA-494,2-39-78-367,America/Los_Angeles,,,,,,,,,,,,,,,,,,3.953888888888889,0 days 03:57:14,,Clouds generally forming or developing,1,1-2
987,5e51d59ff9af8b68ac24a026,39,2020-02-06 21:28:44,2020-02-07 02:32:57,,6.601,2_39_126_20_2020-02-06 21:28:43.545169,2,CA-310,2-39-126-20,America/Los_Angeles,1124.0,400.0,8.0,20.0,60.0,"Thu, 06 Feb 2020 21:29:49 GMT",True,"Thu, 06 Feb 2020 22:28:44 GMT",1124.0,,,,,,,,,5.070277777777778,0 days 05:04:13,,Clouds generally forming or developing,2,2-3
988,5e51d59ff9af8b68ac24a027,39,2020-02-06 21:58:19,2020-02-07 01:43:22,,0.833,2_39_78_363_2020-02-06 21:58:18.744157,2,CA-320,2-39-78-363,America/Los_Angeles,,,,,,,,,,,,,,,,,,3.7508333333333335,0 days 03:45:03,,Clouds generally forming or developing,1,1-2
989,5e51d59ff9af8b68ac24a028,39,2020-02-06 22:29:33,2020-02-06 23:53:05,,1.069,2_39_79_383_2020-02-06 22:29:32.577008,2,CA-492,2-39-79-383,America/Los_Angeles,1236.0,400.0,8.0,20.0,67.0,"Thu, 06 Feb 2020 23:48:23 GMT",True,"Thu, 06 Feb 2020 23:36:33 GMT",1236.0,,,,,,,,,1.3922222222222222,0 days 01:23:32,,Clouds generally forming or developing,23,23-24
990,5e51d59ff9af8b68ac24a029,39,2020-02-06 23:16:28,2020-02-07 02:17:24,,1.233,2_39_123_23_2020-02-06 23:16:28.080258,2,CA-313,2-39-123-23,America/Los_Angeles,2170.0,400.0,28.0,70.0,417.0,"Thu, 06 Feb 2020 23:16:29 GMT",True,"Fri, 07 Feb 2020 06:13:28 GMT",2170.0,,,,,,,,,3.0155555555555558,0 days 03:00:56,,Clouds generally forming or developing,2,2-3
991,5e51d59ff9af8b68ac24a02a,39,2020-02-07 01:37:15,2020-02-07 02:24:56,,2.555,2_39_138_29_2020-02-07 01:37:14.560397,2,CA-304,2-39-138-29,America/Los_Angeles,1366.0,400.0,8.0,20.0,60.0,"Fri, 07 Feb 2020 01:38:01 GMT",True,"Fri, 07 Feb 2020 02:37:15 GMT",1366.0,,,,,,,,,0.7947222222222222,0 days 00:47:41,,Clouds generally forming or developing,2,2-3
992,5e51d59ff9af8b68ac24a02b,39,2020-02-07 01:58:02,2020-02-07 03:18:46,,3.902,2_39_131_30_2020-02-07 01:58:02.246968,2,CA-305,2-39-131-30,America/Los_Angeles,3123.0,400.0,4.0,10.0,154.0,"Fri, 07 Feb 2020 01:58:07 GMT",True,"Fri, 07 Feb 2020 04:32:02 GMT",3123.0,,,,,,,,,1.3455555555555556,0 days 01:20:44,,Clouds generally forming or developing,3,3-4
993,5e51d59ff9af8b68ac24a02c,39,2020-02-07 01:58:11,2020-02-07 02:04:45,,0.668,2_39_139_28_2020-02-07 01:58:11.479615,2,CA-303,2-39-139-28,America/Los_Angeles,67.0,250.0,50.0,200.0,473.0,"Fri, 07 Feb 2020 01:58:34 GMT",True,"Fri, 07 Feb 2020 09:51:11 GMT",67.0,250.0,50.0,200.0,60.0,"Fri, 07 Feb 2020 01:58:42 GMT",True,"Fri, 07 Feb 2020 02:58:11 GMT",67.0,0.10944444444444444,0 days 00:06:34,,Clouds generally forming or developing,2,2-3
994,5e51d59ff9af8b68ac24a02d,39,2020-02-07 02:07:16,2020-02-07 06:06:55,,25.921,2_39_130_31_2020-02-07 02:07:15.769009,2,CA-306,2-39-130-31,America/Los_Angeles,67.0,250.0,50.0,200.0,472.0,"Fri, 07 Feb 2020 02:07:35 GMT",True,"Fri, 07 Feb 2020 09:59:16 GMT",67.0,250.0,50.0,200.0,472.0,"Fri, 07 Feb 2020 06:06:43 GMT",True,"Fri, 07 Feb 2020 09:59:16 GMT",67.0,3.9941666666666666,0 days 03:59:39,,Clouds generally forming or developing,6,6-7
995,5e51d59ff9af8b68ac24a02e,39,2020-02-07 02:17:57,2020-02-07 03:33:09,,0.898,2_39_139_28_2020-02-07 02:17:57.353501,2,CA-303,2-39-139-28,America/Los_Angeles,,,,,,,,,,,,,,,,,,1.2533333333333334,0 days 01:15:12,,Clouds generally forming or developing,3,3-4
996,5e51d59ff9af8b68ac24a02f,39,2020-02-07 04:26:10,2020-02-07 05:49:07,,4.525,2_39_139_28_2020-02-07 04:26:09.904479,2,CA-303,2-39-139-28,America/Los_Angeles,1263.0,400.0,12.0,30.0,115.0,"Fri, 07 Feb 2020 04:26:38 GMT",True,"Fri, 07 Feb 2020 06:21:10 GMT",1263.0,,,,,,,,,1.3825,0 days 01:22:57,,Clouds generally forming or developing,5,5-6
997,5e51d59ff9af8b68ac24a030,39,2020-02-07 05:33:57,2020-02-07 06:30:23,,2.975,2_39_126_20_2020-02-07 05:33:57.325049,2,CA-310,2-39-126-20,America/Los_Angeles,4622.0,300.0,6.0,20.0,62.0,"Fri, 07 Feb 2020 05:34:18 GMT",True,"Fri, 07 Feb 2020 06:35:57 GMT",4622.0,,,,,,,,,0.9405555555555556,0 days 00:56:26,,Clouds generally forming or developing,6,6-7
998,5e53271ff9af8b6cadce9b66,39,2020-02-07 08:18:00,2020-02-07 09:27:49,,0.902,2_39_95_27_2020-02-07 08:18:00.438774,2,CA-319,2-39-95-27,America/Los_Angeles,,,,,,,,,,,,,,,,,,1.1636111111111112,0 days 01:09:49,,Clouds generally forming or developing,9,9-10
999,5e53271ff9af8b6cadce9b67,39,2020-02-07 09:28:12,2020-02-07 15:18:04,,0.881,2_39_78_363_2020-02-07 09:28:12.051684,2,CA-320,2-39-78-363,America/Los_Angeles,,,,,,,,,,,,,,,,,,5.831111111111111,0 days 05:49:52,,Clouds generally forming or developing,15,15-16
1000,5e53271ff9af8b6cadce9b68,39,2020-02-07 14:43:33,2020-02-07 22:12:20,,13.141,2_39_79_383_2020-02-07 14:43:32.988737,2,CA-492,2-39-79-383,America/Los_Angeles,4913.0,400.0,20.0,50.0,720.0,"Fri, 07 Feb 2020 14:44:00 GMT",True,"Sat, 08 Feb 2020 02:43:33 GMT",4913.0,,,,,,,,,7.479722222222223,0 days 07:28:47,,Clouds generally forming or developing,22,22-23
1001,5e53271ff9af8b6cadce9b69,39,2020-02-07 14:52:53,2020-02-08 00:59:21,,3.503,2_39_89_25_2020-02-07 14:52:52.713288,2,CA-315,2-39-89-25,America/Los_Angeles,743.0,400.0,8.0,20.0,479.0,"Fri, 07 Feb 2020 14:53:01 GMT",True,"Fri, 07 Feb 2020 22:51:53 GMT",743.0,400.0,8.0,20.0,557.0,"Fri, 07 Feb 2020 14:53:22 GMT",True,"Sat, 08 Feb 2020 00:09:53 GMT",743.0,10.107777777777779,0 days 10:06:28,,Clouds generally forming or developing,0,0-1
1002,5e53271ff9af8b6cadce9b6a,39,2020-02-07 15:54:51,2020-02-08 00:58:08,,4.206,2_39_131_30_2020-02-07 15:54:50.847679,2,CA-305,2-39-131-30,America/Los_Angeles,347.0,600.0,12.0,20.0,77.0,"Fri, 07 Feb 2020 15:55:07 GMT",True,"Fri, 07 Feb 2020 17:11:51 GMT",347.0,,,,,,,,,9.054722222222223,0 days 09:03:17,,Clouds generally forming or developing,0,0-1
1003,5e53271ff9af8b6cadce9b6b,39,2020-02-07 16:05:40,2020-02-08 01:38:46,,3.292,2_39_79_382_2020-02-07 16:05:39.921197,2,CA-491,2-39-79-382,America/Los_Angeles,4701.0,300.0,12.0,40.0,311.0,"Fri, 07 Feb 2020 16:06:53 GMT",True,"Fri, 07 Feb 2020 21:16:40 GMT",4701.0,,,,,,,,,9.551666666666666,0 days 09:33:06,,Clouds generally forming or developing,1,1-2
1004,5e53271ff9af8b6cadce9b6c,39,2020-02-07 16:06:40,2020-02-07 17:29:44,,0.788,2_39_79_380_2020-02-07 16:06:39.769968,2,CA-489,2-39-79-380,America/Los_Angeles,,,,,,,,,,,,,,,,,,1.3844444444444444,0 days 01:23:04,,Clouds generally forming or developing,17,17-18
1005,5e53271ff9af8b6cadce9b6d,39,2020-02-07 16:13:24,2020-02-07 22:10:13,,5.062,2_39_130_31_2020-02-07 16:13:23.923912,2,CA-306,2-39-130-31,America/Los_Angeles,1564.0,300.0,12.0,40.0,241.0,"Fri, 07 Feb 2020 16:13:26 GMT",True,"Fri, 07 Feb 2020 20:14:24 GMT",1564.0,,,,,,,,,5.946944444444444,0 days 05:56:49,,Clouds generally forming or developing,22,22-23
1006,5e53271ff9af8b6cadce9b6e,39,2020-02-07 16:16:19,2020-02-08 01:38:07,,34.528,2_39_79_381_2020-02-07 16:16:19.103607,2,CA-490,2-39-79-381,America/Los_Angeles,3424.0,295.0,59.0,200.0,609.0,"Fri, 07 Feb 2020 16:16:56 GMT",True,"Sat, 08 Feb 2020 02:25:19 GMT",3424.0,,,,,,,,,9.363333333333333,0 days 09:21:48,,Clouds generally forming or developing,1,1-2
1007,5e53271ff9af8b6cadce9b6f,39,2020-02-07 16:19:42,2020-02-07 19:59:52,,24.17,2_39_95_444_2020-02-07 16:19:42.264036,2,CA-497,2-39-95-444,America/Los_Angeles,3449.0,276.0,40.02,145.0,494.0,"Fri, 07 Feb 2020 16:20:03 GMT",True,"Sat, 08 Feb 2020 00:33:42 GMT",3449.0,,,,,,,,,3.6694444444444443,0 days 03:40:10,,Clouds generally forming or developing,19,19-20
1008,5e53271ff9af8b6cadce9b70,39,2020-02-07 16:21:37,2020-02-08 01:25:10,,6.86,2_39_127_19_2020-02-07 16:21:37.310769,2,CA-309,2-39-127-19,America/Los_Angeles,4947.0,380.0,11.4,30.0,499.0,"Fri, 07 Feb 2020 16:22:00 GMT",True,"Sat, 08 Feb 2020 00:40:37 GMT",4947.0,,,,,,,,,9.059166666666666,0 days 09:03:33,,Clouds generally forming or developing,1,1-2
1009,5e53271ff9af8b6cadce9b71,39,2020-02-07 16:31:57,2020-02-08 02:07:05,,1.958,2_39_79_379_2020-02-07 16:31:56.561550,2,CA-327,2-39-79-379,America/Los_Angeles,751.0,400.0,40.0,100.0,717.0,"Fri, 07 Feb 2020 16:33:22 GMT",True,"Sat, 08 Feb 2020 04:28:57 GMT",751.0,,,,,,,,,9.585555555555555,0 days 09:35:08,,Clouds generally forming or developing,2,2-3
1010,5e53271ff9af8b6cadce9b72,39,2020-02-07 16:33:16,2020-02-08 01:43:11,,17.31,2_39_78_366_2020-02-07 16:33:16.373420,2,CA-323,2-39-78-366,America/Los_Angeles,3853.0,360.0,46.8,130.0,523.0,"Fri, 07 Feb 2020 16:33:32 GMT",True,"Sat, 08 Feb 2020 01:16:16 GMT",3853.0,,,,,,,,,9.165277777777778,0 days 09:09:55,,Clouds generally forming or developing,1,1-2
1011,5e53271ff9af8b6cadce9b73,39,2020-02-07 16:37:21,2020-02-08 01:08:40,,6.373,2_39_91_441_2020-02-07 16:36:59.193152,2,CA-499,2-39-91-441,America/Los_Angeles,5594.0,360.0,7.2,20.0,151.0,"Fri, 07 Feb 2020 16:37:20 GMT",True,"Fri, 07 Feb 2020 19:08:21 GMT",5594.0,360.0,7.2,20.0,177.0,"Fri, 07 Feb 2020 19:04:23 GMT",True,"Fri, 07 Feb 2020 19:34:21 GMT",5594.0,8.521944444444445,0 days 08:31:19,,Clouds generally forming or developing,1,1-2
1012,5e53271ff9af8b6cadce9b74,39,2020-02-07 16:41:35,2020-02-07 19:31:04,,5.375,2_39_78_362_2020-02-07 16:41:35.494383,2,CA-496,2-39-78-362,America/Los_Angeles,1470.0,292.0,17.52,60.0,252.0,"Fri, 07 Feb 2020 16:41:57 GMT",True,"Fri, 07 Feb 2020 20:53:35 GMT",1470.0,,,,,,,,,2.8247222222222224,0 days 02:49:29,,Clouds generally forming or developing,19,19-20
1013,5e53271ff9af8b6cadce9b75,39,2020-02-07 16:44:17,2020-02-07 19:55:11,,4.946,2_39_129_17_2020-02-07 16:44:17.173591,2,CA-307,2-39-129-17,America/Los_Angeles,562.0,325.0,6.5,20.0,199.0,"Fri, 07 Feb 2020 16:44:38 GMT",True,"Fri, 07 Feb 2020 20:03:17 GMT",562.0,,,,,,,,,3.1816666666666666,0 days 03:10:54,,Clouds generally forming or developing,19,19-20
1014,5e53271ff9af8b6cadce9b76,39,2020-02-07 16:45:38,2020-02-08 01:22:12,,8.511,2_39_125_21_2020-02-07 16:45:37.778983,2,CA-311,2-39-125-21,America/Los_Angeles,712.0,400.0,16.0,40.0,306.0,"Fri, 07 Feb 2020 16:46:07 GMT",True,"Fri, 07 Feb 2020 21:51:38 GMT",712.0,,,,,,,,,8.609444444444444,0 days 08:36:34,,Clouds generally forming or developing,1,1-2
1015,5e53271ff9af8b6cadce9b77,39,2020-02-07 16:55:29,2020-02-07 20:45:02,,3.469,2_39_78_363_2020-02-07 16:55:09.254643,2,CA-320,2-39-78-363,America/Los_Angeles,6097.0,400.0,8.0,20.0,60.0,"Fri, 07 Feb 2020 16:55:29 GMT",True,"Fri, 07 Feb 2020 17:55:29 GMT",6097.0,,,,,,,,,3.825833333333333,0 days 03:49:33,,Clouds generally forming or developing,20,20-21
1016,5e53271ff9af8b6cadce9b78,39,2020-02-07 16:56:38,2020-02-08 05:30:33,2020-02-08 05:29:37,2.033,2_39_90_26_2020-02-07 16:56:37.631084,2,CA-316,2-39-90-26,America/Los_Angeles,324.0,444.0,8.88,20.0,163.0,"Fri, 07 Feb 2020 16:56:48 GMT",True,"Fri, 07 Feb 2020 19:39:38 GMT",324.0,,,,,,,,,12.565277777777778,0 days 12:33:55,0 days 00:00:56,Clouds generally forming or developing,5,5-6
1017,5e53271ff9af8b6cadce9b79,39,2020-02-07 17:07:08,2020-02-08 01:20:23,,4.415,2_39_126_20_2020-02-07 17:07:08.302996,2,CA-310,2-39-126-20,America/Los_Angeles,1366.0,400.0,8.0,20.0,60.0,"Fri, 07 Feb 2020 17:07:22 GMT",True,"Fri, 07 Feb 2020 18:07:08 GMT",1366.0,,,,,,,,,8.220833333333333,0 days 08:13:15,,Clouds generally forming or developing,1,1-2
1018,5e53271ff9af8b6cadce9b7a,39,2020-02-07 17:08:00,2020-02-08 02:23:27,,3.915,2_39_123_23_2020-02-07 17:08:00.248231,2,CA-313,2-39-123-23,America/Los_Angeles,567.0,400.0,8.0,20.0,720.0,"Fri, 07 Feb 2020 17:08:10 GMT",True,"Sat, 08 Feb 2020 05:08:00 GMT",567.0,400.0,8.0,20.0,429.0,"Fri, 07 Feb 2020 17:39:31 GMT",True,"Sat, 08 Feb 2020 00:17:00 GMT",567.0,9.2575,0 days 09:15:27,,Clouds generally forming or developing,2,2-3
1019,5e53271ff9af8b6cadce9b7b,39,2020-02-07 17:29:12,2020-02-08 00:08:51,,13.331,2_39_124_22_2020-02-07 17:29:12.112481,2,CA-312,2-39-124-22,America/Los_Angeles,1912.0,400.0,20.0,50.0,392.0,"Fri, 07 Feb 2020 17:29:12 GMT",True,"Sat, 08 Feb 2020 00:01:12 GMT",1912.0,,,,,,,,,6.660833333333334,0 days 06:39:39,,Clouds generally forming or developing,0,0-1
1020,5e53271ff9af8b6cadce9b7c,39,2020-02-07 17:42:42,2020-02-08 02:20:54,,0.978,2_39_79_376_2020-02-07 17:42:42.116346,2,CA-324,2-39-79-376,America/Los_Angeles,,,,,,,,,,,,,,,,,,8.636666666666667,0 days 08:38:12,,Clouds generally forming or developing,2,2-3
1021,5e53271ff9af8b6cadce9b7d,39,2020-02-07 17:43:07,2020-02-08 00:21:23,,10.693,2_39_79_377_2020-02-07 17:42:55.380257,2,CA-325,2-39-79-377,America/Los_Angeles,2461.0,400.0,12.0,30.0,273.0,"Fri, 07 Feb 2020 17:43:07 GMT",True,"Fri, 07 Feb 2020 22:16:07 GMT",2461.0,,,,,,,,,6.637777777777778,0 days 06:38:16,,Clouds generally forming or developing,0,0-1
1022,5e53271ff9af8b6cadce9b7e,39,2020-02-07 17:50:03,2020-02-08 04:36:07,,15.208,2_39_78_364_2020-02-07 17:50:02.952708,2,CA-495,2-39-78-364,America/Los_Angeles,671.0,267.0,29.37,110.0,154.0,"Fri, 07 Feb 2020 17:50:21 GMT",True,"Fri, 07 Feb 2020 20:24:03 GMT",671.0,267.0,29.37,110.0,271.0,"Fri, 07 Feb 2020 17:50:31 GMT",True,"Fri, 07 Feb 2020 22:21:03 GMT",671.0,10.767777777777777,0 days 10:46:04,,Clouds generally forming or developing,4,4-5
1023,5e53271ff9af8b6cadce9b7f,39,2020-02-07 17:55:58,2020-02-07 19:19:26,,8.836,2_39_91_437_2020-02-07 17:55:58.285959,2,CA-317,2-39-91-437,America/Los_Angeles,1039.0,400.0,80.0,200.0,327.0,"Fri, 07 Feb 2020 17:56:22 GMT",True,"Fri, 07 Feb 2020 23:22:58 GMT",1039.0,,,,,,,,,1.3911111111111112,0 days 01:23:28,,Clouds generally forming or developing,19,19-20
1024,5e53271ff9af8b6cadce9b80,39,2020-02-07 17:58:01,2020-02-07 23:52:50,,7.139,2_39_78_365_2020-02-07 17:58:01.358925,2,CA-321,2-39-78-365,America/Los_Angeles,515.0,400.0,12.0,30.0,189.0,"Fri, 07 Feb 2020 17:58:35 GMT",True,"Fri, 07 Feb 2020 21:07:01 GMT",515.0,400.0,12.0,30.0,189.0,"Fri, 07 Feb 2020 17:58:47 GMT",True,"Fri, 07 Feb 2020 21:07:01 GMT",515.0,5.913611111111111,0 days 05:54:49,,Clouds generally forming or developing,23,23-24
1025,5e53271ff9af8b6cadce9b81,39,2020-02-07 18:06:09,2020-02-08 01:19:22,,0.962,2_39_95_27_2020-02-07 18:06:09.486833,2,CA-319,2-39-95-27,America/Los_Angeles,,,,,,,,,,,,,,,,,,7.220277777777778,0 days 07:13:13,,Clouds generally forming or developing,1,1-2
1026,5e53271ff9af8b6cadce9b82,39,2020-02-07 18:06:11,2020-02-07 21:29:40,,0.767,2_39_89_439_2020-02-07 18:06:11.189474,2,CA-501,2-39-89-439,America/Los_Angeles,,,,,,,,,,,,,,,,,,3.391388888888889,0 days 03:23:29,,Clouds generally forming or developing,21,21-22
1027,5e53271ff9af8b6cadce9b83,39,2020-02-07 18:18:18,2020-02-07 21:22:00,,6.358,2_39_78_367_2020-02-07 18:18:18.158033,2,CA-494,2-39-78-367,America/Los_Angeles,5368.0,400.0,8.0,20.0,73.0,"Fri, 07 Feb 2020 18:20:56 GMT",True,"Fri, 07 Feb 2020 19:31:18 GMT",5368.0,,,,,,,,,3.0616666666666665,0 days 03:03:42,,Clouds generally forming or developing,21,21-22
1028,5e53271ff9af8b6cadce9b84,39,2020-02-07 18:18:52,2020-02-08 03:16:47,,14.007,2_39_79_380_2020-02-07 18:18:52.025708,2,CA-489,2-39-79-380,America/Los_Angeles,558.0,400.0,32.0,80.0,60.0,"Fri, 07 Feb 2020 18:20:20 GMT",True,"Fri, 07 Feb 2020 19:18:52 GMT",558.0,,,,,,,,,8.965277777777779,0 days 08:57:55,,Clouds generally forming or developing,3,3-4
1029,5e53271ff9af8b6cadce9b85,39,2020-02-07 18:23:47,2020-02-08 01:52:42,,14.705,2_39_92_442_2020-02-07 18:23:46.820405,2,CA-498,2-39-92-442,America/Los_Angeles,714.0,400.0,32.0,80.0,445.0,"Fri, 07 Feb 2020 18:24:17 GMT",True,"Sat, 08 Feb 2020 01:48:47 GMT",714.0,,,,,,,,,7.481944444444444,0 days 07:28:55,,Clouds generally forming or developing,1,1-2
1030,5e53271ff9af8b6cadce9b86,39,2020-02-07 18:24:35,2020-02-07 20:46:19,,5.638,2_39_123_557_2020-02-07 18:24:34.621055,2,CA-503,2-39-123-557,America/Los_Angeles,798.0,400.0,12.0,30.0,111.0,"Fri, 07 Feb 2020 18:25:18 GMT",True,"Fri, 07 Feb 2020 20:15:35 GMT",798.0,,,,,,,,,2.362222222222222,0 days 02:21:44,,Clouds generally forming or developing,20,20-21
1031,5e53271ff9af8b6cadce9b87,39,2020-02-07 18:26:20,2020-02-07 23:47:19,,5.881,2_39_90_440_2020-02-07 18:26:20.371483,2,CA-500,2-39-90-440,America/Los_Angeles,1222.0,400.0,8.0,20.0,72.0,"Fri, 07 Feb 2020 18:26:41 GMT",True,"Fri, 07 Feb 2020 19:38:20 GMT",1222.0,,,,,,,,,5.349722222222222,0 days 05:20:59,,Clouds generally forming or developing,23,23-24
1032,5e53271ff9af8b6cadce9b88,39,2020-02-07 20:27:10,2020-02-08 02:26:22,,6.62,2_39_129_17_2020-02-07 20:27:10.231195,2,CA-307,2-39-129-17,America/Los_Angeles,1124.0,400.0,8.0,20.0,60.0,"Fri, 07 Feb 2020 20:29:05 GMT",True,"Fri, 07 Feb 2020 21:27:10 GMT",1124.0,,,,,,,,,5.986666666666666,0 days 05:59:12,,Clouds generally forming or developing,2,2-3
1033,5e53271ff9af8b6cadce9b89,39,2020-02-07 21:30:31,2020-02-07 21:53:53,,2.021,2_39_78_367_2020-02-07 21:30:06.885523,2,CA-494,2-39-78-367,America/Los_Angeles,6105.0,275.0,19.25,70.0,102.0,"Fri, 07 Feb 2020 21:30:31 GMT",True,"Fri, 07 Feb 2020 23:12:31 GMT",6105.0,275.0,16.5,60.0,95.0,"Fri, 07 Feb 2020 21:32:15 GMT",True,"Fri, 07 Feb 2020 23:05:31 GMT",6105.0,0.3894444444444444,0 days 00:23:22,,Clouds generally forming or developing,21,21-22
1034,5e53271ff9af8b6cadce9b8a,39,2020-02-07 22:09:08,2020-02-08 01:09:10,,19.849,2_39_89_439_2020-02-07 22:09:08.048898,2,CA-501,2-39-89-439,America/Los_Angeles,1087.0,400.0,32.0,80.0,311.0,"Fri, 07 Feb 2020 22:09:10 GMT",True,"Sat, 08 Feb 2020 03:20:08 GMT",1087.0,,,,,,,,,3.0005555555555556,0 days 03:00:02,,Clouds generally forming or developing,1,1-2
1035,5e53271ff9af8b6cadce9b8b,39,2020-02-07 22:18:18,2020-02-08 03:48:52,,35.658,2_39_79_383_2020-02-07 22:18:08.220405,2,CA-492,2-39-79-383,America/Los_Angeles,2743.0,240.0,60.0,250.0,576.0,"Fri, 07 Feb 2020 22:18:18 GMT",True,"Sat, 08 Feb 2020 07:54:18 GMT",2743.0,,,,,,,,,5.509444444444444,0 days 05:30:34,,Clouds generally forming or developing,3,3-4
1036,5e53271ff9af8b6cadce9b8c,39,2020-02-08 01:05:19,2020-02-08 02:19:16,,0.846,2_39_91_437_2020-02-08 01:05:18.701998,2,CA-317,2-39-91-437,America/Los_Angeles,,,,,,,,,,,,,,,,,,1.2325,0 days 01:13:57,,Clouds generally forming or developing,2,2-3
1037,5e5478a1f9af8b6ed9f635ad,39,2020-02-08 08:23:48,2020-02-08 20:31:11,2020-02-08 10:45:03,13.897,2_39_79_383_2020-02-08 08:23:48.075885,2,CA-492,2-39-79-383,America/Los_Angeles,3267.0,400.0,40.0,100.0,428.0,"Sat, 08 Feb 2020 08:24:05 GMT",True,"Sat, 08 Feb 2020 15:31:48 GMT",3267.0,,,,,,,,,12.123055555555556,0 days 12:07:23,0 days 09:46:08,Clouds generally forming or developing,20,20-21
1038,5e5478a1f9af8b6ed9f635ae,39,2020-02-08 17:54:08,2020-02-08 19:22:51,2020-02-08 19:22:47,9.878,2_39_139_28_2020-02-08 17:54:07.821589,2,CA-303,2-39-139-28,America/Los_Angeles,248.0,250.0,15.0,60.0,190.0,"Sat, 08 Feb 2020 17:55:10 GMT",True,"Sat, 08 Feb 2020 21:04:08 GMT",248.0,,,,,,,,,1.478611111111111,0 days 01:28:43,0 days 00:00:04,Clouds generally forming or developing,19,19-20
1039,5e5478a1f9af8b6ed9f635af,39,2020-02-08 18:06:04,2020-02-08 19:00:40,2020-02-08 18:43:38,1.435,2_39_131_30_2020-02-08 18:06:04.141281,2,CA-305,2-39-131-30,America/Los_Angeles,365.0,333.0,9.99,30.0,104.0,"Sat, 08 Feb 2020 18:06:14 GMT",True,"Sat, 08 Feb 2020 19:50:04 GMT",365.0,,,,,,,,,0.91,0 days 00:54:36,0 days 00:17:02,Clouds generally forming or developing,19,19-20
1040,5e5478a1f9af8b6ed9f635b0,39,2020-02-08 20:30:57,2020-02-08 21:53:43,2020-02-08 21:24:28,4.443,2_39_139_28_2020-02-08 20:30:57.352499,2,CA-303,2-39-139-28,America/Los_Angeles,798.0,400.0,12.0,30.0,96.0,"Sat, 08 Feb 2020 20:33:44 GMT",True,"Sat, 08 Feb 2020 22:06:57 GMT",798.0,,,,,,,,,1.3794444444444445,0 days 01:22:46,0 days 00:29:15,Clouds generally forming or developing,21,21-22
1041,5e5478a1f9af8b6ed9f635b1,39,2020-02-08 20:33:20,2020-02-08 22:01:28,2020-02-08 22:01:23,4.699,2_39_131_30_2020-02-08 20:33:19.900255,2,CA-305,2-39-131-30,America/Los_Angeles,1236.0,400.0,8.0,20.0,67.0,"Sat, 08 Feb 2020 20:33:59 GMT",True,"Sat, 08 Feb 2020 21:40:20 GMT",1236.0,,,,,,,,,1.468888888888889,0 days 01:28:08,0 days 00:00:05,Clouds generally forming or developing,22,22-23
1042,5e5478a1f9af8b6ed9f635b2,39,2020-02-08 20:33:21,2020-02-09 00:38:20,2020-02-09 00:38:14,13.932,2_39_91_437_2020-02-08 20:33:19.507490,2,CA-317,2-39-91-437,America/Los_Angeles,1108.0,400.0,20.0,50.0,266.0,"Sat, 08 Feb 2020 20:33:20 GMT",True,"Sun, 09 Feb 2020 00:59:21 GMT",1108.0,,,,,,,,,4.083055555555555,0 days 04:04:59,0 days 00:00:06,"Rain, not freezing, continuous",0,0-1
1043,5e5478a1f9af8b6ed9f635b3,39,2020-02-09 02:07:33,2020-02-09 03:57:26,2020-02-09 03:57:22,5.6,2_39_127_19_2020-02-09 02:07:32.864518,2,CA-309,2-39-127-19,America/Los_Angeles,4622.0,300.0,6.0,20.0,62.0,"Sun, 09 Feb 2020 02:07:57 GMT",True,"Sun, 09 Feb 2020 03:09:33 GMT",4622.0,,,,,,,,,1.831388888888889,0 days 01:49:53,0 days 00:00:04,"Rain, not freezing, continuous",3,3-4
1044,5e5478a1f9af8b6ed9f635b4,39,2020-02-09 03:45:48,2020-02-09 04:02:41,2020-02-09 04:02:38,1.224,2_39_78_367_2020-02-09 03:45:48.183745,2,CA-494,2-39-78-367,America/Los_Angeles,3267.0,400.0,40.0,100.0,670.0,"Sun, 09 Feb 2020 03:48:00 GMT",True,"Sun, 09 Feb 2020 14:55:48 GMT",3267.0,,,,,,,,,0.2813888888888889,0 days 00:16:53,0 days 00:00:03,"Rain, not freezing, continuous",4,4-5
1045,5e5478a1f9af8b6ed9f635b5,39,2020-02-09 04:20:09,2020-02-10 01:03:58,2020-02-09 14:51:50,0.912,2_39_78_367_2020-02-09 04:20:08.887971,2,CA-494,2-39-78-367,America/Los_Angeles,,,,,,,,,,,,,,,,,,20.73027777777778,0 days 20:43:49,0 days 10:12:08,"Drizzle, not freezing, continuous",1,1-2
1046,5e5478a1f9af8b6ed9f635b6,39,2020-02-09 05:26:14,2020-02-09 18:39:14,2020-02-09 11:43:41,40.713,2_39_139_28_2020-02-09 05:26:13.928477,2,CA-303,2-39-139-28,America/Los_Angeles,489.0,428.0,102.72,240.0,624.0,"Sun, 09 Feb 2020 05:26:35 GMT",True,"Sun, 09 Feb 2020 15:50:14 GMT",489.0,428.0,102.72,240.0,589.0,"Sun, 09 Feb 2020 05:26:46 GMT",True,"Sun, 09 Feb 2020 15:15:14 GMT",489.0,13.216666666666667,0 days 13:13:00,0 days 06:55:33,"Rain, not freezing, continuous",18,18-19
1047,5e5478a1f9af8b6ed9f635b7,39,2020-02-09 06:05:04,2020-02-09 09:50:41,2020-02-09 09:50:33,24.842,2_39_79_383_2020-02-09 06:05:04.418380,2,CA-492,2-39-79-383,America/Los_Angeles,1470.0,292.0,29.2,100.0,301.0,"Sun, 09 Feb 2020 06:05:34 GMT",True,"Sun, 09 Feb 2020 11:06:04 GMT",1470.0,,,,,,,,,3.7602777777777776,0 days 03:45:37,0 days 00:00:08,"Rain, not freezing, continuous",9,9-10
1048,5e55ca1ef9af8b760613c5bb,39,2020-02-09 17:40:04,2020-02-09 19:16:05,2020-02-09 19:08:32,4.306,2_39_89_25_2020-02-09 17:40:03.864400,2,CA-315,2-39-89-25,America/Los_Angeles,743.0,400.0,8.0,20.0,93.0,"Sun, 09 Feb 2020 17:40:34 GMT",True,"Sun, 09 Feb 2020 19:13:04 GMT",743.0,,,,,,,,,1.6002777777777777,0 days 01:36:01,0 days 00:07:33,"Rain, not freezing, continuous",19,19-20
1049,5e55ca1ef9af8b760613c5bc,39,2020-02-09 19:08:31,2020-02-09 20:35:31,2020-02-09 20:33:41,4.613,2_39_139_28_2020-02-09 19:08:30.966694,2,CA-303,2-39-139-28,America/Los_Angeles,1236.0,400.0,8.0,20.0,67.0,"Sun, 09 Feb 2020 19:12:06 GMT",True,"Sun, 09 Feb 2020 20:15:31 GMT",1236.0,400.0,8.0,20.0,67.0,"Sun, 09 Feb 2020 20:35:20 GMT",True,"Sun, 09 Feb 2020 20:15:31 GMT",1236.0,1.45,0 days 01:27:00,0 days 00:01:50,"Rain, not freezing, continuous",20,20-21
1050,5e55ca1ef9af8b760613c5bd,39,2020-02-09 19:23:22,2020-02-09 20:44:36,2020-02-09 20:43:41,4.422,2_39_131_30_2020-02-09 19:23:22.190228,2,CA-305,2-39-131-30,America/Los_Angeles,5758.0,400.0,12.0,30.0,138.0,"Sun, 09 Feb 2020 19:25:10 GMT",True,"Sun, 09 Feb 2020 21:41:22 GMT",5758.0,400.0,8.0,20.0,118.0,"Sun, 09 Feb 2020 20:07:23 GMT",True,"Sun, 09 Feb 2020 21:21:22 GMT",5758.0,1.353888888888889,0 days 01:21:14,0 days 00:00:55,"Rain, not freezing, continuous",20,20-21
1051,5e55ca1ef9af8b760613c5be,39,2020-02-09 20:15:00,2020-02-09 21:39:31,2020-02-09 20:43:42,4.735,2_39_91_437_2020-02-09 20:15:00.173473,2,CA-317,2-39-91-437,America/Los_Angeles,1108.0,400.0,20.0,50.0,99.0,"Sun, 09 Feb 2020 20:15:06 GMT",True,"Sun, 09 Feb 2020 21:54:00 GMT",1108.0,400.0,20.0,50.0,99.0,"Sun, 09 Feb 2020 21:39:20 GMT",True,"Sun, 09 Feb 2020 21:54:00 GMT",1108.0,1.408611111111111,0 days 01:24:31,0 days 00:55:49,"Rain, not freezing, continuous",21,21-22
1052,5e55ca1ef9af8b760613c5bf,39,2020-02-09 20:37:38,2020-02-09 23:00:36,2020-02-09 21:58:40,8.702,2_39_90_26_2020-02-09 20:37:37.626720,2,CA-316,2-39-90-26,America/Los_Angeles,364.0,200.0,10.0,50.0,136.0,"Sun, 09 Feb 2020 20:38:29 GMT",True,"Sun, 09 Feb 2020 22:53:38 GMT",364.0,200.0,10.0,50.0,136.0,"Sun, 09 Feb 2020 23:00:24 GMT",True,"Sun, 09 Feb 2020 22:53:38 GMT",364.0,2.3827777777777777,0 days 02:22:58,0 days 01:01:56,"Rain, not freezing, continuous",23,23-24
1053,5e55ca1ef9af8b760613c5c0,39,2020-02-09 21:26:43,2020-02-10 00:41:19,2020-02-09 23:14:48,8.978817222222224,2_39_139_28_2020-02-09 21:26:42.678731,2,CA-303,2-39-139-28,America/Los_Angeles,710.0,400.0,64.0,160.0,273.0,"Sun, 09 Feb 2020 21:27:09 GMT",True,"Mon, 10 Feb 2020 01:59:43 GMT",710.0,400.0,64.0,160.0,273.0,"Mon, 10 Feb 2020 00:40:58 GMT",True,"Mon, 10 Feb 2020 01:59:43 GMT",710.0,3.243333333333333,0 days 03:14:36,0 days 01:26:31,"Drizzle, not freezing, continuous",0,0-1
1054,5e55ca1ef9af8b760613c5c1,39,2020-02-09 21:36:42,2020-02-09 22:30:48,2020-02-09 21:58:41,5.23,2_39_131_30_2020-02-09 21:36:41.879098,2,CA-305,2-39-131-30,America/Los_Angeles,1938.0,400.0,16.0,40.0,140.0,"Sun, 09 Feb 2020 21:36:54 GMT",True,"Sun, 09 Feb 2020 23:56:42 GMT",1938.0,400.0,16.0,40.0,140.0,"Sun, 09 Feb 2020 21:37:11 GMT",True,"Sun, 09 Feb 2020 23:56:42 GMT",1938.0,0.9016666666666666,0 days 00:54:06,0 days 00:32:07,"Rain, not freezing, continuous",22,22-23
1055,5e55ca1ef9af8b760613c5c2,39,2020-02-09 22:31:47,2020-02-10 03:46:10,2020-02-09 23:14:48,7.893,2_39_130_31_2020-02-09 22:31:47.130267,2,CA-306,2-39-130-31,America/Los_Angeles,4521.0,400.0,8.0,20.0,136.0,"Sun, 09 Feb 2020 23:05:55 GMT",True,"Mon, 10 Feb 2020 00:47:47 GMT",4521.0,400.0,8.0,20.0,136.0,"Mon, 10 Feb 2020 02:31:34 GMT",True,"Mon, 10 Feb 2020 00:47:47 GMT",4521.0,5.239722222222222,0 days 05:14:23,0 days 04:31:22,"Drizzle, not freezing, continuous",3,3-4
1056,5e55ca1ef9af8b760613c5c3,39,2020-02-09 22:32:08,2020-02-10 00:43:45,2020-02-09 23:12:03,0.791,2_39_127_19_2020-02-09 22:32:08.130090,2,CA-309,2-39-127-19,America/Los_Angeles,1920.0,450.0,13.5,30.0,154.0,"Sun, 09 Feb 2020 22:33:05 GMT",True,"Mon, 10 Feb 2020 01:06:08 GMT",1920.0,,,,,,,,,2.193611111111111,0 days 02:11:37,0 days 01:31:42,"Drizzle, not freezing, continuous",0,0-1
1057,5e55ca1ef9af8b760613c5c4,39,2020-02-09 22:46:08,2020-02-11 23:27:54,2020-02-10 00:49:25,12.627,2_39_79_383_2020-02-09 22:46:08.503356,2,CA-492,2-39-79-383,America/Los_Angeles,4913.0,400.0,20.0,50.0,720.0,"Sun, 09 Feb 2020 22:46:53 GMT",True,"Mon, 10 Feb 2020 10:46:08 GMT",4913.0,,,,,,,,,48.69611111111111,2 days 00:41:46,1 days 22:38:29,Continuous fall of snowflakes,23,23-24
1058,5e55ca1ef9af8b760613c5c5,39,2020-02-10 00:46:34,2020-02-10 02:58:58,2020-02-10 00:49:27,0.865,2_39_139_28_2020-02-10 00:46:34.216522,2,CA-303,2-39-139-28,America/Los_Angeles,,,,,,,,,,,,,,,,,,2.2066666666666666,0 days 02:12:24,0 days 02:09:31,"Drizzle, not freezing, continuous",2,2-3
1059,5e55ca1ef9af8b760613c5c6,39,2020-02-10 03:17:55,2020-02-10 04:10:46,2020-02-10 03:35:34,2.621,2_39_125_21_2020-02-10 03:17:55.087446,2,CA-311,2-39-125-21,America/Los_Angeles,4622.0,300.0,6.0,20.0,61.0,"Mon, 10 Feb 2020 03:18:17 GMT",True,"Mon, 10 Feb 2020 04:18:55 GMT",4622.0,300.0,6.0,20.0,61.0,"Mon, 10 Feb 2020 04:10:35 GMT",True,"Mon, 10 Feb 2020 04:18:55 GMT",4622.0,0.8808333333333334,0 days 00:52:51,0 days 00:35:12,"Drizzle, not freezing, continuous",4,4-5
1060,5e571bacf9af8b7a25458752,39,2020-02-10 14:10:37,2020-02-10 15:19:45,,3.538,2_39_89_25_2020-02-10 14:10:36.644769,2,CA-315,2-39-89-25,America/Los_Angeles,743.0,400.0,8.0,20.0,93.0,"Mon, 10 Feb 2020 14:10:50 GMT",True,"Mon, 10 Feb 2020 15:43:37 GMT",743.0,400.0,8.0,20.0,93.0,"Mon, 10 Feb 2020 15:19:34 GMT",True,"Mon, 10 Feb 2020 15:43:37 GMT",743.0,1.1522222222222223,0 days 01:09:08,,"Drizzle, not freezing, continuous",15,15-16
1061,5e571bacf9af8b7a25458753,39,2020-02-10 15:46:46,2020-02-11 00:02:58,2020-02-10 19:21:27,1.108,2_39_79_382_2020-02-10 15:46:46.398453,2,CA-491,2-39-79-382,America/Los_Angeles,,,,,,,,,,,,,,,,,,8.27,0 days 08:16:12,0 days 04:41:31,Continuous fall of snowflakes,0,0-1
1062,5e571bacf9af8b7a25458754,39,2020-02-10 15:50:14,2020-02-11 01:44:07,2020-02-11 01:04:06,53.925,2_39_78_366_2020-02-10 15:50:14.315379,2,CA-323,2-39-78-366,America/Los_Angeles,3853.0,360.0,57.6,160.0,523.0,"Mon, 10 Feb 2020 15:50:57 GMT",True,"Tue, 11 Feb 2020 00:33:14 GMT",3853.0,,,,,,,,,9.898055555555555,0 days 09:53:53,0 days 00:40:01,Continuous fall of snowflakes,1,1-2
1063,5e571bacf9af8b7a25458755,39,2020-02-10 15:57:38,2020-02-10 16:24:29,,0.717,2_39_79_380_2020-02-10 15:57:37.659374,2,CA-489,2-39-79-380,America/Los_Angeles,,,,,,,,,,,,,,,,,,0.4475,0 days 00:26:51,,"Drizzle, not freezing, continuous",16,16-17
1064,5e571bacf9af8b7a25458756,39,2020-02-10 16:48:55,2020-02-11 01:35:39,2020-02-10 19:26:17,6.113,2_39_79_379_2020-02-10 16:48:55.104952,2,CA-327,2-39-79-379,America/Los_Angeles,5368.0,400.0,8.0,20.0,73.0,"Mon, 10 Feb 2020 16:52:28 GMT",True,"Mon, 10 Feb 2020 18:01:55 GMT",5368.0,,,,,,,,,8.778888888888888,0 days 08:46:44,0 days 06:09:22,Continuous fall of snowflakes,1,1-2
1065,5e571bacf9af8b7a25458757,39,2020-02-10 16:54:30,2020-02-11 02:01:20,2020-02-10 20:44:30,23.362,2_39_79_377_2020-02-10 16:54:30.344130,2,CA-325,2-39-79-377,America/Los_Angeles,1104.0,250.0,37.5,150.0,373.0,"Mon, 10 Feb 2020 16:54:57 GMT",True,"Mon, 10 Feb 2020 23:07:30 GMT",1104.0,,,,,,,,,9.113888888888889,0 days 09:06:50,0 days 05:16:50,Continuous fall of snowflakes,2,2-3
1066,5e571bacf9af8b7a25458758,39,2020-02-10 17:02:21,2020-02-11 05:03:22,2020-02-10 19:21:27,4.441,2_39_89_25_2020-02-10 17:02:21.409431,2,CA-315,2-39-89-25,America/Los_Angeles,743.0,400.0,8.0,20.0,522.0,"Mon, 10 Feb 2020 17:02:50 GMT",True,"Tue, 11 Feb 2020 01:44:21 GMT",743.0,400.0,8.0,20.0,522.0,"Mon, 10 Feb 2020 17:03:04 GMT",True,"Tue, 11 Feb 2020 01:44:21 GMT",743.0,12.016944444444444,0 days 12:01:01,0 days 09:41:55,Continuous fall of snowflakes,5,5-6
1067,5e571bacf9af8b7a25458759,39,2020-02-10 17:13:41,2020-02-11 03:41:42,2020-02-10 19:21:29,4.263,2_39_129_17_2020-02-10 17:13:40.859974,2,CA-307,2-39-129-17,America/Los_Angeles,567.0,400.0,8.0,20.0,429.0,"Mon, 10 Feb 2020 17:15:04 GMT",True,"Tue, 11 Feb 2020 00:22:41 GMT",567.0,400.0,8.0,20.0,429.0,"Mon, 10 Feb 2020 17:15:22 GMT",True,"Tue, 11 Feb 2020 00:22:41 GMT",567.0,10.466944444444444,0 days 10:28:01,0 days 08:20:13,Continuous fall of snowflakes,3,3-4
1068,5e571bacf9af8b7a2545875a,39,2020-02-10 17:13:53,2020-02-11 02:07:15,2020-02-10 19:21:29,5.946,2_39_95_27_2020-02-10 17:13:52.614563,2,CA-319,2-39-95-27,America/Los_Angeles,891.0,400.0,8.0,20.0,216.0,"Mon, 10 Feb 2020 17:13:58 GMT",True,"Mon, 10 Feb 2020 20:49:53 GMT",891.0,,,,,,,,,8.889444444444445,0 days 08:53:22,0 days 06:45:46,Continuous fall of snowflakes,2,2-3
1069,5e571bacf9af8b7a2545875b,39,2020-02-10 17:32:16,2020-02-11 01:07:09,2020-02-11 00:18:49,9.891,2_39_88_438_2020-02-10 17:32:16.016758,2,CA-502,2-39-88-438,America/Los_Angeles,1534.0,250.0,10.0,40.0,404.0,"Mon, 10 Feb 2020 17:33:29 GMT",True,"Tue, 11 Feb 2020 00:16:16 GMT",1534.0,,,,,,,,,7.581388888888889,0 days 07:34:53,0 days 00:48:20,Continuous fall of snowflakes,1,1-2
1070,5e571bacf9af8b7a2545875c,39,2020-02-10 17:36:51,2020-02-11 00:08:06,2020-02-10 19:21:28,4.375,2_39_127_19_2020-02-10 17:36:51.254035,2,CA-309,2-39-127-19,America/Los_Angeles,1912.0,400.0,20.0,50.0,392.0,"Mon, 10 Feb 2020 17:37:00 GMT",True,"Tue, 11 Feb 2020 00:08:51 GMT",1912.0,,,,,,,,,6.520833333333333,0 days 06:31:15,0 days 04:46:38,Continuous fall of snowflakes,0,0-1
1071,5e571bacf9af8b7a2545875d,39,2020-02-10 17:37:15,2020-02-11 01:24:44,2020-02-11 01:25:44,27.234,2_39_78_362_2020-02-10 17:37:14.863493,2,CA-496,2-39-78-362,America/Los_Angeles,2961.0,400.0,40.0,100.0,459.0,"Mon, 10 Feb 2020 17:38:12 GMT",True,"Tue, 11 Feb 2020 01:16:15 GMT",2961.0,,,,,,,,,7.791388888888889,0 days 07:47:29,-1 days +23:59:00,Continuous fall of snowflakes,1,1-2
1072,5e571bacf9af8b7a2545875e,39,2020-02-10 17:38:12,2020-02-11 01:14:59,2020-02-10 21:24:01,10.768,2_39_78_365_2020-02-10 17:38:12.166717,2,CA-321,2-39-78-365,America/Los_Angeles,677.0,325.0,19.5,60.0,366.0,"Mon, 10 Feb 2020 17:38:39 GMT",True,"Mon, 10 Feb 2020 23:44:12 GMT",677.0,325.0,19.5,60.0,71.0,"Mon, 10 Feb 2020 21:41:39 GMT",True,"Mon, 10 Feb 2020 18:49:12 GMT",677.0,7.6130555555555555,0 days 07:36:47,0 days 03:50:58,Continuous fall of snowflakes,1,1-2
1073,5e571bacf9af8b7a2545875f,39,2020-02-10 17:48:01,2020-02-10 21:06:30,2020-02-10 19:21:28,2.838,2_39_125_21_2020-02-10 17:48:01.179039,2,CA-311,2-39-125-21,America/Los_Angeles,1366.0,400.0,8.0,20.0,60.0,"Mon, 10 Feb 2020 17:48:31 GMT",True,"Mon, 10 Feb 2020 18:48:01 GMT",1366.0,,,,,,,,,3.3080555555555557,0 days 03:18:29,0 days 01:45:02,"Drizzle, not freezing, continuous",21,21-22
1074,5e571bacf9af8b7a25458760,39,2020-02-10 17:58:37,2020-02-10 19:07:03,,7.401,2_39_124_22_2020-02-10 17:58:37.170999,2,CA-312,2-39-124-22,America/Los_Angeles,1626.0,200.0,30.0,150.0,198.0,"Mon, 10 Feb 2020 17:59:15 GMT",True,"Mon, 10 Feb 2020 21:16:37 GMT",1626.0,,,,,,,,,1.1405555555555555,0 days 01:08:26,,"Drizzle, not freezing, continuous",19,19-20
1075,5e571bacf9af8b7a25458761,39,2020-02-10 18:04:58,2020-02-11 02:32:20,2020-02-11 02:32:15,3.348,2_39_79_380_2020-02-10 18:04:58.346535,2,CA-489,2-39-79-380,America/Los_Angeles,,,,,,,,,,,,,,,,,,8.456111111111111,0 days 08:27:22,0 days 00:00:05,Continuous fall of snowflakes,2,2-3
1076,5e571bacf9af8b7a25458762,39,2020-02-10 18:33:58,2020-02-11 03:09:48,2020-02-10 20:52:19,14.005,2_39_90_26_2020-02-10 18:33:57.613872,2,CA-316,2-39-90-26,America/Los_Angeles,558.0,400.0,32.0,80.0,60.0,"Mon, 10 Feb 2020 18:34:03 GMT",True,"Mon, 10 Feb 2020 19:33:58 GMT",558.0,,,,,,,,,8.597222222222221,0 days 08:35:50,0 days 06:17:29,Continuous fall of snowflakes,3,3-4
1077,5e571bacf9af8b7a25458763,39,2020-02-10 18:38:30,2020-02-11 02:18:38,2020-02-11 02:13:51,1.029,2_39_79_376_2020-02-10 18:38:29.999937,2,CA-324,2-39-79-376,America/Los_Angeles,,,,,,,,,,,,,,,,,,7.668888888888889,0 days 07:40:08,0 days 00:04:47,Continuous fall of snowflakes,2,2-3
1078,5e571bacf9af8b7a25458764,39,2020-02-10 18:57:58,2020-02-10 21:42:25,2020-02-10 19:45:37,4.133,2_39_123_23_2020-02-10 18:57:57.579174,2,CA-313,2-39-123-23,America/Los_Angeles,668.0,425.0,4.25,10.0,61.0,"Mon, 10 Feb 2020 18:58:18 GMT",True,"Mon, 10 Feb 2020 19:58:58 GMT",668.0,,,,,,,,,2.7408333333333332,0 days 02:44:27,0 days 01:56:48,"Drizzle, not freezing, continuous",21,21-22
1079,5e571bacf9af8b7a25458765,39,2020-02-10 19:07:24,2020-02-11 01:37:02,2020-02-11 01:36:59,15.896,2_39_78_360_2020-02-10 19:07:24.170487,2,CA-322,2-39-78-360,America/Los_Angeles,4947.0,380.0,19.0,50.0,367.0,"Mon, 10 Feb 2020 19:07:40 GMT",True,"Tue, 11 Feb 2020 01:14:24 GMT",4947.0,,,,,,,,,6.493888888888889,0 days 06:29:38,0 days 00:00:03,Continuous fall of snowflakes,1,1-2
1080,5e571bacf9af8b7a25458766,39,2020-02-10 19:09:42,2020-02-11 03:01:01,2020-02-10 20:50:23,5.123,2_39_126_20_2020-02-10 19:09:41.582432,2,CA-310,2-39-126-20,America/Los_Angeles,2170.0,400.0,28.0,70.0,417.0,"Mon, 10 Feb 2020 19:10:02 GMT",True,"Tue, 11 Feb 2020 02:06:42 GMT",2170.0,400.0,28.0,70.0,417.0,"Mon, 10 Feb 2020 19:10:39 GMT",True,"Tue, 11 Feb 2020 02:06:42 GMT",2170.0,7.855277777777777,0 days 07:51:19,0 days 06:10:38,Continuous fall of snowflakes,3,3-4
1081,5e571bacf9af8b7a25458767,39,2020-02-10 19:31:58,2020-02-11 01:14:23,2020-02-11 01:10:56,0.945,2_39_78_363_2020-02-10 19:31:58.332233,2,CA-320,2-39-78-363,America/Los_Angeles,,,,,,,,,,,,,,,,,,5.706944444444445,0 days 05:42:25,0 days 00:03:27,Continuous fall of snowflakes,1,1-2
1082,5e571bacf9af8b7a25458768,39,2020-02-10 19:54:57,2020-02-10 20:59:11,2020-02-10 20:23:27,1.813,2_39_130_31_2020-02-10 19:54:56.953633,2,CA-306,2-39-130-31,America/Los_Angeles,798.0,400.0,8.0,20.0,96.0,"Mon, 10 Feb 2020 19:55:17 GMT",True,"Mon, 10 Feb 2020 21:30:57 GMT",798.0,,,,,,,,,1.0705555555555555,0 days 01:04:14,0 days 00:35:44,"Drizzle, not freezing, continuous",20,20-21
1083,5e571bacf9af8b7a25458769,39,2020-02-10 20:21:26,2020-02-11 02:51:07,2020-02-10 22:18:41,6.355,2_39_92_436_2020-02-10 20:21:26.250726,2,CA-318,2-39-92-436,America/Los_Angeles,1124.0,400.0,8.0,20.0,60.0,"Mon, 10 Feb 2020 20:21:49 GMT",True,"Mon, 10 Feb 2020 21:21:26 GMT",1124.0,,,,,,,,,6.494722222222222,0 days 06:29:41,0 days 04:32:26,Continuous fall of snowflakes,2,2-3
1084,5e571bacf9af8b7a2545876a,39,2020-02-10 20:42:37,2020-02-11 01:03:10,2020-02-11 01:02:12,7.168,2_39_78_367_2020-02-10 20:42:36.961079,2,CA-494,2-39-78-367,America/Los_Angeles,2291.0,400.0,8.0,20.0,408.0,"Mon, 10 Feb 2020 20:48:13 GMT",True,"Tue, 11 Feb 2020 03:30:37 GMT",2291.0,,,,,,,,,4.3425,0 days 04:20:33,0 days 00:00:58,Continuous fall of snowflakes,1,1-2
1085,5e571bacf9af8b7a2545876b,39,2020-02-10 21:08:09,2020-02-11 03:01:22,2020-02-10 22:49:01,5.456,2_39_92_442_2020-02-10 21:08:08.513765,2,CA-498,2-39-92-442,America/Los_Angeles,515.0,400.0,12.0,30.0,62.0,"Mon, 10 Feb 2020 21:08:39 GMT",True,"Mon, 10 Feb 2020 22:10:09 GMT",515.0,,,,,,,,,5.8869444444444445,0 days 05:53:13,0 days 04:12:21,Continuous fall of snowflakes,3,3-4
1086,5e571bacf9af8b7a2545876c,39,2020-02-10 21:47:05,2020-02-11 04:49:12,2020-02-10 22:59:31,2.352,2_39_91_437_2020-02-10 21:47:04.963793,2,CA-317,2-39-91-437,America/Los_Angeles,1082.0,400.0,8.0,20.0,64.0,"Mon, 10 Feb 2020 21:48:02 GMT",True,"Mon, 10 Feb 2020 22:51:05 GMT",1082.0,,,,,,,,,7.035277777777778,0 days 07:02:07,0 days 05:49:41,Continuous fall of snowflakes,4,4-5
1087,5e571bacf9af8b7a2545876d,39,2020-02-10 21:53:55,2020-02-10 22:29:42,2020-02-10 22:24:10,0.839,2_39_123_23_2020-02-10 21:53:54.796728,2,CA-313,2-39-123-23,America/Los_Angeles,,,,,,,,,,,,,,,,,,0.5963888888888889,0 days 00:35:47,0 days 00:05:32,"Drizzle, not freezing, continuous",22,22-23
1088,5e571bacf9af8b7a2545876e,39,2020-02-10 22:41:24,2020-02-11 01:24:32,2020-02-10 23:28:20,4.295,2_39_123_23_2020-02-10 22:41:24.105080,2,CA-313,2-39-123-23,America/Los_Angeles,710.0,400.0,64.0,160.0,273.0,"Mon, 10 Feb 2020 22:41:38 GMT",True,"Tue, 11 Feb 2020 03:14:24 GMT",710.0,,,,,,,,,2.718888888888889,0 days 02:43:08,0 days 01:56:12,Continuous fall of snowflakes,1,1-2
1089,5e571bacf9af8b7a2545876f,39,2020-02-10 22:46:49,2020-02-11 00:04:23,2020-02-11 00:05:21,0.88,2_39_124_22_2020-02-10 22:46:49.239378,2,CA-312,2-39-124-22,America/Los_Angeles,,,,,,,,,,,,,,,,,,1.2927777777777778,0 days 01:17:34,-1 days +23:59:02,Continuous fall of snowflakes,0,0-1
1090,5e571bacf9af8b7a25458770,39,2020-02-11 00:04:27,2020-02-11 02:20:40,2020-02-11 00:35:26,0.877,2_39_124_22_2020-02-11 00:04:26.951817,2,CA-312,2-39-124-22,America/Los_Angeles,,,,,,,,,,,,,,,,,,2.270277777777778,0 days 02:16:13,0 days 01:45:14,Continuous fall of snowflakes,2,2-3
1091,5e571bacf9af8b7a25458771,39,2020-02-11 00:59:54,2020-02-11 03:07:55,2020-02-11 01:31:09,0.884,2_39_130_31_2020-02-11 00:59:54.153485,2,CA-306,2-39-130-31,America/Los_Angeles,,,,,,,,,,,,,,,,,,2.133611111111111,0 days 02:08:01,0 days 01:36:46,Continuous fall of snowflakes,3,3-4
1092,5e571bacf9af8b7a25458772,39,2020-02-11 05:46:22,2020-02-11 14:03:53,2020-02-11 12:10:46,41.061,2_39_139_28_2020-02-11 05:46:22.217437,2,CA-303,2-39-139-28,America/Los_Angeles,489.0,428.0,102.72,240.0,475.0,"Tue, 11 Feb 2020 05:46:51 GMT",True,"Tue, 11 Feb 2020 13:41:22 GMT",489.0,428.0,102.72,240.0,487.0,"Tue, 11 Feb 2020 05:47:02 GMT",True,"Tue, 11 Feb 2020 13:53:22 GMT",489.0,8.291944444444445,0 days 08:17:31,0 days 01:53:07,Continuous fall of snowflakes,14,14-15
1093,5e586d33f9af8b7dded9fe16,39,2020-02-11 15:43:17,2020-02-12 01:12:19,2020-02-11 18:13:45,8.077,2_39_131_30_2020-02-11 15:43:17.175716,2,CA-305,2-39-131-30,America/Los_Angeles,620.0,400.0,12.0,30.0,547.0,"Tue, 11 Feb 2020 15:43:31 GMT",True,"Wed, 12 Feb 2020 00:50:17 GMT",620.0,,,,,,,,,9.483888888888888,0 days 09:29:02,0 days 06:58:34,"Drizzle, not freezing, continuous",1,1-2
1094,5e586d33f9af8b7dded9fe17,39,2020-02-11 15:54:51,2020-02-12 00:55:55,2020-02-12 00:43:57,0.902,2_39_79_380_2020-02-11 15:54:50.950770,2,CA-489,2-39-79-380,America/Los_Angeles,,,,,,,,,,,,,,,,,,9.017777777777777,0 days 09:01:04,0 days 00:11:58,"Drizzle, not freezing, continuous",0,0-1
1095,5e586d33f9af8b7dded9fe18,39,2020-02-11 16:11:06,2020-02-12 01:35:26,2020-02-11 23:11:42,0.877,2_39_78_366_2020-02-11 16:11:05.854868,2,CA-323,2-39-78-366,America/Los_Angeles,,,,,,,,,,,,,,,,,,9.405555555555555,0 days 09:24:20,0 days 02:23:44,"Drizzle, not freezing, continuous",1,1-2
1096,5e586d33f9af8b7dded9fe19,39,2020-02-11 16:16:27,2020-02-11 22:46:18,2020-02-11 21:27:17,8.138,2_39_79_382_2020-02-11 16:16:26.783801,2,CA-491,2-39-79-382,America/Los_Angeles,4701.0,300.0,12.0,40.0,388.0,"Tue, 11 Feb 2020 16:55:29 GMT",True,"Tue, 11 Feb 2020 22:44:27 GMT",4701.0,,,,,,,,,6.4975,0 days 06:29:51,0 days 01:19:01,Continuous fall of snowflakes,22,22-23
1097,5e586d33f9af8b7dded9fe1a,39,2020-02-11 16:21:18,2020-02-12 00:11:02,2020-02-11 17:46:37,3.937,2_39_128_18_2020-02-11 16:21:18.047533,2,CA-308,2-39-128-18,America/Los_Angeles,1564.0,300.0,12.0,40.0,241.0,"Tue, 11 Feb 2020 16:21:23 GMT",True,"Tue, 11 Feb 2020 20:22:18 GMT",1564.0,,,,,,,,,7.828888888888889,0 days 07:49:44,0 days 06:24:25,"Drizzle, not freezing, continuous",0,0-1
1098,5e586d33f9af8b7dded9fe1b,39,2020-02-11 16:26:39,2020-02-12 01:14:08,2020-02-11 21:26:16,17.028,2_39_79_378_2020-02-11 16:26:38.910455,2,CA-326,2-39-79-378,America/Los_Angeles,832.0,400.0,20.0,50.0,523.0,"Tue, 11 Feb 2020 16:27:04 GMT",True,"Wed, 12 Feb 2020 01:09:39 GMT",832.0,,,,,,,,,8.79138888888889,0 days 08:47:29,0 days 03:47:52,"Drizzle, not freezing, continuous",1,1-2
1099,5e586d33f9af8b7dded9fe1c,39,2020-02-11 16:28:29,2020-02-12 01:44:03,2020-02-11 20:39:41,22.74,2_39_91_437_2020-02-11 16:28:28.673245,2,CA-317,2-39-91-437,America/Los_Angeles,431.0,300.0,27.0,90.0,219.0,"Tue, 11 Feb 2020 16:30:47 GMT",True,"Tue, 11 Feb 2020 20:07:29 GMT",431.0,,,,,,,,,9.259444444444444,0 days 09:15:34,0 days 05:04:22,"Drizzle, not freezing, continuous",1,1-2
1100,5e586d33f9af8b7dded9fe1d,39,2020-02-11 16:30:27,2020-02-12 01:42:20,2020-02-12 01:32:40,13.381,2_39_78_365_2020-02-11 16:30:27.414599,2,CA-321,2-39-78-365,America/Los_Angeles,945.0,400.0,32.0,80.0,62.0,"Tue, 11 Feb 2020 16:30:38 GMT",True,"Tue, 11 Feb 2020 17:32:27 GMT",945.0,,,,,,,,,9.198055555555555,0 days 09:11:53,0 days 00:09:40,"Drizzle, not freezing, continuous",1,1-2
1101,5e586d33f9af8b7dded9fe1e,39,2020-02-11 16:30:42,2020-02-11 22:06:50,2020-02-11 20:30:10,23.345,2_39_79_377_2020-02-11 16:30:42.314951,2,CA-325,2-39-79-377,America/Los_Angeles,1104.0,250.0,37.5,150.0,373.0,"Tue, 11 Feb 2020 16:31:30 GMT",True,"Tue, 11 Feb 2020 22:43:42 GMT",1104.0,,,,,,,,,5.602222222222222,0 days 05:36:08,0 days 01:36:40,Continuous fall of snowflakes,22,22-23
1102,5e586d33f9af8b7dded9fe1f,39,2020-02-11 16:31:17,2020-02-12 00:25:40,2020-02-12 00:03:35,24.821,2_39_78_367_2020-02-11 16:31:16.954503,2,CA-494,2-39-78-367,America/Los_Angeles,1470.0,292.0,29.2,100.0,301.0,"Tue, 11 Feb 2020 16:31:25 GMT",True,"Tue, 11 Feb 2020 21:32:17 GMT",1470.0,,,,,,,,,7.9063888888888885,0 days 07:54:23,0 days 00:22:05,"Drizzle, not freezing, continuous",0,0-1
1103,5e586d33f9af8b7dded9fe20,39,2020-02-11 16:35:36,2020-02-12 00:30:50,2020-02-11 17:21:22,2.864,2_39_79_376_2020-02-11 16:35:36.123235,2,CA-324,2-39-79-376,America/Los_Angeles,751.0,400.0,40.0,100.0,717.0,"Tue, 11 Feb 2020 16:35:49 GMT",True,"Wed, 12 Feb 2020 04:32:36 GMT",751.0,,,,,,,,,7.920555555555556,0 days 07:55:14,0 days 07:09:28,"Drizzle, not freezing, continuous",0,0-1
1104,5e586d33f9af8b7dded9fe21,39,2020-02-11 16:40:41,2020-02-12 01:27:37,2020-02-11 18:33:15,10.657,2_39_123_23_2020-02-11 16:40:36.097464,2,CA-313,2-39-123-23,America/Los_Angeles,1153.0,600.0,24.0,40.0,434.0,"Tue, 11 Feb 2020 16:40:40 GMT",True,"Tue, 11 Feb 2020 23:54:41 GMT",1153.0,,,,,,,,,8.782222222222222,0 days 08:46:56,0 days 06:54:22,"Drizzle, not freezing, continuous",1,1-2
1105,5e586d33f9af8b7dded9fe22,39,2020-02-11 16:47:24,2020-02-11 22:10:32,2020-02-11 21:49:55,0.747,2_39_125_21_2020-02-11 16:47:23.802836,2,CA-311,2-39-125-21,America/Los_Angeles,,,,,,,,,,,,,,,,,,5.385555555555555,0 days 05:23:08,0 days 00:20:37,Continuous fall of snowflakes,22,22-23
1106,5e586d33f9af8b7dded9fe23,39,2020-02-11 17:07:51,2020-02-12 02:07:39,2020-02-11 22:18:02,4.539,2_39_91_441_2020-02-11 17:07:50.751427,2,CA-499,2-39-91-441,America/Los_Angeles,564.0,231.0,4.62,20.0,537.0,"Tue, 11 Feb 2020 17:08:08 GMT",True,"Wed, 12 Feb 2020 02:04:51 GMT",564.0,,,,,,,,,8.996666666666666,0 days 08:59:48,0 days 03:49:37,"Drizzle, not freezing, continuous",2,2-3
1107,5e586d33f9af8b7dded9fe24,39,2020-02-11 17:08:23,2020-02-12 02:47:33,2020-02-11 18:20:22,3.783,2_39_89_25_2020-02-11 17:08:22.982084,2,CA-315,2-39-89-25,America/Los_Angeles,567.0,400.0,8.0,20.0,434.0,"Tue, 11 Feb 2020 17:08:35 GMT",True,"Wed, 12 Feb 2020 00:22:23 GMT",567.0,,,,,,,,,9.652777777777779,0 days 09:39:10,0 days 08:27:11,"Drizzle, not freezing, continuous",2,2-3
1108,5e586d33f9af8b7dded9fe25,39,2020-02-11 17:09:18,2020-02-12 01:38:27,2020-02-11 18:32:54,3.991,2_39_89_439_2020-02-11 17:09:17.760936,2,CA-501,2-39-89-439,America/Los_Angeles,743.0,400.0,8.0,20.0,522.0,"Tue, 11 Feb 2020 17:09:28 GMT",True,"Wed, 12 Feb 2020 01:51:18 GMT",743.0,,,,,,,,,8.485833333333334,0 days 08:29:09,0 days 07:05:33,"Drizzle, not freezing, continuous",1,1-2
1109,5e586d33f9af8b7dded9fe26,39,2020-02-11 17:09:54,2020-02-11 19:50:30,2020-02-11 19:51:30,0.926,2_39_78_360_2020-02-11 17:09:54.450237,2,CA-322,2-39-78-360,America/Los_Angeles,,,,,,,,,,,,,,,,,,2.6766666666666667,0 days 02:40:36,-1 days +23:59:00,Continuous fall of snowflakes,19,19-20
1110,5e586d33f9af8b7dded9fe27,39,2020-02-11 17:15:58,2020-02-12 03:10:40,2020-02-11 19:10:53,10.743,2_39_92_436_2020-02-11 17:15:57.917488,2,CA-318,2-39-92-436,America/Los_Angeles,558.0,400.0,24.0,60.0,60.0,"Tue, 11 Feb 2020 17:15:59 GMT",True,"Tue, 11 Feb 2020 18:15:58 GMT",558.0,,,,,,,,,9.911666666666667,0 days 09:54:42,0 days 07:59:47,"Drizzle, not freezing, continuous",3,3-4
1111,5e586d33f9af8b7dded9fe28,39,2020-02-11 17:23:56,2020-02-12 00:34:13,2020-02-12 00:35:12,24.807,2_39_78_362_2020-02-11 17:23:55.582030,2,CA-496,2-39-78-362,America/Los_Angeles,1137.0,400.0,40.0,100.0,398.0,"Tue, 11 Feb 2020 17:24:21 GMT",True,"Wed, 12 Feb 2020 00:01:56 GMT",1137.0,,,,,,,,,7.171388888888889,0 days 07:10:17,-1 days +23:59:01,"Drizzle, not freezing, continuous",0,0-1
1112,5e586d33f9af8b7dded9fe29,39,2020-02-11 17:29:26,2020-02-11 23:17:20,2020-02-11 20:05:36,12.612,2_39_92_442_2020-02-11 17:29:26.237918,2,CA-498,2-39-92-442,America/Los_Angeles,68.0,214.0,14.98,70.0,234.0,"Tue, 11 Feb 2020 17:29:40 GMT",True,"Tue, 11 Feb 2020 21:23:26 GMT",68.0,,,,,,,,,5.798333333333333,0 days 05:47:54,0 days 03:11:44,Continuous fall of snowflakes,23,23-24
1113,5e586d33f9af8b7dded9fe2a,39,2020-02-11 17:37:13,2020-02-11 21:54:32,2020-02-11 21:18:32,3.436,2_39_90_440_2020-02-11 17:37:12.945421,2,CA-500,2-39-90-440,America/Los_Angeles,2149.0,250.0,5.0,20.0,277.0,"Tue, 11 Feb 2020 17:37:32 GMT",True,"Tue, 11 Feb 2020 22:14:13 GMT",2149.0,,,,,,,,,4.288611111111111,0 days 04:17:19,0 days 00:36:00,Continuous fall of snowflakes,21,21-22
1114,5e586d33f9af8b7dded9fe2b,39,2020-02-11 17:45:16,2020-02-11 22:22:22,2020-02-11 22:18:56,0.917,2_39_88_24_2020-02-11 17:45:16.137770,2,CA-314,2-39-88-24,America/Los_Angeles,,,,,,,,,,,,,,,,,,4.618333333333333,0 days 04:37:06,0 days 00:03:26,Continuous fall of snowflakes,22,22-23
1115,5e586d33f9af8b7dded9fe2c,39,2020-02-11 17:48:14,2020-02-12 02:35:03,2020-02-11 20:13:30,15.549,2_39_90_26_2020-02-11 17:48:14.265042,2,CA-316,2-39-90-26,America/Los_Angeles,714.0,400.0,32.0,80.0,445.0,"Tue, 11 Feb 2020 17:48:23 GMT",True,"Wed, 12 Feb 2020 01:13:14 GMT",714.0,400.0,32.0,80.0,445.0,"Tue, 11 Feb 2020 17:48:37 GMT",True,"Wed, 12 Feb 2020 01:13:14 GMT",714.0,8.780277777777778,0 days 08:46:49,0 days 06:21:33,"Drizzle, not freezing, continuous",2,2-3
1116,5e586d33f9af8b7dded9fe2d,39,2020-02-11 18:05:29,2020-02-12 03:03:02,2020-02-11 20:53:12,12.029,2_39_124_22_2020-02-11 18:05:28.915506,2,CA-312,2-39-124-22,America/Los_Angeles,958.0,200.0,20.0,100.0,570.0,"Tue, 11 Feb 2020 18:07:36 GMT",True,"Wed, 12 Feb 2020 03:35:29 GMT",958.0,,,,,,,,,8.959166666666667,0 days 08:57:33,0 days 06:09:50,"Drizzle, not freezing, continuous",3,3-4
1117,5e586d33f9af8b7dded9fe2e,39,2020-02-11 20:06:33,2020-02-12 01:59:07,2020-02-12 00:03:34,24.72,2_39_129_17_2020-02-11 20:06:32.773176,2,CA-307,2-39-129-17,America/Los_Angeles,67.0,250.0,50.0,200.0,472.0,"Tue, 11 Feb 2020 20:06:45 GMT",True,"Wed, 12 Feb 2020 03:58:33 GMT",67.0,,,,,,,,,5.876111111111111,0 days 05:52:34,0 days 01:55:33,"Drizzle, not freezing, continuous",1,1-2
1118,5e586d33f9af8b7dded9fe2f,39,2020-02-11 20:24:53,2020-02-11 23:54:55,2020-02-11 21:31:44,1.87,2_39_139_28_2020-02-11 20:24:52.886053,2,CA-303,2-39-139-28,America/Los_Angeles,560.0,400.0,8.0,20.0,258.0,"Tue, 11 Feb 2020 20:25:13 GMT",True,"Wed, 12 Feb 2020 00:42:53 GMT",560.0,,,,,,,,,3.5005555555555556,0 days 03:30:02,0 days 02:23:11,Continuous fall of snowflakes,23,23-24
1119,5e586d33f9af8b7dded9fe30,39,2020-02-11 20:27:11,2020-02-12 02:47:55,2020-02-11 22:26:23,6.467,2_39_95_444_2020-02-11 20:27:10.965573,2,CA-497,2-39-95-444,America/Los_Angeles,1124.0,400.0,8.0,20.0,60.0,"Tue, 11 Feb 2020 20:27:32 GMT",True,"Tue, 11 Feb 2020 21:27:11 GMT",1124.0,,,,,,,,,6.345555555555555,0 days 06:20:44,0 days 04:21:32,"Drizzle, not freezing, continuous",2,2-3
1120,5e586d33f9af8b7dded9fe31,39,2020-02-11 21:07:17,2020-02-11 22:42:24,2020-02-11 22:17:57,0.927,2_39_126_20_2020-02-11 21:07:17.119948,2,CA-310,2-39-126-20,America/Los_Angeles,,,,,,,,,,,,,,,,,,1.5852777777777778,0 days 01:35:07,0 days 00:24:27,Continuous fall of snowflakes,22,22-23
1121,5e586d33f9af8b7dded9fe32,39,2020-02-11 21:27:51,2020-02-11 23:57:20,2020-02-11 23:42:05,6.003,2_39_130_564_2020-02-11 21:27:37.873532,2,CA-510,2-39-130-564,America/Los_Angeles,1093.0,333.0,6.66,20.0,62.0,"Tue, 11 Feb 2020 21:27:50 GMT",True,"Tue, 11 Feb 2020 22:29:51 GMT",1093.0,333.0,6.66,20.0,123.0,"Tue, 11 Feb 2020 21:28:53 GMT",True,"Tue, 11 Feb 2020 23:30:51 GMT",1093.0,2.491388888888889,0 days 02:29:29,0 days 00:15:15,Continuous fall of snowflakes,23,23-24
1122,5e586d33f9af8b7dded9fe33,39,2020-02-11 22:42:00,2020-02-12 05:29:08,2020-02-11 23:52:20,2.342,2_39_88_24_2020-02-11 22:41:59.958492,2,CA-314,2-39-88-24,America/Los_Angeles,1082.0,400.0,8.0,20.0,64.0,"Tue, 11 Feb 2020 22:43:11 GMT",True,"Tue, 11 Feb 2020 23:46:00 GMT",1082.0,,,,,,,,,6.785555555555556,0 days 06:47:08,0 days 05:36:48,"Drizzle, not freezing, continuous",5,5-6
1123,5e586d33f9af8b7dded9fe34,39,2020-02-11 22:47:14,2020-02-12 02:16:09,2020-02-12 02:16:04,6.472,2_39_79_377_2020-02-11 22:47:14.083456,2,CA-325,2-39-79-377,America/Los_Angeles,2149.0,250.0,15.0,60.0,277.0,"Tue, 11 Feb 2020 22:47:45 GMT",True,"Wed, 12 Feb 2020 03:24:14 GMT",2149.0,,,,,,,,,3.4819444444444443,0 days 03:28:55,0 days 00:00:05,"Drizzle, not freezing, continuous",2,2-3
1124,5e586d33f9af8b7dded9fe35,39,2020-02-11 23:05:33,2020-02-12 00:41:46,2020-02-12 00:41:41,10.586,2_39_79_382_2020-02-11 23:05:33.174366,2,CA-491,2-39-79-382,America/Los_Angeles,1039.0,400.0,80.0,200.0,327.0,"Tue, 11 Feb 2020 23:06:15 GMT",True,"Wed, 12 Feb 2020 04:32:33 GMT",1039.0,,,,,,,,,1.603611111111111,0 days 01:36:13,0 days 00:00:05,"Drizzle, not freezing, continuous",0,0-1
1125,5e586d33f9af8b7dded9fe36,39,2020-02-11 23:08:24,2020-02-12 02:53:25,2020-02-12 02:53:21,24.894,2_39_126_20_2020-02-11 23:08:23.890432,2,CA-310,2-39-126-20,America/Los_Angeles,3270.0,200.0,40.0,200.0,470.0,"Tue, 11 Feb 2020 23:08:34 GMT",True,"Wed, 12 Feb 2020 06:58:24 GMT",3270.0,,,,,,,,,3.750277777777778,0 days 03:45:01,0 days 00:00:04,"Drizzle, not freezing, continuous",2,2-3
1126,5e586d33f9af8b7dded9fe37,39,2020-02-11 23:19:39,2020-02-12 02:37:16,2020-02-12 01:31:50,6.445,2_39_125_21_2020-02-11 23:19:19.888207,2,CA-311,2-39-125-21,America/Los_Angeles,5594.0,360.0,7.2,20.0,207.0,"Tue, 11 Feb 2020 23:19:39 GMT",True,"Wed, 12 Feb 2020 02:46:39 GMT",5594.0,360.0,7.2,20.0,207.0,"Tue, 11 Feb 2020 23:28:29 GMT",True,"Wed, 12 Feb 2020 02:46:39 GMT",5594.0,3.2936111111111113,0 days 03:17:37,0 days 01:05:26,"Drizzle, not freezing, continuous",2,2-3
1127,5e586d33f9af8b7dded9fe38,39,2020-02-11 23:52:22,2020-02-12 01:57:56,2020-02-12 01:17:33,0.867,2_39_138_29_2020-02-11 23:52:22.049431,2,CA-304,2-39-138-29,America/Los_Angeles,,,,,,,,,,,,,,,,,,2.0927777777777776,0 days 02:05:34,0 days 00:40:23,"Drizzle, not freezing, continuous",1,1-2
1128,5e586d33f9af8b7dded9fe39,39,2020-02-12 00:28:58,2020-02-12 01:13:26,2020-02-12 01:13:21,2.389,2_39_128_18_2020-02-12 00:28:57.931202,2,CA-308,2-39-128-18,America/Los_Angeles,1366.0,400.0,8.0,20.0,60.0,"Wed, 12 Feb 2020 00:29:44 GMT",True,"Wed, 12 Feb 2020 01:28:58 GMT",1366.0,,,,,,,,,0.7411111111111112,0 days 00:44:28,0 days 00:00:05,"Drizzle, not freezing, continuous",1,1-2
1129,5e586d33f9af8b7dded9fe3a,39,2020-02-12 01:12:40,2020-02-12 01:34:01,2020-02-12 01:33:53,1.084,2_39_79_376_2020-02-12 01:12:40.387201,2,CA-324,2-39-79-376,America/Los_Angeles,5368.0,400.0,8.0,20.0,73.0,"Wed, 12 Feb 2020 01:16:38 GMT",True,"Wed, 12 Feb 2020 02:25:40 GMT",5368.0,,,,,,,,,0.35583333333333333,0 days 00:21:21,0 days 00:00:08,"Drizzle, not freezing, continuous",1,1-2
1130,5e586d33f9af8b7dded9fe3b,39,2020-02-12 01:18:53,2020-02-12 02:38:45,2020-02-12 02:38:40,4.378,2_39_128_18_2020-02-12 01:18:53.367373,2,CA-308,2-39-128-18,America/Los_Angeles,365.0,333.0,9.99,30.0,104.0,"Wed, 12 Feb 2020 01:19:17 GMT",True,"Wed, 12 Feb 2020 03:02:53 GMT",365.0,,,,,,,,,1.3311111111111111,0 days 01:19:52,0 days 00:00:05,"Drizzle, not freezing, continuous",2,2-3
1131,5e586d33f9af8b7dded9fe3c,39,2020-02-12 01:33:01,2020-02-12 04:41:46,2020-02-12 03:48:06,6.282,2_39_79_380_2020-02-12 01:32:44.691731,2,CA-489,2-39-79-380,America/Los_Angeles,1458.0,400.0,16.0,40.0,60.0,"Wed, 12 Feb 2020 01:33:00 GMT",True,"Wed, 12 Feb 2020 02:33:01 GMT",1458.0,,,,,,,,,3.1458333333333335,0 days 03:08:45,0 days 00:53:40,"Drizzle, not freezing, continuous",4,4-5
1132,5e586d33f9af8b7dded9fe3d,39,2020-02-12 02:55:52,2020-02-12 03:06:10,2020-02-12 03:06:02,1.106,2_39_139_28_2020-02-12 02:55:51.873687,2,CA-303,2-39-139-28,America/Los_Angeles,675.0,400.0,24.0,60.0,248.0,"Wed, 12 Feb 2020 02:55:52 GMT",True,"Wed, 12 Feb 2020 07:03:52 GMT",675.0,,,,,,,,,0.17166666666666666,0 days 00:10:18,0 days 00:00:08,"Drizzle, not freezing, continuous",3,3-4
1133,5e586d33f9af8b7dded9fe3e,39,2020-02-12 03:29:57,2020-02-12 04:35:06,2020-02-12 04:35:02,7.245,2_39_139_28_2020-02-12 03:29:57.347850,2,CA-303,2-39-139-28,America/Los_Angeles,675.0,400.0,24.0,60.0,248.0,"Wed, 12 Feb 2020 03:30:08 GMT",True,"Wed, 12 Feb 2020 07:37:57 GMT",675.0,,,,,,,,,1.0858333333333334,0 days 01:05:09,0 days 00:00:04,"Drizzle, not freezing, continuous",4,4-5
1134,5e586d33f9af8b7dded9fe3f,39,2020-02-12 04:25:05,2020-02-12 05:57:18,2020-02-12 05:57:09,5.115,2_39_131_30_2020-02-12 04:25:05.309014,2,CA-305,2-39-131-30,America/Los_Angeles,1263.0,400.0,12.0,30.0,115.0,"Wed, 12 Feb 2020 04:25:20 GMT",True,"Wed, 12 Feb 2020 06:20:05 GMT",1263.0,400.0,8.0,20.0,115.0,"Wed, 12 Feb 2020 04:25:54 GMT",True,"Wed, 12 Feb 2020 06:20:05 GMT",1263.0,1.5369444444444444,0 days 01:32:13,0 days 00:00:09,"Drizzle, not freezing, continuous",5,5-6
1135,5e59beb8f9af8b02edd8835b,39,2020-02-12 14:59:21,2020-02-13 23:13:50,2020-02-13 00:36:20,1.316,2_39_79_383_2020-02-12 14:59:20.929207,2,CA-492,2-39-79-383,America/Los_Angeles,,,,,,,,,,,,,,,,,,32.24138888888889,1 days 08:14:29,0 days 22:37:30,"Drizzle, not freezing, continuous",23,23-24
1136,5e59beb8f9af8b02edd8835c,39,2020-02-12 15:49:20,2020-02-12 18:10:51,2020-02-12 18:11:50,0.804,2_39_79_380_2020-02-12 15:49:20.173564,2,CA-489,2-39-79-380,America/Los_Angeles,,,,,,,,,,,,,,,,,,2.358611111111111,0 days 02:21:31,-1 days +23:59:01,"Drizzle, not freezing, continuous",18,18-19
1137,5e59beb8f9af8b02edd8835d,39,2020-02-12 15:50:42,2020-02-12 22:32:11,2020-02-12 17:16:19,2.805,2_39_79_382_2020-02-12 15:50:41.701742,2,CA-491,2-39-79-382,America/Los_Angeles,4701.0,300.0,12.0,40.0,388.0,"Wed, 12 Feb 2020 15:50:48 GMT",True,"Wed, 12 Feb 2020 22:18:42 GMT",4701.0,,,,,,,,,6.691388888888889,0 days 06:41:29,0 days 05:15:52,"Drizzle, not freezing, continuous",22,22-23
1138,5e59beb8f9af8b02edd8835e,39,2020-02-12 16:10:10,2020-02-13 01:54:38,2020-02-12 19:17:51,12.215,2_39_79_381_2020-02-12 16:10:09.661187,2,CA-490,2-39-79-381,America/Los_Angeles,1458.0,400.0,24.0,60.0,60.0,"Wed, 12 Feb 2020 16:12:07 GMT",True,"Wed, 12 Feb 2020 17:10:10 GMT",1458.0,400.0,24.0,60.0,60.0,"Wed, 12 Feb 2020 22:21:36 GMT",True,"Wed, 12 Feb 2020 17:10:10 GMT",1458.0,9.741111111111111,0 days 09:44:28,0 days 06:36:47,"Drizzle, not freezing, continuous",1,1-2
1139,5e59beb8f9af8b02edd8835f,39,2020-02-12 16:23:32,2020-02-13 06:20:41,2020-02-12 17:29:44,2.127,2_39_92_436_2020-02-12 16:23:32.470072,2,CA-318,2-39-92-436,America/Los_Angeles,324.0,444.0,8.88,20.0,221.0,"Wed, 12 Feb 2020 16:23:55 GMT",True,"Wed, 12 Feb 2020 20:04:32 GMT",324.0,,,,,,,,,13.9525,0 days 13:57:09,0 days 12:50:57,"Drizzle, not freezing, continuous",6,6-7
1140,5e59beb8f9af8b02edd88360,39,2020-02-12 16:28:05,2020-02-13 00:33:00,2020-02-12 22:43:29,15.393,2_39_78_364_2020-02-12 16:27:54.609926,2,CA-495,2-39-78-364,America/Los_Angeles,671.0,267.0,29.37,110.0,271.0,"Wed, 12 Feb 2020 16:28:04 GMT",True,"Wed, 12 Feb 2020 20:59:05 GMT",671.0,,,,,,,,,8.081944444444444,0 days 08:04:55,0 days 01:49:31,"Drizzle, not freezing, continuous",0,0-1
1141,5e59beb8f9af8b02edd88361,39,2020-02-12 16:30:07,2020-02-13 01:30:07,2020-02-13 00:58:27,11.966,2_39_131_30_2020-02-12 16:30:07.178832,2,CA-305,2-39-131-30,America/Los_Angeles,559.0,400.0,12.0,30.0,519.0,"Wed, 12 Feb 2020 16:30:16 GMT",True,"Thu, 13 Feb 2020 01:09:07 GMT",559.0,,,,,,,,,9.0,0 days 09:00:00,0 days 00:31:40,"Drizzle, not freezing, continuous",1,1-2
1142,5e59beb8f9af8b02edd88362,39,2020-02-12 16:30:57,2020-02-13 02:17:12,2020-02-12 17:50:46,4.404,2_39_126_560_2020-02-12 16:30:57.074166,2,CA-506,2-39-126-560,America/Los_Angeles,1534.0,250.0,10.0,40.0,404.0,"Wed, 12 Feb 2020 16:31:17 GMT",True,"Wed, 12 Feb 2020 23:14:57 GMT",1534.0,,,,,,,,,9.770833333333334,0 days 09:46:15,0 days 08:26:26,"Drizzle, not freezing, continuous",2,2-3
1143,5e59beb8f9af8b02edd88363,39,2020-02-12 16:34:11,2020-02-12 22:58:04,2020-02-12 18:46:47,12.876,2_39_92_442_2020-02-12 16:34:11.369379,2,CA-498,2-39-92-442,America/Los_Angeles,68.0,214.0,17.12,80.0,303.0,"Wed, 12 Feb 2020 16:34:22 GMT",True,"Wed, 12 Feb 2020 21:37:11 GMT",68.0,,,,,,,,,6.398055555555556,0 days 06:23:53,0 days 04:11:17,"Drizzle, not freezing, continuous",22,22-23
1144,5e59beb8f9af8b02edd88364,39,2020-02-12 16:36:54,2020-02-13 02:38:14,2020-02-12 19:35:04,9.479,2_39_125_21_2020-02-12 16:36:54.188421,2,CA-311,2-39-125-21,America/Los_Angeles,712.0,400.0,16.0,40.0,405.0,"Wed, 12 Feb 2020 16:37:06 GMT",True,"Wed, 12 Feb 2020 23:21:54 GMT",712.0,,,,,,,,,10.022222222222222,0 days 10:01:20,0 days 07:03:10,"Drizzle, not freezing, continuous",2,2-3
1145,5e59beb8f9af8b02edd88365,39,2020-02-12 16:37:10,2020-02-13 01:00:28,2020-02-12 17:01:55,0.852,2_39_127_19_2020-02-12 16:37:10.065586,2,CA-309,2-39-127-19,America/Los_Angeles,1366.0,400.0,8.0,20.0,60.0,"Wed, 12 Feb 2020 16:37:20 GMT",True,"Wed, 12 Feb 2020 17:37:10 GMT",1366.0,,,,,,,,,8.388333333333334,0 days 08:23:18,0 days 07:58:33,"Drizzle, not freezing, continuous",1,1-2
1146,5e59beb8f9af8b02edd88366,39,2020-02-12 16:38:07,2020-02-12 23:32:54,2020-02-12 23:33:51,10.859,2_39_78_362_2020-02-12 16:38:07.235138,2,CA-496,2-39-78-362,America/Los_Angeles,1470.0,292.0,29.2,100.0,301.0,"Wed, 12 Feb 2020 16:38:20 GMT",True,"Wed, 12 Feb 2020 21:39:07 GMT",1470.0,,,,,,,,,6.913055555555555,0 days 06:54:47,-1 days +23:59:03,"Drizzle, not freezing, continuous",23,23-24
1147,5e59beb8f9af8b02edd88367,39,2020-02-12 16:42:05,2020-02-13 02:40:40,2020-02-12 19:51:24,13.593,2_39_78_366_2020-02-12 16:42:04.911652,2,CA-323,2-39-78-366,America/Los_Angeles,945.0,400.0,32.0,80.0,62.0,"Wed, 12 Feb 2020 16:42:16 GMT",True,"Wed, 12 Feb 2020 17:44:05 GMT",945.0,,,,,,,,,9.97638888888889,0 days 09:58:35,0 days 06:49:16,"Drizzle, not freezing, continuous",2,2-3
1148,5e59beb8f9af8b02edd88368,39,2020-02-12 16:43:35,2020-02-13 01:49:49,2020-02-13 00:57:32,1.904,2_39_79_378_2020-02-12 16:43:34.740134,2,CA-326,2-39-79-378,America/Los_Angeles,,,,,,,,,,,,,,,,,,9.10388888888889,0 days 09:06:14,0 days 00:52:17,"Drizzle, not freezing, continuous",1,1-2
1149,5e59beb8f9af8b02edd88369,39,2020-02-12 16:55:21,2020-02-13 00:40:36,2020-02-12 20:48:45,23.598,2_39_79_376_2020-02-12 16:55:20.766885,2,CA-324,2-39-79-376,America/Los_Angeles,1104.0,250.0,37.5,150.0,373.0,"Wed, 12 Feb 2020 16:55:31 GMT",True,"Wed, 12 Feb 2020 23:08:21 GMT",1104.0,,,,,,,,,7.754166666666666,0 days 07:45:15,0 days 03:51:51,"Drizzle, not freezing, continuous",0,0-1
1150,5e59beb8f9af8b02edd8836a,39,2020-02-12 17:08:45,2020-02-13 00:38:23,2020-02-12 19:17:01,6.513,2_39_78_365_2020-02-12 17:08:27.156551,2,CA-321,2-39-78-365,America/Los_Angeles,5368.0,400.0,8.0,20.0,73.0,"Wed, 12 Feb 2020 17:08:45 GMT",True,"Wed, 12 Feb 2020 18:21:45 GMT",5368.0,,,,,,,,,7.493888888888889,0 days 07:29:38,0 days 05:21:22,"Drizzle, not freezing, continuous",0,0-1
1151,5e59beb8f9af8b02edd8836b,39,2020-02-12 17:10:05,2020-02-13 01:03:33,2020-02-12 19:51:11,8.21,2_39_89_25_2020-02-12 17:10:05.060011,2,CA-315,2-39-89-25,America/Los_Angeles,1364.0,400.0,28.0,70.0,182.0,"Wed, 12 Feb 2020 17:10:12 GMT",True,"Wed, 12 Feb 2020 20:12:05 GMT",1364.0,,,,,,,,,7.891111111111111,0 days 07:53:28,0 days 05:12:22,"Drizzle, not freezing, continuous",1,1-2
1152,5e59beb8f9af8b02edd8836c,39,2020-02-12 17:11:12,2020-02-12 20:42:06,2020-02-12 17:55:35,4.345,2_39_124_22_2020-02-12 17:11:12.189970,2,CA-312,2-39-124-22,America/Los_Angeles,1912.0,400.0,20.0,50.0,392.0,"Wed, 12 Feb 2020 17:11:26 GMT",True,"Wed, 12 Feb 2020 23:43:12 GMT",1912.0,,,,,,,,,3.515,0 days 03:30:54,0 days 02:46:31,"Drizzle, not freezing, continuous",20,20-21
1153,5e59beb8f9af8b02edd8836d,39,2020-02-12 17:13:38,2020-02-12 20:03:42,2020-02-12 19:54:36,4.496,2_39_78_367_2020-02-12 17:13:38.348492,2,CA-494,2-39-78-367,America/Los_Angeles,564.0,231.0,4.62,20.0,537.0,"Wed, 12 Feb 2020 17:13:52 GMT",True,"Thu, 13 Feb 2020 02:10:38 GMT",564.0,,,,,,,,,2.8344444444444443,0 days 02:50:04,0 days 00:09:06,"Drizzle, not freezing, continuous",20,20-21
1154,5e59beb8f9af8b02edd8836e,39,2020-02-12 17:13:51,2020-02-13 05:04:49,2020-02-12 18:40:52,4.092,2_39_89_439_2020-02-12 17:13:50.571667,2,CA-501,2-39-89-439,America/Los_Angeles,743.0,400.0,8.0,20.0,522.0,"Wed, 12 Feb 2020 17:14:01 GMT",True,"Thu, 13 Feb 2020 01:55:51 GMT",743.0,,,,,,,,,11.849444444444444,0 days 11:50:58,0 days 10:23:57,"Drizzle, not freezing, continuous",5,5-6
1155,5e59beb8f9af8b02edd8836f,39,2020-02-12 17:13:55,2020-02-13 03:09:57,2020-02-12 18:33:12,4.11,2_39_123_23_2020-02-12 17:13:55.181164,2,CA-313,2-39-123-23,America/Los_Angeles,567.0,400.0,8.0,20.0,434.0,"Wed, 12 Feb 2020 17:14:36 GMT",True,"Thu, 13 Feb 2020 00:27:55 GMT",567.0,400.0,8.0,20.0,434.0,"Wed, 12 Feb 2020 17:14:48 GMT",True,"Thu, 13 Feb 2020 00:27:55 GMT",567.0,9.93388888888889,0 days 09:56:02,0 days 08:36:45,"Drizzle, not freezing, continuous",3,3-4
1156,5e59beb8f9af8b02edd88370,39,2020-02-12 17:24:34,2020-02-12 23:54:47,2020-02-12 22:50:28,15.799,2_39_78_360_2020-02-12 17:24:33.775021,2,CA-322,2-39-78-360,America/Los_Angeles,3853.0,360.0,25.2,70.0,523.0,"Wed, 12 Feb 2020 17:24:46 GMT",True,"Thu, 13 Feb 2020 02:07:34 GMT",3853.0,,,,,,,,,6.503611111111111,0 days 06:30:13,0 days 01:04:19,"Drizzle, not freezing, continuous",23,23-24
1157,5e59beb8f9af8b02edd88371,39,2020-02-12 17:29:34,2020-02-12 23:48:44,2020-02-12 22:41:28,0.969,2_39_95_27_2020-02-12 17:29:34.180877,2,CA-319,2-39-95-27,America/Los_Angeles,,,,,,,,,,,,,,,,,,6.319444444444445,0 days 06:19:10,0 days 01:07:16,"Drizzle, not freezing, continuous",23,23-24
1158,5e59beb8f9af8b02edd88372,39,2020-02-12 17:33:15,2020-02-13 02:56:13,2020-02-13 02:56:12,8.762,2_39_78_363_2020-02-12 17:33:14.663229,2,CA-320,2-39-78-363,America/Los_Angeles,714.0,400.0,32.0,80.0,445.0,"Wed, 12 Feb 2020 17:33:50 GMT",True,"Thu, 13 Feb 2020 00:58:15 GMT",714.0,,,,,,,,,9.382777777777777,0 days 09:22:58,0 days 00:00:01,"Drizzle, not freezing, continuous",2,2-3
1159,5e59beb8f9af8b02edd88373,39,2020-02-12 17:44:50,2020-02-13 01:56:54,2020-02-12 19:45:36,5.899,2_39_90_440_2020-02-12 17:44:50.069091,2,CA-500,2-39-90-440,America/Los_Angeles,1222.0,400.0,8.0,20.0,72.0,"Wed, 12 Feb 2020 17:46:16 GMT",True,"Wed, 12 Feb 2020 18:56:50 GMT",1222.0,,,,,,,,,8.20111111111111,0 days 08:12:04,0 days 06:11:18,"Drizzle, not freezing, continuous",1,1-2
1160,5e59beb8f9af8b02edd88374,39,2020-02-12 17:45:40,2020-02-13 04:30:13,2020-02-12 19:42:17,11.631,2_39_91_437_2020-02-12 17:45:39.813683,2,CA-317,2-39-91-437,America/Los_Angeles,558.0,400.0,28.0,70.0,60.0,"Wed, 12 Feb 2020 17:45:42 GMT",True,"Wed, 12 Feb 2020 18:45:40 GMT",558.0,,,,,,,,,10.7425,0 days 10:44:33,0 days 08:47:56,"Drizzle, not freezing, continuous",4,4-5
1161,5e59beb8f9af8b02edd88375,39,2020-02-12 18:03:14,2020-02-13 00:25:27,2020-02-12 18:38:36,2.183,2_39_90_26_2020-02-12 18:03:13.736250,2,CA-316,2-39-90-26,America/Los_Angeles,751.0,400.0,40.0,100.0,717.0,"Wed, 12 Feb 2020 18:03:28 GMT",True,"Thu, 13 Feb 2020 06:00:14 GMT",751.0,400.0,40.0,100.0,717.0,"Wed, 12 Feb 2020 18:03:38 GMT",True,"Thu, 13 Feb 2020 06:00:14 GMT",751.0,6.370277777777778,0 days 06:22:13,0 days 05:46:51,"Drizzle, not freezing, continuous",0,0-1
1162,5e59beb8f9af8b02edd88376,39,2020-02-12 18:11:27,2020-02-12 21:35:55,2020-02-12 18:42:22,0.786,2_39_79_380_2020-02-12 18:11:27.163776,2,CA-489,2-39-79-380,America/Los_Angeles,,,,,,,,,,,,,,,,,,3.4077777777777776,0 days 03:24:28,0 days 02:53:33,"Drizzle, not freezing, continuous",21,21-22
1163,5e59beb8f9af8b02edd88377,39,2020-02-12 18:18:33,2020-02-12 22:44:10,2020-02-12 19:53:03,9.696,2_39_88_24_2020-02-12 18:18:33.492818,2,CA-314,2-39-88-24,America/Los_Angeles,1087.0,400.0,32.0,80.0,311.0,"Wed, 12 Feb 2020 18:18:39 GMT",True,"Wed, 12 Feb 2020 23:29:33 GMT",1087.0,,,,,,,,,4.426944444444445,0 days 04:25:37,0 days 02:51:07,"Drizzle, not freezing, continuous",22,22-23
1164,5e59beb8f9af8b02edd88378,39,2020-02-12 18:24:37,2020-02-13 01:32:32,2020-02-12 19:50:39,9.063,2_39_126_20_2020-02-12 18:24:37.254523,2,CA-310,2-39-126-20,America/Los_Angeles,2961.0,400.0,40.0,100.0,459.0,"Wed, 12 Feb 2020 18:24:46 GMT",True,"Thu, 13 Feb 2020 02:03:37 GMT",2961.0,,,,,,,,,7.131944444444445,0 days 07:07:55,0 days 05:41:53,"Drizzle, not freezing, continuous",1,1-2
1165,5e59beb8f9af8b02edd88379,39,2020-02-12 18:54:02,2020-02-13 02:53:49,2020-02-12 21:07:33,6.566,2_39_123_557_2020-02-12 18:54:02.394450,2,CA-503,2-39-123-557,America/Los_Angeles,2170.0,400.0,28.0,70.0,417.0,"Wed, 12 Feb 2020 18:54:33 GMT",True,"Thu, 13 Feb 2020 01:51:02 GMT",2170.0,,,,,,,,,7.996388888888889,0 days 07:59:47,0 days 05:46:16,"Drizzle, not freezing, continuous",2,2-3
1166,5e59beb8f9af8b02edd8837a,39,2020-02-12 19:19:42,2020-02-13 04:27:51,2020-02-12 20:37:00,2.522,2_39_128_562_2020-02-12 19:19:42.454745,2,CA-508,2-39-128-562,America/Los_Angeles,1082.0,400.0,8.0,20.0,64.0,"Wed, 12 Feb 2020 19:20:12 GMT",True,"Wed, 12 Feb 2020 20:23:42 GMT",1082.0,,,,,,,,,9.135833333333334,0 days 09:08:09,0 days 07:50:51,"Drizzle, not freezing, continuous",4,4-5
1167,5e59beb8f9af8b02edd8837b,39,2020-02-12 20:21:18,2020-02-13 02:06:46,2020-02-13 01:29:50,0.882,2_39_78_367_2020-02-12 20:21:17.670106,2,CA-494,2-39-78-367,America/Los_Angeles,,,,,,,,,,,,,,,,,,5.757777777777778,0 days 05:45:28,0 days 00:36:56,"Drizzle, not freezing, continuous",2,2-3
1168,5e59beb8f9af8b02edd8837c,39,2020-02-12 20:47:52,2020-02-13 01:26:09,2020-02-12 22:29:56,4.782,2_39_124_22_2020-02-12 20:47:52.331068,2,CA-312,2-39-124-22,America/Los_Angeles,891.0,400.0,8.0,20.0,216.0,"Wed, 12 Feb 2020 20:48:52 GMT",True,"Thu, 13 Feb 2020 00:23:52 GMT",891.0,,,,,,,,,4.638055555555556,0 days 04:38:17,0 days 02:56:13,"Drizzle, not freezing, continuous",1,1-2
1169,5e59beb8f9af8b02edd8837d,39,2020-02-12 21:59:25,2020-02-13 01:07:19,2020-02-13 00:59:06,0.771,2_39_79_380_2020-02-12 21:59:24.922537,2,CA-489,2-39-79-380,America/Los_Angeles,,,,,,,,,,,,,,,,,,3.131666666666667,0 days 03:07:54,0 days 00:08:13,"Drizzle, not freezing, continuous",1,1-2
1170,5e59beb8f9af8b02edd8837e,39,2020-02-12 23:09:18,2020-02-13 00:02:42,2020-02-12 23:56:08,4.126,2_39_92_442_2020-02-12 23:09:18.356332,2,CA-498,2-39-92-442,America/Los_Angeles,668.0,425.0,4.25,10.0,61.0,"Wed, 12 Feb 2020 23:09:25 GMT",True,"Thu, 13 Feb 2020 00:10:18 GMT",668.0,,,,,,,,,0.89,0 days 00:53:24,0 days 00:06:34,"Drizzle, not freezing, continuous",0,0-1
1171,5e59beb8f9af8b02edd8837f,39,2020-02-12 23:38:48,2020-02-13 01:59:06,2020-02-13 01:59:01,15.603,2_39_88_24_2020-02-12 23:38:48.486559,2,CA-314,2-39-88-24,America/Los_Angeles,3270.0,200.0,40.0,200.0,470.0,"Wed, 12 Feb 2020 23:39:42 GMT",True,"Thu, 13 Feb 2020 07:28:48 GMT",3270.0,,,,,,,,,2.3383333333333334,0 days 02:20:18,0 days 00:00:05,"Drizzle, not freezing, continuous",1,1-2
1172,5e59beb8f9af8b02edd88380,39,2020-02-12 23:54:31,2020-02-13 01:24:21,2020-02-13 01:24:13,4.84,2_39_95_27_2020-02-12 23:54:30.613515,2,CA-319,2-39-95-27,America/Los_Angeles,1920.0,450.0,13.5,30.0,154.0,"Wed, 12 Feb 2020 23:54:59 GMT",True,"Thu, 13 Feb 2020 02:28:31 GMT",1920.0,,,,,,,,,1.4972222222222222,0 days 01:29:50,0 days 00:00:08,"Drizzle, not freezing, continuous",1,1-2
1173,5e59beb8f9af8b02edd88381,39,2020-02-12 23:56:44,2020-02-13 01:07:58,2020-02-13 01:07:55,5.882,2_39_78_360_2020-02-12 23:56:44.068783,2,CA-322,2-39-78-360,America/Los_Angeles,5855.0,400.0,20.0,50.0,73.0,"Wed, 12 Feb 2020 23:58:29 GMT",True,"Thu, 13 Feb 2020 01:09:44 GMT",5855.0,,,,,,,,,1.1872222222222222,0 days 01:11:14,0 days 00:00:03,"Drizzle, not freezing, continuous",1,1-2
1174,5e59beb8f9af8b02edd88382,39,2020-02-13 01:11:14,2020-02-13 01:33:28,2020-02-13 01:32:59,1.181,2_39_78_360_2020-02-13 01:11:13.722691,2,CA-322,2-39-78-360,America/Los_Angeles,5368.0,400.0,8.0,20.0,73.0,"Thu, 13 Feb 2020 01:14:36 GMT",True,"Thu, 13 Feb 2020 02:24:14 GMT",5368.0,,,,,,,,,0.3705555555555556,0 days 00:22:14,0 days 00:00:29,"Drizzle, not freezing, continuous",1,1-2
1175,5e59beb8f9af8b02edd88383,39,2020-02-13 02:46:34,2020-02-13 04:34:52,2020-02-13 04:32:37,6.676,2_39_131_30_2020-02-13 02:46:33.932548,2,CA-305,2-39-131-30,America/Los_Angeles,1564.0,300.0,12.0,40.0,152.0,"Thu, 13 Feb 2020 02:46:49 GMT",True,"Thu, 13 Feb 2020 05:18:34 GMT",1564.0,,,,,,,,,1.805,0 days 01:48:18,0 days 00:02:15,"Drizzle, not freezing, continuous",4,4-5
1176,5e5b1034f9af8b06c4b621e0,39,2020-02-13 15:43:55,2020-02-13 22:57:08,2020-02-13 19:12:38,13.374,2_39_79_380_2020-02-13 15:43:41.066672,2,CA-489,2-39-79-380,America/Los_Angeles,1458.0,400.0,24.0,60.0,60.0,"Thu, 13 Feb 2020 15:43:55 GMT",True,"Thu, 13 Feb 2020 16:43:55 GMT",1458.0,400.0,24.0,60.0,60.0,"Thu, 13 Feb 2020 22:56:48 GMT",True,"Thu, 13 Feb 2020 16:43:55 GMT",1458.0,7.220277777777778,0 days 07:13:13,0 days 03:44:30,"Drizzle, not freezing, continuous",22,22-23
1177,5e5b1034f9af8b06c4b621e1,39,2020-02-13 15:50:28,2020-02-13 23:00:28,2020-02-13 17:24:31,3.307,2_39_79_382_2020-02-13 15:50:28.419694,2,CA-491,2-39-79-382,America/Los_Angeles,4701.0,300.0,12.0,40.0,388.0,"Thu, 13 Feb 2020 15:50:55 GMT",True,"Thu, 13 Feb 2020 22:18:28 GMT",4701.0,,,,,,,,,7.166666666666667,0 days 07:10:00,0 days 05:35:57,"Drizzle, not freezing, continuous",23,23-24
1178,5e5b1034f9af8b06c4b621e2,39,2020-02-13 15:54:27,2020-02-13 21:20:12,2020-02-13 20:19:39,0.812,2_39_79_381_2020-02-13 15:54:26.838423,2,CA-490,2-39-79-381,America/Los_Angeles,,,,,,,,,,,,,,,,,,5.429166666666666,0 days 05:25:45,0 days 01:00:33,"Drizzle, not freezing, continuous",21,21-22
1179,5e5b1034f9af8b06c4b621e3,39,2020-02-13 16:12:28,2020-02-14 02:37:07,2020-02-13 17:29:22,3.732,2_39_79_377_2020-02-13 16:12:27.800879,2,CA-325,2-39-79-377,America/Los_Angeles,2170.0,400.0,28.0,70.0,417.0,"Thu, 13 Feb 2020 16:12:44 GMT",True,"Thu, 13 Feb 2020 23:09:28 GMT",2170.0,,,,,,,,,10.410833333333333,0 days 10:24:39,0 days 09:07:45,"Drizzle, not freezing, continuous",2,2-3
1180,5e5b1034f9af8b06c4b621e4,39,2020-02-13 16:15:52,2020-02-13 23:28:57,2020-02-13 23:05:35,6.203,2_39_78_363_2020-02-13 16:15:48.725497,2,CA-320,2-39-78-363,America/Los_Angeles,4947.0,380.0,7.6,20.0,751.0,"Thu, 13 Feb 2020 16:15:52 GMT",True,"Fri, 14 Feb 2020 04:46:52 GMT",4947.0,,,,,,,,,7.218055555555556,0 days 07:13:05,0 days 00:23:22,"Drizzle, not freezing, continuous",23,23-24
1181,5e5b1034f9af8b06c4b621e5,39,2020-02-13 16:18:29,2020-02-13 17:09:43,2020-02-13 17:09:39,5.563,2_39_78_366_2020-02-13 16:18:28.883733,2,CA-323,2-39-78-366,America/Los_Angeles,3853.0,360.0,18.0,50.0,523.0,"Thu, 13 Feb 2020 16:18:47 GMT",True,"Fri, 14 Feb 2020 01:01:29 GMT",3853.0,,,,,,,,,0.8538888888888889,0 days 00:51:14,0 days 00:00:04,"Drizzle, not freezing, continuous",17,17-18
1182,5e5b1034f9af8b06c4b621e6,39,2020-02-13 16:25:16,2020-02-14 02:47:26,2020-02-14 02:27:51,1.041,2_39_79_379_2020-02-13 16:25:16.372695,2,CA-327,2-39-79-379,America/Los_Angeles,,,,,,,,,,,,,,,,,,10.369444444444444,0 days 10:22:10,0 days 00:19:35,"Drizzle, not freezing, continuous",2,2-3
1183,5e5b1034f9af8b06c4b621e7,39,2020-02-13 16:28:43,2020-02-14 01:21:38,2020-02-13 18:14:04,11.341,2_39_92_442_2020-02-13 16:28:43.388794,2,CA-498,2-39-92-442,America/Los_Angeles,1470.0,292.0,29.2,100.0,301.0,"Thu, 13 Feb 2020 16:28:58 GMT",True,"Thu, 13 Feb 2020 21:29:43 GMT",1470.0,,,,,,,,,8.881944444444445,0 days 08:52:55,0 days 07:07:34,"Drizzle, not freezing, continuous",1,1-2
1184,5e5b1034f9af8b06c4b621e8,39,2020-02-13 16:41:33,2020-02-13 21:55:33,2020-02-13 18:00:28,3.358,2_39_131_30_2020-02-13 16:41:32.695926,2,CA-305,2-39-131-30,America/Los_Angeles,1366.0,400.0,8.0,20.0,60.0,"Thu, 13 Feb 2020 16:41:53 GMT",True,"Thu, 13 Feb 2020 17:41:33 GMT",1366.0,,,,,,,,,5.233333333333333,0 days 05:14:00,0 days 03:55:05,"Drizzle, not freezing, continuous",21,21-22
1185,5e5b1034f9af8b06c4b621e9,39,2020-02-13 16:41:51,2020-02-14 00:52:21,2020-02-13 21:06:04,23.815,2_39_79_378_2020-02-13 16:41:51.408795,2,CA-326,2-39-79-378,America/Los_Angeles,1104.0,250.0,25.0,100.0,373.0,"Thu, 13 Feb 2020 16:42:53 GMT",True,"Thu, 13 Feb 2020 22:54:51 GMT",1104.0,,,,,,,,,8.175,0 days 08:10:30,0 days 03:46:17,"Drizzle, not freezing, continuous",0,0-1
1186,5e5b1034f9af8b06c4b621ea,39,2020-02-13 16:43:39,2020-02-14 01:04:26,2020-02-13 19:21:40,5.488,2_39_79_376_2020-02-13 16:43:38.533190,2,CA-324,2-39-79-376,America/Los_Angeles,1864.0,400.0,12.0,30.0,496.0,"Thu, 13 Feb 2020 16:43:46 GMT",True,"Fri, 14 Feb 2020 00:59:39 GMT",1864.0,,,,,,,,,8.346388888888889,0 days 08:20:47,0 days 05:42:46,"Drizzle, not freezing, continuous",1,1-2
1187,5e5b1034f9af8b06c4b621eb,39,2020-02-13 16:45:06,2020-02-14 00:56:57,2020-02-13 18:33:00,9.742,2_39_91_437_2020-02-13 16:45:05.604631,2,CA-317,2-39-91-437,America/Los_Angeles,431.0,300.0,18.0,60.0,219.0,"Thu, 13 Feb 2020 16:45:23 GMT",True,"Thu, 13 Feb 2020 20:24:06 GMT",431.0,,,,,,,,,8.1975,0 days 08:11:51,0 days 06:23:57,"Drizzle, not freezing, continuous",0,0-1
1188,5e5b1034f9af8b06c4b621ec,39,2020-02-13 16:49:43,2020-02-14 02:30:28,2020-02-13 18:13:44,4.618,2_39_127_19_2020-02-13 16:49:43.435580,2,CA-309,2-39-127-19,America/Los_Angeles,712.0,400.0,16.0,40.0,405.0,"Thu, 13 Feb 2020 16:49:47 GMT",True,"Thu, 13 Feb 2020 23:34:43 GMT",712.0,,,,,,,,,9.679166666666667,0 days 09:40:45,0 days 08:16:44,"Drizzle, not freezing, continuous",2,2-3
1189,5e5b1034f9af8b06c4b621ed,39,2020-02-13 16:54:40,2020-02-14 01:08:46,2020-02-13 20:30:56,8.517,2_39_126_20_2020-02-13 16:54:39.985454,2,CA-310,2-39-126-20,America/Los_Angeles,620.0,400.0,12.0,30.0,483.0,"Thu, 13 Feb 2020 16:54:54 GMT",True,"Fri, 14 Feb 2020 00:57:40 GMT",620.0,,,,,,,,,8.235,0 days 08:14:06,0 days 04:37:50,"Drizzle, not freezing, continuous",1,1-2
1190,5e5b1034f9af8b06c4b621ee,39,2020-02-13 16:55:57,2020-02-14 00:32:31,2020-02-13 20:35:23,16.717,2_39_78_365_2020-02-13 16:55:57.220591,2,CA-321,2-39-78-365,America/Los_Angeles,1137.0,400.0,40.0,100.0,420.0,"Thu, 13 Feb 2020 16:56:55 GMT",True,"Thu, 13 Feb 2020 23:55:57 GMT",1137.0,,,,,,,,,7.609444444444445,0 days 07:36:34,0 days 03:57:08,"Drizzle, not freezing, continuous",0,0-1
1191,5e5b1034f9af8b06c4b621ef,39,2020-02-13 16:59:58,2020-02-13 21:15:00,2020-02-13 21:14:56,14.489,2_39_90_440_2020-02-13 16:59:51.947743,2,CA-500,2-39-90-440,America/Los_Angeles,3556.0,500.0,40.0,80.0,599.0,"Thu, 13 Feb 2020 16:59:58 GMT",True,"Fri, 14 Feb 2020 02:58:58 GMT",3556.0,,,,,,,,,4.250555555555556,0 days 04:15:02,0 days 00:00:04,"Drizzle, not freezing, continuous",21,21-22
1192,5e5b1034f9af8b06c4b621f0,39,2020-02-13 17:09:52,2020-02-14 01:25:33,2020-02-13 19:04:24,5.832,2_39_95_27_2020-02-13 17:09:52.034364,2,CA-319,2-39-95-27,America/Los_Angeles,5368.0,400.0,8.0,20.0,73.0,"Thu, 13 Feb 2020 17:12:50 GMT",True,"Thu, 13 Feb 2020 18:22:52 GMT",5368.0,,,,,,,,,8.261388888888888,0 days 08:15:41,0 days 06:21:09,"Drizzle, not freezing, continuous",1,1-2
1193,5e5b1034f9af8b06c4b621f1,39,2020-02-13 17:10:03,2020-02-14 03:14:06,2020-02-13 19:07:32,11.788,2_39_88_438_2020-02-13 17:10:02.684299,2,CA-502,2-39-88-438,America/Los_Angeles,558.0,400.0,32.0,80.0,60.0,"Thu, 13 Feb 2020 17:10:17 GMT",True,"Thu, 13 Feb 2020 18:10:03 GMT",558.0,,,,,,,,,10.0675,0 days 10:04:03,0 days 08:06:34,"Drizzle, not freezing, continuous",3,3-4
1194,5e5b1034f9af8b06c4b621f2,39,2020-02-13 17:12:38,2020-02-14 01:46:18,2020-02-13 19:02:03,4.233,2_39_89_25_2020-02-13 17:12:38.063931,2,CA-315,2-39-89-25,America/Los_Angeles,743.0,400.0,8.0,20.0,522.0,"Thu, 13 Feb 2020 17:12:48 GMT",True,"Fri, 14 Feb 2020 01:54:38 GMT",743.0,,,,,,,,,8.561111111111112,0 days 08:33:40,0 days 06:44:15,"Drizzle, not freezing, continuous",1,1-2
1195,5e5b1034f9af8b06c4b621f3,39,2020-02-13 17:35:27,2020-02-14 00:50:20,2020-02-13 20:34:42,17.273,2_39_78_366_2020-02-13 17:35:26.591558,2,CA-323,2-39-78-366,America/Los_Angeles,832.0,400.0,24.0,60.0,446.0,"Thu, 13 Feb 2020 17:35:54 GMT",True,"Fri, 14 Feb 2020 01:01:27 GMT",832.0,,,,,,,,,7.248055555555555,0 days 07:14:53,0 days 04:15:38,"Drizzle, not freezing, continuous",0,0-1
1196,5e5b1034f9af8b06c4b621f4,39,2020-02-13 17:41:41,2020-02-13 23:22:34,2020-02-13 20:07:33,10.818,2_39_92_436_2020-02-13 17:41:33.328340,2,CA-318,2-39-92-436,America/Los_Angeles,2461.0,400.0,12.0,30.0,273.0,"Thu, 13 Feb 2020 17:41:41 GMT",True,"Thu, 13 Feb 2020 22:14:41 GMT",2461.0,,,,,,,,,5.681388888888889,0 days 05:40:53,0 days 03:15:01,"Drizzle, not freezing, continuous",23,23-24
1197,5e5b1034f9af8b06c4b621f5,39,2020-02-13 17:50:05,2020-02-14 00:39:51,2020-02-13 20:31:19,15.944,2_39_91_441_2020-02-13 17:50:05.167906,2,CA-499,2-39-91-441,America/Los_Angeles,69.0,400.0,40.0,100.0,363.0,"Thu, 13 Feb 2020 17:50:36 GMT",True,"Thu, 13 Feb 2020 23:53:05 GMT",69.0,,,,,,,,,6.829444444444444,0 days 06:49:46,0 days 04:08:32,"Drizzle, not freezing, continuous",0,0-1
1198,5e5b1034f9af8b06c4b621f6,39,2020-02-13 17:56:04,2020-02-13 20:38:32,2020-02-13 20:39:32,0.885,2_39_78_362_2020-02-13 17:56:04.020684,2,CA-496,2-39-78-362,America/Los_Angeles,,,,,,,,,,,,,,,,,,2.707777777777778,0 days 02:42:28,-1 days +23:59:00,"Drizzle, not freezing, continuous",20,20-21
1199,5e5b1034f9af8b06c4b621f7,39,2020-02-13 18:01:13,2020-02-14 01:25:51,2020-02-13 18:40:10,2.382,2_39_123_23_2020-02-13 18:01:12.764176,2,CA-313,2-39-123-23,America/Los_Angeles,751.0,400.0,40.0,100.0,717.0,"Thu, 13 Feb 2020 18:01:43 GMT",True,"Fri, 14 Feb 2020 05:58:13 GMT",751.0,,,,,,,,,7.410555555555556,0 days 07:24:38,0 days 06:45:41,"Drizzle, not freezing, continuous",1,1-2
1200,5e5b1034f9af8b06c4b621f8,39,2020-02-13 18:14:33,2020-02-13 19:06:38,2020-02-13 19:06:25,5.666,2_39_88_24_2020-02-13 18:14:33.342482,2,CA-314,2-39-88-24,America/Los_Angeles,1087.0,400.0,32.0,80.0,311.0,"Thu, 13 Feb 2020 18:14:36 GMT",True,"Thu, 13 Feb 2020 23:25:33 GMT",1087.0,,,,,,,,,0.8680555555555556,0 days 00:52:05,0 days 00:00:13,"Drizzle, not freezing, continuous",19,19-20
1201,5e5b1034f9af8b06c4b621f9,39,2020-02-13 18:14:58,2020-02-14 02:07:43,2020-02-13 20:22:27,12.148,2_39_124_22_2020-02-13 18:14:58.282577,2,CA-312,2-39-124-22,America/Los_Angeles,1095.0,400.0,16.0,40.0,444.0,"Thu, 13 Feb 2020 18:15:11 GMT",True,"Fri, 14 Feb 2020 01:38:58 GMT",1095.0,,,,,,,,,7.879166666666666,0 days 07:52:45,0 days 05:45:16,"Drizzle, not freezing, continuous",2,2-3
1202,5e5b1034f9af8b06c4b621fa,39,2020-02-13 19:37:30,2020-02-14 02:07:10,2020-02-13 21:47:20,14.448,2_39_88_24_2020-02-13 19:37:30.281571,2,CA-314,2-39-88-24,America/Los_Angeles,714.0,400.0,32.0,80.0,445.0,"Thu, 13 Feb 2020 19:37:58 GMT",True,"Fri, 14 Feb 2020 03:02:30 GMT",714.0,,,,,,,,,6.4944444444444445,0 days 06:29:40,0 days 04:19:50,"Drizzle, not freezing, continuous",2,2-3
1203,5e5b1034f9af8b06c4b621fb,39,2020-02-13 20:40:57,2020-02-14 03:01:13,2020-02-13 22:41:00,6.502,2_39_128_562_2020-02-13 20:40:56.552145,2,CA-508,2-39-128-562,America/Los_Angeles,1124.0,400.0,8.0,20.0,60.0,"Thu, 13 Feb 2020 20:41:17 GMT",True,"Thu, 13 Feb 2020 21:40:57 GMT",1124.0,,,,,,,,,6.337777777777778,0 days 06:20:16,0 days 04:20:13,"Drizzle, not freezing, continuous",3,3-4
1204,5e5b1034f9af8b06c4b621fc,39,2020-02-13 20:56:08,2020-02-14 00:51:27,2020-02-14 00:52:27,0.895,2_39_78_362_2020-02-13 20:56:07.755201,2,CA-496,2-39-78-362,America/Los_Angeles,,,,,,,,,,,,,,,,,,3.9219444444444442,0 days 03:55:19,-1 days +23:59:00,"Drizzle, not freezing, continuous",0,0-1
1205,5e5b1034f9af8b06c4b621fd,39,2020-02-13 21:38:04,2020-02-13 23:15:48,2020-02-13 23:15:43,10.24,2_39_79_381_2020-02-13 21:38:04.154504,2,CA-490,2-39-79-381,America/Los_Angeles,420.0,267.0,26.7,100.0,174.0,"Thu, 13 Feb 2020 21:40:51 GMT",True,"Fri, 14 Feb 2020 00:32:04 GMT",420.0,,,,,,,,,1.6288888888888888,0 days 01:37:44,0 days 00:00:05,"Drizzle, not freezing, continuous",23,23-24
1206,5e5b1034f9af8b06c4b621fe,39,2020-02-13 22:00:16,2020-02-14 01:44:37,2020-02-13 22:30:39,0.846,2_39_90_440_2020-02-13 22:00:15.885720,2,CA-500,2-39-90-440,America/Los_Angeles,,,,,,,,,,,,,,,,,,3.7391666666666667,0 days 03:44:21,0 days 03:13:58,"Drizzle, not freezing, continuous",1,1-2
1207,5e5b1034f9af8b06c4b621ff,39,2020-02-13 22:50:06,2020-02-14 02:09:50,2020-02-13 23:41:03,2.229,2_39_95_444_2020-02-13 22:50:05.951250,2,CA-497,2-39-95-444,America/Los_Angeles,891.0,400.0,8.0,20.0,216.0,"Thu, 13 Feb 2020 22:50:08 GMT",True,"Fri, 14 Feb 2020 02:26:06 GMT",891.0,,,,,,,,,3.328888888888889,0 days 03:19:44,0 days 02:28:47,"Drizzle, not freezing, continuous",2,2-3
1208,5e5b1034f9af8b06c4b62200,39,2020-02-13 23:02:42,2020-02-13 23:33:38,2020-02-13 23:33:06,0.853,2_39_79_382_2020-02-13 23:02:41.927116,2,CA-491,2-39-79-382,America/Los_Angeles,,,,,,,,,,,,,,,,,,0.5155555555555555,0 days 00:30:56,0 days 00:00:32,"Drizzle, not freezing, continuous",23,23-24
1209,5e5b1034f9af8b06c4b62201,39,2020-02-13 23:19:57,2020-02-14 00:53:13,2020-02-13 23:50:33,0.865,2_39_79_383_2020-02-13 23:19:56.592382,2,CA-492,2-39-79-383,America/Los_Angeles,,,,,,,,,,,,,,,,,,1.5544444444444445,0 days 01:33:16,0 days 01:02:40,"Drizzle, not freezing, continuous",0,0-1
1210,5e5b1034f9af8b06c4b62202,39,2020-02-13 23:25:16,2020-02-14 03:59:55,2020-02-14 00:41:10,2.466,2_39_92_436_2020-02-13 23:25:15.558624,2,CA-318,2-39-92-436,America/Los_Angeles,1082.0,400.0,8.0,20.0,64.0,"Thu, 13 Feb 2020 23:25:45 GMT",True,"Fri, 14 Feb 2020 00:29:16 GMT",1082.0,,,,,,,,,4.5775,0 days 04:34:39,0 days 03:18:45,"Drizzle, not freezing, continuous",3,3-4
1211,5e5b1034f9af8b06c4b62203,39,2020-02-14 00:09:58,2020-02-14 03:48:16,2020-02-14 03:32:48,4.24,2_39_78_363_2020-02-14 00:09:57.629407,2,CA-320,2-39-78-363,America/Los_Angeles,1920.0,600.0,18.0,30.0,154.0,"Fri, 14 Feb 2020 00:12:41 GMT",True,"Fri, 14 Feb 2020 02:43:58 GMT",1920.0,600.0,18.0,30.0,60.0,"Fri, 14 Feb 2020 00:13:02 GMT",True,"Fri, 14 Feb 2020 01:09:58 GMT",1920.0,3.638333333333333,0 days 03:38:18,0 days 00:15:28,"Drizzle, not freezing, continuous",3,3-4
1212,5e5b1034f9af8b06c4b62204,39,2020-02-14 00:44:25,2020-02-14 02:16:42,2020-02-14 02:16:38,8.254,2_39_125_21_2020-02-14 00:44:25.225241,2,CA-311,2-39-125-21,America/Los_Angeles,3271.0,275.0,13.75,50.0,124.0,"Fri, 14 Feb 2020 00:45:01 GMT",True,"Fri, 14 Feb 2020 02:48:25 GMT",3271.0,,,,,,,,,1.5380555555555555,0 days 01:32:17,0 days 00:00:04,"Drizzle, not freezing, continuous",2,2-3
1213,5e5b1034f9af8b06c4b62205,39,2020-02-14 01:55:52,2020-02-14 03:04:02,2020-02-14 02:41:34,3.889,2_39_139_28_2020-02-14 01:55:52.225068,2,CA-303,2-39-139-28,America/Los_Angeles,3123.0,400.0,4.0,10.0,154.0,"Fri, 14 Feb 2020 01:55:54 GMT",True,"Fri, 14 Feb 2020 04:29:52 GMT",3123.0,,,,,,,,,1.136111111111111,0 days 01:08:10,0 days 00:22:28,"Drizzle, not freezing, continuous",3,3-4
1214,5e5b1034f9af8b06c4b62206,39,2020-02-14 02:57:54,2020-02-14 03:38:58,2020-02-14 03:38:49,2.254,2_39_138_29_2020-02-14 02:57:54.436040,2,CA-304,2-39-138-29,America/Los_Angeles,365.0,333.0,9.99,30.0,104.0,"Fri, 14 Feb 2020 02:58:07 GMT",True,"Fri, 14 Feb 2020 04:41:54 GMT",365.0,,,,,,,,,0.6844444444444444,0 days 00:41:04,0 days 00:00:09,"Drizzle, not freezing, continuous",3,3-4
1215,5e5b1034f9af8b06c4b62207,39,2020-02-14 02:59:16,2020-02-14 04:31:41,2020-02-14 04:20:58,4.142,2_39_129_17_2020-02-14 02:59:16.172563,2,CA-307,2-39-129-17,America/Los_Angeles,3818.0,400.0,8.0,20.0,230.0,"Fri, 14 Feb 2020 02:59:31 GMT",True,"Fri, 14 Feb 2020 06:49:16 GMT",3818.0,,,,,,,,,1.5402777777777779,0 days 01:32:25,0 days 00:10:43,"Drizzle, not freezing, continuous",4,4-5
1216,5e5b1034f9af8b06c4b62208,39,2020-02-14 04:23:54,2020-02-14 05:44:53,2020-02-14 05:44:49,4.48,2_39_139_28_2020-02-14 04:23:54.344141,2,CA-303,2-39-139-28,America/Los_Angeles,1263.0,400.0,8.0,20.0,115.0,"Fri, 14 Feb 2020 04:24:21 GMT",True,"Fri, 14 Feb 2020 06:18:54 GMT",1263.0,,,,,,,,,1.3497222222222223,0 days 01:20:59,0 days 00:00:04,"Drizzle, not freezing, continuous",5,5-6
1217,5e5c61adf9af8b0aaff44f6c,39,2020-02-14 14:45:02,2020-02-14 21:11:13,2020-02-14 19:53:27,14.375,2_39_79_383_2020-02-14 14:45:01.550752,2,CA-492,2-39-79-383,America/Los_Angeles,4913.0,400.0,20.0,50.0,720.0,"Fri, 14 Feb 2020 14:45:28 GMT",True,"Sat, 15 Feb 2020 02:45:02 GMT",4913.0,,,,,,,,,6.436388888888889,0 days 06:26:11,0 days 01:17:46,"Drizzle, not freezing, continuous",21,21-22
1218,5e5c61adf9af8b0aaff44f6d,39,2020-02-14 14:55:14,2020-02-15 00:31:56,2020-02-14 18:47:59,5.654,2_39_89_25_2020-02-14 14:55:13.830014,2,CA-315,2-39-89-25,America/Los_Angeles,743.0,400.0,8.0,20.0,522.0,"Fri, 14 Feb 2020 14:55:23 GMT",True,"Fri, 14 Feb 2020 23:37:14 GMT",743.0,,,,,,,,,9.611666666666666,0 days 09:36:42,0 days 05:43:57,Clouds generally forming or developing,0,0-1
1219,5e5c61adf9af8b0aaff44f6e,39,2020-02-14 15:40:31,2020-02-15 00:58:17,2020-02-14 18:47:58,12.145,2_39_78_366_2020-02-14 15:40:30.605112,2,CA-323,2-39-78-366,America/Los_Angeles,3853.0,360.0,36.0,100.0,405.0,"Fri, 14 Feb 2020 15:40:54 GMT",True,"Fri, 14 Feb 2020 22:25:31 GMT",3853.0,,,,,,,,,9.296111111111111,0 days 09:17:46,0 days 06:10:19,Clouds generally forming or developing,0,0-1
1220,5e5c61adf9af8b0aaff44f6f,39,2020-02-14 15:41:41,2020-02-15 02:03:47,2020-02-14 22:36:18,0.819,2_39_79_380_2020-02-14 15:41:41.312434,2,CA-489,2-39-79-380,America/Los_Angeles,,,,,,,,,,,,,,,,,,10.368333333333334,0 days 10:22:06,0 days 03:27:29,Clouds generally forming or developing,2,2-3
1221,5e5c61adf9af8b0aaff44f70,39,2020-02-14 15:49:25,2020-02-15 02:11:47,2020-02-14 22:02:11,17.55,2_39_79_382_2020-02-14 15:49:24.813369,2,CA-491,2-39-79-382,America/Los_Angeles,4701.0,300.0,18.0,60.0,537.0,"Fri, 14 Feb 2020 15:49:33 GMT",True,"Sat, 15 Feb 2020 00:46:25 GMT",4701.0,,,,,,,,,10.372777777777777,0 days 10:22:22,0 days 04:09:36,Clouds generally forming or developing,2,2-3
1222,5e5c61adf9af8b0aaff44f71,39,2020-02-14 16:09:36,2020-02-14 20:44:25,2020-02-14 18:53:32,14.895,2_39_79_376_2020-02-14 16:09:36.478434,2,CA-324,2-39-79-376,America/Los_Angeles,3424.0,295.0,35.4,120.0,611.0,"Fri, 14 Feb 2020 16:15:02 GMT",True,"Sat, 15 Feb 2020 02:20:36 GMT",3424.0,,,,,,,,,4.580277777777778,0 days 04:34:49,0 days 01:50:53,"Drizzle, not freezing, continuous",20,20-21
1223,5e5c61adf9af8b0aaff44f72,39,2020-02-14 16:29:43,2020-02-14 21:13:30,2020-02-14 18:47:58,5.731,2_39_139_28_2020-02-14 16:29:42.817630,2,CA-303,2-39-139-28,America/Los_Angeles,562.0,325.0,6.5,20.0,212.0,"Fri, 14 Feb 2020 16:31:06 GMT",True,"Fri, 14 Feb 2020 20:01:43 GMT",562.0,,,,,,,,,4.729722222222223,0 days 04:43:47,0 days 02:25:32,"Drizzle, not freezing, continuous",21,21-22
1224,5e5c61adf9af8b0aaff44f73,39,2020-02-14 16:33:48,2020-02-15 01:33:21,2020-02-14 18:47:58,10.084,2_39_91_437_2020-02-14 16:33:47.669363,2,CA-317,2-39-91-437,America/Los_Angeles,431.0,300.0,18.0,60.0,219.0,"Fri, 14 Feb 2020 16:34:11 GMT",True,"Fri, 14 Feb 2020 20:12:48 GMT",431.0,,,,,,,,,8.9925,0 days 08:59:33,0 days 06:45:23,Clouds generally forming or developing,1,1-2
1225,5e5c61adf9af8b0aaff44f74,39,2020-02-14 16:35:46,2020-02-14 21:42:30,2020-02-14 21:13:35,12.458,2_39_78_361_2020-02-14 16:35:46.430857,2,CA-493,2-39-78-361,America/Los_Angeles,1470.0,292.0,29.2,100.0,301.0,"Fri, 14 Feb 2020 16:36:24 GMT",True,"Fri, 14 Feb 2020 21:36:46 GMT",1470.0,,,,,,,,,5.112222222222222,0 days 05:06:44,0 days 00:28:55,"Drizzle, not freezing, continuous",21,21-22
1226,5e5c61adf9af8b0aaff44f75,39,2020-02-14 16:46:26,2020-02-14 19:28:44,2020-02-14 19:26:09,8.027,2_39_79_381_2020-02-14 16:46:12.024935,2,CA-490,2-39-79-381,America/Los_Angeles,671.0,267.0,29.37,110.0,435.0,"Fri, 14 Feb 2020 16:46:26 GMT",True,"Sat, 15 Feb 2020 00:01:26 GMT",671.0,,,,,,,,,2.705,0 days 02:42:18,0 days 00:02:35,"Drizzle, not freezing, continuous",19,19-20
1227,5e5c61adf9af8b0aaff44f76,39,2020-02-14 16:52:34,2020-02-15 00:38:21,2020-02-14 18:48:01,0.836,2_39_92_436_2020-02-14 16:52:34.018299,2,CA-318,2-39-92-436,America/Los_Angeles,,,,,,,,,,,,,,,,,,7.763055555555556,0 days 07:45:47,0 days 05:50:20,Clouds generally forming or developing,0,0-1
1228,5e5c61adf9af8b0aaff44f77,39,2020-02-14 16:59:31,2020-02-15 01:40:06,2020-02-14 18:47:59,5.297,2_39_78_363_2020-02-14 16:59:31.112056,2,CA-320,2-39-78-363,America/Los_Angeles,2244.0,400.0,8.0,20.0,60.0,"Fri, 14 Feb 2020 17:00:32 GMT",True,"Fri, 14 Feb 2020 17:59:31 GMT",2244.0,,,,,,,,,8.676388888888889,0 days 08:40:35,0 days 06:52:07,Clouds generally forming or developing,1,1-2
1229,5e5c61adf9af8b0aaff44f78,39,2020-02-14 17:07:06,2020-02-15 01:50:08,2020-02-15 01:50:00,15.766,2_39_78_367_2020-02-14 17:07:06.341805,2,CA-494,2-39-78-367,America/Los_Angeles,2149.0,250.0,17.5,70.0,320.0,"Fri, 14 Feb 2020 17:07:39 GMT",True,"Fri, 14 Feb 2020 22:27:06 GMT",2149.0,,,,,,,,,8.717222222222222,0 days 08:43:02,0 days 00:00:08,Clouds generally forming or developing,1,1-2
1230,5e5c61adf9af8b0aaff44f79,39,2020-02-14 17:19:29,2020-02-15 02:15:49,2020-02-14 19:29:23,6.314,2_39_92_442_2020-02-14 17:18:57.245157,2,CA-498,2-39-92-442,America/Los_Angeles,5594.0,360.0,7.2,20.0,218.0,"Fri, 14 Feb 2020 17:19:29 GMT",True,"Fri, 14 Feb 2020 20:57:29 GMT",5594.0,360.0,7.2,20.0,218.0,"Fri, 14 Feb 2020 17:20:25 GMT",True,"Fri, 14 Feb 2020 20:57:29 GMT",5594.0,8.938888888888888,0 days 08:56:20,0 days 06:46:26,Clouds generally forming or developing,2,2-3
1231,5e5c61adf9af8b0aaff44f7a,39,2020-02-14 17:20:30,2020-02-15 03:19:53,2020-02-14 18:47:59,3.759,2_39_125_21_2020-02-14 17:20:29.832486,2,CA-311,2-39-125-21,America/Los_Angeles,567.0,400.0,8.0,20.0,434.0,"Fri, 14 Feb 2020 17:20:38 GMT",True,"Sat, 15 Feb 2020 00:34:30 GMT",567.0,,,,,,,,,9.989722222222222,0 days 09:59:23,0 days 08:31:54,Clouds generally forming or developing,3,3-4
1232,5e5c61adf9af8b0aaff44f7b,39,2020-02-14 17:21:17,2020-02-15 01:56:43,2020-02-14 18:47:58,1.22,2_39_79_379_2020-02-14 17:21:16.900821,2,CA-327,2-39-79-379,America/Los_Angeles,,,,,,,,,,,,,,,,,,8.590555555555556,0 days 08:35:26,0 days 07:08:45,Clouds generally forming or developing,1,1-2
1233,5e5c61adf9af8b0aaff44f7c,39,2020-02-14 17:32:44,2020-02-15 05:19:18,2020-02-14 18:47:59,2.089,2_39_90_26_2020-02-14 17:32:43.621886,2,CA-316,2-39-90-26,America/Los_Angeles,324.0,444.0,8.88,20.0,221.0,"Fri, 14 Feb 2020 17:32:58 GMT",True,"Fri, 14 Feb 2020 21:13:44 GMT",324.0,,,,,,,,,11.776111111111112,0 days 11:46:34,0 days 10:31:19,Clouds generally forming or developing,5,5-6
1234,5e5c61adf9af8b0aaff44f7d,39,2020-02-14 17:47:35,2020-02-15 01:36:42,2020-02-14 20:04:53,7.189,2_39_78_365_2020-02-14 17:47:34.963803,2,CA-321,2-39-78-365,America/Los_Angeles,515.0,400.0,12.0,30.0,62.0,"Fri, 14 Feb 2020 17:47:51 GMT",True,"Fri, 14 Feb 2020 18:49:35 GMT",515.0,,,,,,,,,7.818611111111111,0 days 07:49:07,0 days 05:31:49,Clouds generally forming or developing,1,1-2
1235,5e5c61adf9af8b0aaff44f7e,39,2020-02-14 18:00:46,2020-02-15 05:09:26,2020-02-14 19:56:37,5.831,2_39_95_27_2020-02-14 18:00:46.138754,2,CA-319,2-39-95-27,America/Los_Angeles,1222.0,400.0,8.0,20.0,72.0,"Fri, 14 Feb 2020 18:01:02 GMT",True,"Fri, 14 Feb 2020 19:12:46 GMT",1222.0,,,,,,,,,11.144444444444444,0 days 11:08:40,0 days 09:12:49,Clouds generally forming or developing,5,5-6
1236,5e5c61adf9af8b0aaff44f7f,39,2020-02-14 18:02:05,2020-02-14 19:25:55,2020-02-14 19:15:12,3.492,2_39_127_19_2020-02-14 18:01:53.746885,2,CA-309,2-39-127-19,America/Los_Angeles,6097.0,400.0,8.0,20.0,60.0,"Fri, 14 Feb 2020 18:02:04 GMT",True,"Fri, 14 Feb 2020 19:02:05 GMT",6097.0,,,,,,,,,1.3972222222222221,0 days 01:23:50,0 days 00:10:43,"Drizzle, not freezing, continuous",19,19-20
1237,5e5c61adf9af8b0aaff44f80,39,2020-02-14 18:05:39,2020-02-14 22:06:25,2020-02-14 19:43:45,10.365,2_39_124_22_2020-02-14 18:05:38.613496,2,CA-312,2-39-124-22,America/Los_Angeles,1087.0,400.0,32.0,80.0,311.0,"Fri, 14 Feb 2020 18:05:43 GMT",True,"Fri, 14 Feb 2020 23:16:39 GMT",1087.0,,,,,,,,,4.012777777777778,0 days 04:00:46,0 days 02:22:40,"Drizzle, not freezing, continuous",22,22-23
1238,5e5c61adf9af8b0aaff44f81,39,2020-02-14 18:34:06,2020-02-14 22:18:57,2020-02-14 22:19:48,0.946,2_39_78_360_2020-02-14 18:34:06.080580,2,CA-322,2-39-78-360,America/Los_Angeles,,,,,,,,,,,,,,,,,,3.7475,0 days 03:44:51,-1 days +23:59:09,"Drizzle, not freezing, continuous",22,22-23
1239,5e5c61adf9af8b0aaff44f82,39,2020-02-14 18:38:59,2020-02-14 19:25:26,2020-02-14 19:21:32,1.714,2_39_126_20_2020-02-14 18:38:59.207912,2,CA-310,2-39-126-20,America/Los_Angeles,891.0,400.0,8.0,20.0,216.0,"Fri, 14 Feb 2020 18:39:00 GMT",True,"Fri, 14 Feb 2020 22:14:59 GMT",891.0,,,,,,,,,0.7741666666666667,0 days 00:46:27,0 days 00:03:54,"Drizzle, not freezing, continuous",19,19-20
1240,5e5c61adf9af8b0aaff44f83,39,2020-02-14 18:55:55,2020-02-14 21:24:13,2020-02-14 19:47:24,4.369,2_39_88_24_2020-02-14 18:55:55.364431,2,CA-314,2-39-88-24,America/Los_Angeles,798.0,400.0,12.0,30.0,96.0,"Fri, 14 Feb 2020 18:58:45 GMT",True,"Fri, 14 Feb 2020 20:31:55 GMT",798.0,,,,,,,,,2.4716666666666667,0 days 02:28:18,0 days 01:36:49,"Drizzle, not freezing, continuous",21,21-22
1241,5e5c61adf9af8b0aaff44f84,39,2020-02-14 18:56:50,2020-02-14 21:54:05,2020-02-14 21:54:01,17.987,2_39_79_377_2020-02-14 18:56:49.632600,2,CA-325,2-39-79-377,America/Los_Angeles,3270.0,200.0,40.0,200.0,470.0,"Fri, 14 Feb 2020 19:00:08 GMT",True,"Sat, 15 Feb 2020 02:46:50 GMT",3270.0,,,,,,,,,2.9541666666666666,0 days 02:57:15,0 days 00:00:04,"Drizzle, not freezing, continuous",21,21-22
1242,5e5c61adf9af8b0aaff44f85,39,2020-02-14 19:09:34,2020-02-14 22:23:46,2020-02-14 20:05:21,2.334,2_39_78_364_2020-02-14 19:09:34.491941,2,CA-495,2-39-78-364,America/Los_Angeles,1864.0,400.0,4.0,10.0,172.0,"Fri, 14 Feb 2020 19:09:59 GMT",True,"Fri, 14 Feb 2020 22:01:34 GMT",1864.0,,,,,,,,,3.236666666666667,0 days 03:14:12,0 days 02:18:25,"Drizzle, not freezing, continuous",22,22-23
1243,5e5c61adf9af8b0aaff44f86,39,2020-02-14 19:59:32,2020-02-15 00:53:58,2020-02-14 21:31:12,8.551,2_39_79_381_2020-02-14 19:59:31.722365,2,CA-490,2-39-79-381,America/Los_Angeles,832.0,400.0,16.0,40.0,300.0,"Fri, 14 Feb 2020 20:00:06 GMT",True,"Sat, 15 Feb 2020 00:59:32 GMT",832.0,,,,,,,,,4.907222222222222,0 days 04:54:26,0 days 03:22:46,Clouds generally forming or developing,0,0-1
1244,5e5c61adf9af8b0aaff44f87,39,2020-02-14 20:09:19,2020-02-15 01:02:07,2020-02-14 21:23:47,4.645,2_39_95_444_2020-02-14 20:09:19.242768,2,CA-497,2-39-95-444,America/Los_Angeles,751.0,400.0,40.0,100.0,717.0,"Fri, 14 Feb 2020 20:09:27 GMT",True,"Sat, 15 Feb 2020 08:06:19 GMT",751.0,,,,,,,,,4.88,0 days 04:52:48,0 days 03:38:20,Clouds generally forming or developing,1,1-2
1245,5e5c61adf9af8b0aaff44f88,39,2020-02-14 21:18:31,2020-02-15 01:08:18,2020-02-14 23:24:28,6.65,2_39_79_376_2020-02-14 21:18:30.602653,2,CA-324,2-39-79-376,America/Los_Angeles,1124.0,400.0,8.0,20.0,60.0,"Fri, 14 Feb 2020 21:18:47 GMT",True,"Fri, 14 Feb 2020 22:18:31 GMT",1124.0,,,,,,,,,3.8297222222222222,0 days 03:49:47,0 days 01:43:50,Clouds generally forming or developing,1,1-2
1246,5e5c61adf9af8b0aaff44f89,39,2020-02-14 21:35:23,2020-02-14 23:42:40,2020-02-14 22:15:15,1.661,2_39_88_24_2020-02-14 21:35:01.451067,2,CA-314,2-39-88-24,America/Los_Angeles,6097.0,400.0,8.0,20.0,84.0,"Fri, 14 Feb 2020 21:35:23 GMT",True,"Fri, 14 Feb 2020 22:59:23 GMT",6097.0,,,,,,,,,2.1213888888888888,0 days 02:07:17,0 days 01:27:25,"Drizzle, not freezing, continuous",23,23-24
1247,5e5c61adf9af8b0aaff44f8a,39,2020-02-14 22:08:04,2020-02-15 00:22:35,2020-02-14 23:54:36,9.896,2_39_79_377_2020-02-14 22:08:04.500541,2,CA-325,2-39-79-377,America/Los_Angeles,1104.0,250.0,10.0,40.0,373.0,"Fri, 14 Feb 2020 22:08:42 GMT",True,"Sat, 15 Feb 2020 04:21:04 GMT",1104.0,,,,,,,,,2.2419444444444445,0 days 02:14:31,0 days 00:27:59,Clouds generally forming or developing,0,0-1
1248,5e5c61adf9af8b0aaff44f8b,39,2020-02-14 22:15:53,2020-02-15 01:08:29,2020-02-14 23:01:27,4.123,2_39_124_22_2020-02-14 22:15:52.885209,2,CA-312,2-39-124-22,America/Los_Angeles,668.0,425.0,4.25,10.0,61.0,"Fri, 14 Feb 2020 22:16:06 GMT",True,"Fri, 14 Feb 2020 23:16:53 GMT",668.0,,,,,,,,,2.8766666666666665,0 days 02:52:36,0 days 02:07:02,Clouds generally forming or developing,1,1-2
1249,5e5c61adf9af8b0aaff44f8c,39,2020-02-14 22:35:53,2020-02-15 02:06:15,2020-02-15 01:36:12,1.662,2_39_78_360_2020-02-14 22:35:53.108369,2,CA-322,2-39-78-360,America/Los_Angeles,562.0,325.0,3.25,10.0,127.0,"Fri, 14 Feb 2020 22:36:35 GMT",True,"Sat, 15 Feb 2020 00:42:53 GMT",562.0,,,,,,,,,3.506111111111111,0 days 03:30:22,0 days 00:30:03,Clouds generally forming or developing,2,2-3
1250,5e5c61adf9af8b0aaff44f8d,39,2020-02-14 22:43:09,2020-02-15 00:09:15,2020-02-14 23:23:32,3.383,2_39_90_440_2020-02-14 22:43:08.902967,2,CA-500,2-39-90-440,America/Los_Angeles,1912.0,400.0,20.0,50.0,392.0,"Fri, 14 Feb 2020 22:43:09 GMT",True,"Sat, 15 Feb 2020 05:15:09 GMT",1912.0,,,,,,,,,1.435,0 days 01:26:06,0 days 00:45:43,Clouds generally forming or developing,0,0-1
1251,5e5c61adf9af8b0aaff44f8e,39,2020-02-15 01:05:42,2020-02-15 02:47:46,2020-02-15 02:24:19,3.745,2_39_130_31_2020-02-15 01:05:42.422870,2,CA-306,2-39-130-31,America/Los_Angeles,1920.0,600.0,12.0,20.0,154.0,"Sat, 15 Feb 2020 01:06:17 GMT",True,"Sat, 15 Feb 2020 03:39:42 GMT",1920.0,600.0,12.0,20.0,134.0,"Sat, 15 Feb 2020 01:06:33 GMT",True,"Sat, 15 Feb 2020 03:19:42 GMT",1920.0,1.701111111111111,0 days 01:42:04,0 days 00:23:27,Clouds generally forming or developing,2,2-3
1252,5e5c61adf9af8b0aaff44f8f,39,2020-02-15 01:21:23,2020-02-15 01:43:54,2020-02-15 01:43:49,0.615,2_39_79_377_2020-02-15 01:21:23.170713,2,CA-325,2-39-79-377,America/Los_Angeles,,,,,,,,,,,,,,,,,,0.37527777777777777,0 days 00:22:31,0 days 00:00:05,Clouds generally forming or developing,1,1-2
1253,5e5db31ef9af8b0e9caf4bdb,39,2020-02-15 16:34:17,2020-02-15 20:58:18,2020-02-15 18:14:02,0.827,2_39_79_380_2020-02-15 16:34:17.031105,2,CA-489,2-39-79-380,America/Los_Angeles,,,,,,,,,,,,,,,,,,4.400277777777778,0 days 04:24:01,0 days 02:44:16,Clouds generally forming or developing,20,20-21
1254,5e5db31ef9af8b0e9caf4bdc,39,2020-02-15 17:42:41,2020-02-15 19:07:13,2020-02-15 19:07:08,8.443,2_39_131_30_2020-02-15 17:42:40.671152,2,CA-305,2-39-131-30,America/Los_Angeles,2290.0,425.0,21.25,50.0,446.0,"Sat, 15 Feb 2020 17:44:14 GMT",True,"Sun, 16 Feb 2020 01:08:41 GMT",2290.0,,,,,,,,,1.4088888888888889,0 days 01:24:32,0 days 00:00:05,Clouds generally forming or developing,19,19-20
1255,5e5db31ef9af8b0e9caf4bdd,39,2020-02-15 20:44:49,2020-02-15 22:03:50,2020-02-15 22:03:45,5.378,2_39_128_18_2020-02-15 20:44:48.872879,2,CA-308,2-39-128-18,America/Los_Angeles,620.0,400.0,12.0,30.0,119.0,"Sat, 15 Feb 2020 20:46:07 GMT",True,"Sat, 15 Feb 2020 22:43:49 GMT",620.0,,,,,,,,,1.3169444444444445,0 days 01:19:01,0 days 00:00:05,Clouds generally forming or developing,22,22-23
1256,5e5db31ef9af8b0e9caf4bde,39,2020-02-15 21:47:52,2020-02-15 23:42:05,2020-02-15 23:42:00,5.572,2_39_127_19_2020-02-15 21:47:51.700451,2,CA-309,2-39-127-19,America/Los_Angeles,4622.0,300.0,6.0,20.0,61.0,"Sat, 15 Feb 2020 21:48:10 GMT",True,"Sat, 15 Feb 2020 22:48:52 GMT",4622.0,,,,,,,,,1.9036111111111111,0 days 01:54:13,0 days 00:00:05,Clouds generally forming or developing,23,23-24
1257,5e5db31ef9af8b0e9caf4bdf,39,2020-02-16 00:11:26,2020-02-16 02:16:37,2020-02-16 00:53:48,1.881,2_39_123_23_2020-02-16 00:11:26.173386,2,CA-313,2-39-123-23,America/Los_Angeles,1920.0,600.0,12.0,20.0,134.0,"Sun, 16 Feb 2020 00:12:04 GMT",True,"Sun, 16 Feb 2020 02:25:26 GMT",1920.0,,,,,,,,,2.086388888888889,0 days 02:05:11,0 days 01:22:49,"Drizzle, not freezing, continuous",2,2-3
1258,5e5db31ef9af8b0e9caf4be0,39,2020-02-16 02:29:01,2020-02-16 03:57:05,2020-02-16 03:01:03,0.861,2_39_139_28_2020-02-16 02:29:00.595558,2,CA-303,2-39-139-28,America/Los_Angeles,,,,,,,,,,,,,,,,,,1.4677777777777778,0 days 01:28:04,0 days 00:56:02,"Drizzle, not freezing, continuous",3,3-4
1259,5e5db31ef9af8b0e9caf4be1,39,2020-02-16 02:37:02,2020-02-16 04:00:27,2020-02-16 03:07:23,0.871,2_39_88_24_2020-02-16 02:37:02.370163,2,CA-314,2-39-88-24,America/Los_Angeles,,,,,,,,,,,,,,,,,,1.3902777777777777,0 days 01:23:25,0 days 00:53:04,"Drizzle, not freezing, continuous",4,4-5
1260,5e5db31ef9af8b0e9caf4be2,39,2020-02-16 03:13:35,2020-02-16 18:39:34,2020-02-16 11:12:13,51.346,2_39_131_30_2020-02-16 03:13:34.555538,2,CA-305,2-39-131-30,America/Los_Angeles,489.0,428.0,102.72,240.0,487.0,"Sun, 16 Feb 2020 03:13:47 GMT",True,"Sun, 16 Feb 2020 11:20:35 GMT",489.0,428.0,102.72,240.0,626.0,"Sun, 16 Feb 2020 03:13:54 GMT",True,"Sun, 16 Feb 2020 13:39:35 GMT",489.0,15.433055555555555,0 days 15:25:59,0 days 07:27:21,"Drizzle, not freezing, continuous",18,18-19
1261,5e5f049bf9af8b129974114f,39,2020-02-16 17:54:42,2020-02-16 19:38:01,2020-02-16 19:34:23,4.869,2_39_89_25_2020-02-16 17:54:42.195275,2,CA-315,2-39-89-25,America/Los_Angeles,743.0,400.0,8.0,20.0,45.0,"Sun, 16 Feb 2020 17:55:29 GMT",True,"Sun, 16 Feb 2020 18:39:42 GMT",743.0,,,,,,,,,1.7219444444444445,0 days 01:43:19,0 days 00:03:38,"Drizzle, not freezing, continuous",19,19-20
1262,5e5f049bf9af8b1299741150,39,2020-02-16 21:25:54,2020-02-16 23:12:58,2020-02-16 23:12:49,11.205,2_39_138_29_2020-02-16 21:25:54.430182,2,CA-304,2-39-138-29,America/Los_Angeles,1085.0,250.0,15.0,60.0,142.0,"Sun, 16 Feb 2020 21:26:23 GMT",True,"Sun, 16 Feb 2020 23:47:54 GMT",1085.0,,,,,,,,,1.7844444444444445,0 days 01:47:04,0 days 00:00:09,"Drizzle, not freezing, continuous",23,23-24
1263,5e5f049bf9af8b1299741151,39,2020-02-16 21:29:00,2020-02-16 23:11:32,2020-02-16 23:11:27,5.646,2_39_131_30_2020-02-16 21:29:00.281777,2,CA-305,2-39-131-30,America/Los_Angeles,1395.0,400.0,12.0,30.0,390.0,"Sun, 16 Feb 2020 21:29:47 GMT",True,"Mon, 17 Feb 2020 03:59:00 GMT",1395.0,400.0,16.0,40.0,60.0,"Sun, 16 Feb 2020 21:30:09 GMT",True,"Sun, 16 Feb 2020 22:29:00 GMT",1395.0,1.708888888888889,0 days 01:42:32,0 days 00:00:05,"Drizzle, not freezing, continuous",23,23-24
1264,5e5f049bf9af8b1299741152,39,2020-02-16 23:07:35,2020-02-17 00:47:09,2020-02-16 23:38:00,0.86,2_39_88_24_2020-02-16 23:07:35.110332,2,CA-314,2-39-88-24,America/Los_Angeles,,,,,,,,,,,,,,,,,,1.6594444444444445,0 days 01:39:34,0 days 01:09:09,"Drizzle, not freezing, continuous",0,0-1
1265,5e5f049bf9af8b1299741153,39,2020-02-16 23:29:22,2020-02-17 00:43:55,2020-02-17 00:43:46,3.924,2_39_139_28_2020-02-16 23:29:22.079461,2,CA-303,2-39-139-28,America/Los_Angeles,1236.0,400.0,8.0,20.0,67.0,"Sun, 16 Feb 2020 23:32:40 GMT",True,"Mon, 17 Feb 2020 00:36:22 GMT",1236.0,,,,,,,,,1.2425,0 days 01:14:33,0 days 00:00:09,"Drizzle, not freezing, continuous",0,0-1
1266,5e605620f9af8b166c709138,39,2020-02-17 17:40:35,2020-02-17 19:38:40,2020-02-17 18:11:35,0.836,2_39_79_380_2020-02-17 17:40:35.128719,2,CA-489,2-39-79-380,America/Los_Angeles,,,,,,,,,,,,,,,,,,1.9680555555555554,0 days 01:58:05,0 days 01:27:05,"Drizzle, not freezing, continuous",19,19-20
1267,5e605620f9af8b166c709139,39,2020-02-17 18:04:38,2020-02-18 02:03:38,2020-02-17 20:12:07,12.335,2_39_79_379_2020-02-17 18:04:38.256154,2,CA-327,2-39-79-379,America/Los_Angeles,1095.0,400.0,16.0,40.0,444.0,"Mon, 17 Feb 2020 18:05:09 GMT",True,"Tue, 18 Feb 2020 01:28:38 GMT",1095.0,,,,,,,,,7.983333333333333,0 days 07:59:00,0 days 05:51:31,"Drizzle, not freezing, continuous",2,2-3
1268,5e605620f9af8b166c70913a,39,2020-02-17 18:10:14,2020-02-17 18:51:56,2020-02-17 18:51:51,2.308,2_39_139_28_2020-02-17 18:10:13.722040,2,CA-303,2-39-139-28,America/Los_Angeles,365.0,333.0,9.99,30.0,104.0,"Mon, 17 Feb 2020 18:10:24 GMT",True,"Mon, 17 Feb 2020 19:54:14 GMT",365.0,,,,,,,,,0.695,0 days 00:41:42,0 days 00:00:05,"Drizzle, not freezing, continuous",18,18-19
1269,5e605620f9af8b166c70913b,39,2020-02-17 18:22:52,2020-02-17 19:53:10,2020-02-17 19:04:57,1.724,2_39_130_31_2020-02-17 18:22:52.155510,2,CA-306,2-39-130-31,America/Los_Angeles,891.0,400.0,8.0,20.0,216.0,"Mon, 17 Feb 2020 18:23:12 GMT",True,"Mon, 17 Feb 2020 21:58:52 GMT",891.0,,,,,,,,,1.505,0 days 01:30:18,0 days 00:48:13,"Drizzle, not freezing, continuous",19,19-20
1270,5e605620f9af8b166c70913c,39,2020-02-17 18:31:34,2020-02-18 02:05:16,2020-02-17 20:06:44,10.256,2_39_79_376_2020-02-17 18:31:33.969620,2,CA-324,2-39-79-376,America/Los_Angeles,714.0,400.0,32.0,80.0,445.0,"Mon, 17 Feb 2020 18:32:03 GMT",True,"Tue, 18 Feb 2020 01:56:34 GMT",714.0,400.0,32.0,80.0,60.0,"Mon, 17 Feb 2020 18:32:28 GMT",True,"Mon, 17 Feb 2020 19:31:34 GMT",714.0,7.5616666666666665,0 days 07:33:42,0 days 05:58:32,"Drizzle, not freezing, continuous",2,2-3
1271,5e605620f9af8b166c70913d,39,2020-02-17 19:45:59,2020-02-17 20:57:23,2020-02-17 20:57:18,7.836,2_39_139_28_2020-02-17 19:45:58.853142,2,CA-303,2-39-139-28,America/Los_Angeles,3424.0,295.0,29.5,100.0,227.0,"Mon, 17 Feb 2020 19:46:20 GMT",True,"Mon, 17 Feb 2020 23:32:59 GMT",3424.0,,,,,,,,,1.19,0 days 01:11:24,0 days 00:00:05,"Drizzle, not freezing, continuous",20,20-21
1272,5e605620f9af8b166c70913e,39,2020-02-17 19:51:07,2020-02-17 21:45:31,2020-02-17 21:45:27,6.258,2_39_127_19_2020-02-17 19:51:06.717142,2,CA-309,2-39-127-19,America/Los_Angeles,1920.0,600.0,12.0,20.0,134.0,"Mon, 17 Feb 2020 19:51:36 GMT",True,"Mon, 17 Feb 2020 22:05:07 GMT",1920.0,600.0,12.0,20.0,134.0,"Mon, 17 Feb 2020 19:51:46 GMT",True,"Mon, 17 Feb 2020 22:05:07 GMT",1920.0,1.9066666666666667,0 days 01:54:24,0 days 00:00:04,"Drizzle, not freezing, continuous",21,21-22
1273,5e605620f9af8b166c70913f,39,2020-02-17 21:31:31,2020-02-18 00:37:58,2020-02-18 00:19:42,0.836,2_39_79_380_2020-02-17 21:31:31.077092,2,CA-489,2-39-79-380,America/Los_Angeles,,,,,,,,,,,,,,,,,,3.1075,0 days 03:06:27,0 days 00:18:16,"Drizzle, not freezing, continuous",0,0-1
1274,5e605620f9af8b166c709140,39,2020-02-17 22:20:40,2020-02-18 02:45:39,2020-02-18 00:27:27,6.47,2_39_78_365_2020-02-17 22:20:39.577262,2,CA-321,2-39-78-365,America/Los_Angeles,1124.0,400.0,8.0,20.0,60.0,"Mon, 17 Feb 2020 22:20:57 GMT",True,"Mon, 17 Feb 2020 23:20:40 GMT",1124.0,,,,,,,,,4.416388888888889,0 days 04:24:59,0 days 02:18:12,"Drizzle, not freezing, continuous",2,2-3
1275,5e605620f9af8b166c709141,39,2020-02-18 00:17:38,2020-02-18 07:17:46,2020-02-18 06:02:10,36.936,2_39_139_28_2020-02-18 00:17:37.800316,2,CA-303,2-39-139-28,America/Los_Angeles,67.0,250.0,50.0,200.0,472.0,"Tue, 18 Feb 2020 00:17:48 GMT",True,"Tue, 18 Feb 2020 08:09:38 GMT",67.0,,,,,,,,,7.002222222222223,0 days 07:00:08,0 days 01:15:36,"Drizzle, not freezing, continuous",7,7-8
1276,5e605620f9af8b166c709142,39,2020-02-18 02:02:16,2020-02-18 16:36:57,2020-02-18 04:02:15,6.323,2_39_79_381_2020-02-18 02:02:03.362460,2,CA-490,2-39-79-381,America/Los_Angeles,1410.0,400.0,12.0,30.0,720.0,"Tue, 18 Feb 2020 02:02:15 GMT",True,"Tue, 18 Feb 2020 14:02:16 GMT",1410.0,,,,,,,,,14.578055555555556,0 days 14:34:41,0 days 12:34:42,"Drizzle, not freezing, continuous",16,16-17
1277,5e605620f9af8b166c709143,39,2020-02-18 03:35:51,2020-02-18 04:40:44,2020-02-18 04:27:05,2.198,2_39_129_17_2020-02-18 03:35:51.344019,2,CA-307,2-39-129-17,America/Los_Angeles,4622.0,300.0,6.0,20.0,61.0,"Tue, 18 Feb 2020 03:36:05 GMT",True,"Tue, 18 Feb 2020 04:36:51 GMT",4622.0,,,,,,,,,1.081388888888889,0 days 01:04:53,0 days 00:13:39,"Drizzle, not freezing, continuous",4,4-5
1278,5e605620f9af8b166c709144,39,2020-02-18 03:53:57,2020-02-18 05:31:15,2020-02-18 05:23:24,5.309,2_39_78_365_2020-02-18 03:53:57.134086,2,CA-321,2-39-78-365,America/Los_Angeles,1091.0,300.0,9.0,30.0,139.0,"Tue, 18 Feb 2020 03:54:22 GMT",True,"Tue, 18 Feb 2020 06:12:57 GMT",1091.0,,,,,,,,,1.6216666666666666,0 days 01:37:18,0 days 00:07:51,"Drizzle, not freezing, continuous",5,5-6
1279,5e644ab5f9af8b24613386e3,39,2020-02-18 15:59:00,2020-02-19 00:23:16,2020-02-18 17:54:42,6.447,2_39_139_28_2020-02-18 15:58:59.741931,2,CA-303,2-39-139-28,America/Los_Angeles,1564.0,300.0,12.0,40.0,459.0,"Tue, 18 Feb 2020 15:59:16 GMT",True,"Tue, 18 Feb 2020 23:38:00 GMT",1564.0,,,,,,,,,8.404444444444444,0 days 08:24:16,0 days 06:28:34,Continuous fall of snowflakes,0,0-1
1280,5e644ab5f9af8b24613386e4,39,2020-02-18 16:01:30,2020-02-19 00:36:56,2020-02-18 18:04:15,6.546,2_39_79_377_2020-02-18 16:01:29.589067,2,CA-325,2-39-79-377,America/Los_Angeles,1124.0,400.0,8.0,20.0,60.0,"Tue, 18 Feb 2020 16:01:47 GMT",True,"Tue, 18 Feb 2020 17:01:30 GMT",1124.0,,,,,,,,,8.590555555555556,0 days 08:35:26,0 days 06:32:41,Continuous fall of snowflakes,0,0-1
1281,5e644ab5f9af8b24613386e5,39,2020-02-18 16:03:42,2020-02-19 01:02:11,2020-02-19 00:37:09,0.875,2_39_79_380_2020-02-18 16:03:41.769531,2,CA-489,2-39-79-380,America/Los_Angeles,,,,,,,,,,,,,,,,,,8.974722222222223,0 days 08:58:29,0 days 00:25:02,Continuous fall of snowflakes,1,1-2
1282,5e644ab5f9af8b24613386e6,39,2020-02-18 16:15:35,2020-02-19 01:27:31,2020-02-19 01:27:26,43.629,2_39_78_366_2020-02-18 16:15:34.653455,2,CA-323,2-39-78-366,America/Los_Angeles,3853.0,360.0,46.8,130.0,405.0,"Tue, 18 Feb 2020 16:17:58 GMT",True,"Tue, 18 Feb 2020 23:00:35 GMT",3853.0,360.0,46.8,130.0,405.0,"Tue, 18 Feb 2020 16:18:26 GMT",True,"Tue, 18 Feb 2020 23:00:35 GMT",3853.0,9.198888888888888,0 days 09:11:56,0 days 00:00:05,Continuous fall of snowflakes,1,1-2
1283,5e644ab5f9af8b24613386e7,39,2020-02-18 16:17:05,2020-02-19 01:56:54,2020-02-18 18:48:40,6.274,2_39_90_440_2020-02-18 16:16:46.760531,2,CA-500,2-39-90-440,America/Los_Angeles,5594.0,360.0,7.2,20.0,220.0,"Tue, 18 Feb 2020 16:17:05 GMT",True,"Tue, 18 Feb 2020 19:57:05 GMT",5594.0,360.0,7.2,20.0,220.0,"Tue, 18 Feb 2020 16:17:20 GMT",True,"Tue, 18 Feb 2020 19:57:05 GMT",5594.0,9.663611111111111,0 days 09:39:49,0 days 07:08:14,Continuous fall of snowflakes,1,1-2
1284,5e644ab5f9af8b24613386e8,39,2020-02-18 16:17:24,2020-02-19 01:31:32,2020-02-18 18:47:28,10.74,2_39_92_436_2020-02-18 16:16:11.943638,2,CA-318,2-39-92-436,America/Los_Angeles,2461.0,400.0,12.0,30.0,273.0,"Tue, 18 Feb 2020 16:17:24 GMT",True,"Tue, 18 Feb 2020 20:50:24 GMT",2461.0,,,,,,,,,9.235555555555555,0 days 09:14:08,0 days 06:44:04,Continuous fall of snowflakes,1,1-2
1285,5e644ab5f9af8b24613386e9,39,2020-02-18 16:33:24,2020-02-19 01:20:55,2020-02-18 18:05:56,4.743,2_39_79_379_2020-02-18 16:33:24.031430,2,CA-327,2-39-79-379,America/Los_Angeles,751.0,400.0,28.0,70.0,720.0,"Tue, 18 Feb 2020 16:34:18 GMT",True,"Wed, 19 Feb 2020 04:33:24 GMT",751.0,,,,,,,,,8.791944444444445,0 days 08:47:31,0 days 07:14:59,Continuous fall of snowflakes,1,1-2
1286,5e644ab5f9af8b24613386ea,39,2020-02-18 16:45:56,2020-02-19 02:00:47,2020-02-18 17:58:42,3.729,2_39_130_31_2020-02-18 16:45:55.550109,2,CA-306,2-39-130-31,America/Los_Angeles,347.0,600.0,12.0,20.0,77.0,"Tue, 18 Feb 2020 16:46:29 GMT",True,"Tue, 18 Feb 2020 18:02:56 GMT",347.0,,,,,,,,,9.2475,0 days 09:14:51,0 days 08:02:05,Continuous fall of snowflakes,2,2-3
1287,5e644ab5f9af8b24613386eb,39,2020-02-18 16:47:10,2020-02-19 01:57:09,2020-02-18 19:44:57,17.266,2_39_89_25_2020-02-18 16:47:09.552838,2,CA-315,2-39-89-25,America/Los_Angeles,431.0,300.0,21.0,70.0,219.0,"Tue, 18 Feb 2020 16:47:29 GMT",True,"Tue, 18 Feb 2020 20:26:10 GMT",431.0,,,,,,,,,9.16638888888889,0 days 09:09:59,0 days 06:12:12,Continuous fall of snowflakes,1,1-2
1288,5e644ab5f9af8b24613386ec,39,2020-02-18 16:48:34,2020-02-19 02:56:52,2020-02-18 21:05:17,14.202,2_39_126_560_2020-02-18 16:48:33.618182,2,CA-506,2-39-126-560,America/Los_Angeles,1534.0,250.0,15.0,60.0,404.0,"Tue, 18 Feb 2020 16:49:33 GMT",True,"Tue, 18 Feb 2020 23:32:34 GMT",1534.0,,,,,,,,,10.138333333333334,0 days 10:08:18,0 days 05:51:35,Continuous fall of snowflakes,2,2-3
1289,5e644ab5f9af8b24613386ed,39,2020-02-18 16:50:10,2020-02-19 06:46:38,2020-02-19 00:36:04,0.835,2_39_79_381_2020-02-18 16:50:09.740783,2,CA-490,2-39-79-381,America/Los_Angeles,,,,,,,,,,,,,,,,,,13.94111111111111,0 days 13:56:28,0 days 06:10:34,Continuous fall of snowflakes,6,6-7
1290,5e644ab5f9af8b24613386ee,39,2020-02-18 16:50:27,2020-02-18 19:46:35,2020-02-18 18:43:35,5.098,2_39_127_19_2020-02-18 16:50:26.700004,2,CA-309,2-39-127-19,America/Los_Angeles,562.0,325.0,6.5,20.0,188.0,"Tue, 18 Feb 2020 16:52:58 GMT",True,"Tue, 18 Feb 2020 19:58:27 GMT",562.0,,,,,,,,,2.9355555555555557,0 days 02:56:08,0 days 01:03:00,"Drizzle, not freezing, continuous",19,19-20
1291,5e644ab5f9af8b24613386ef,39,2020-02-18 17:10:05,2020-02-19 01:00:31,2020-02-18 17:53:04,1.733,2_39_89_439_2020-02-18 17:10:04.834078,2,CA-501,2-39-89-439,America/Los_Angeles,743.0,400.0,8.0,20.0,443.0,"Tue, 18 Feb 2020 17:10:15 GMT",True,"Wed, 19 Feb 2020 00:33:05 GMT",743.0,,,,,,,,,7.8405555555555555,0 days 07:50:26,0 days 07:07:27,Continuous fall of snowflakes,1,1-2
1292,5e644ab5f9af8b24613386f0,39,2020-02-18 17:10:10,2020-02-19 00:32:34,2020-02-18 22:01:36,11.135,2_39_78_365_2020-02-18 17:10:09.980229,2,CA-321,2-39-78-365,America/Los_Angeles,1095.0,400.0,16.0,40.0,444.0,"Tue, 18 Feb 2020 17:10:29 GMT",True,"Wed, 19 Feb 2020 00:34:10 GMT",1095.0,,,,,,,,,7.373333333333333,0 days 07:22:24,0 days 02:30:58,Continuous fall of snowflakes,0,0-1
1293,5e644ab5f9af8b24613386f1,39,2020-02-18 17:10:23,2020-02-19 02:58:16,2020-02-18 18:36:21,4.425,2_39_125_21_2020-02-18 17:10:23.378142,2,CA-311,2-39-125-21,America/Los_Angeles,567.0,400.0,8.0,20.0,434.0,"Tue, 18 Feb 2020 17:10:32 GMT",True,"Wed, 19 Feb 2020 00:24:23 GMT",567.0,,,,,,,,,9.798055555555555,0 days 09:47:53,0 days 08:21:55,Continuous fall of snowflakes,2,2-3
1294,5e644ab5f9af8b24613386f2,39,2020-02-18 17:12:49,2020-02-18 19:34:33,2020-02-18 19:34:29,15.406,2_39_92_442_2020-02-18 17:12:48.999168,2,CA-498,2-39-92-442,America/Los_Angeles,564.0,231.0,41.58,180.0,539.0,"Tue, 18 Feb 2020 17:13:32 GMT",True,"Wed, 19 Feb 2020 02:11:49 GMT",564.0,,,,,,,,,2.362222222222222,0 days 02:21:44,0 days 00:00:04,"Drizzle, not freezing, continuous",19,19-20
1295,5e644ab5f9af8b24613386f3,39,2020-02-18 17:29:01,2020-02-19 03:26:46,2020-02-18 18:33:07,3.131,2_39_123_23_2020-02-18 17:29:01.384706,2,CA-313,2-39-123-23,America/Los_Angeles,2170.0,400.0,28.0,70.0,417.0,"Tue, 18 Feb 2020 17:29:07 GMT",True,"Wed, 19 Feb 2020 00:26:01 GMT",2170.0,,,,,,,,,9.9625,0 days 09:57:45,0 days 08:53:39,Continuous fall of snowflakes,3,3-4
1296,5e644ab5f9af8b24613386f4,39,2020-02-18 17:45:33,2020-02-19 00:16:24,2020-02-18 18:32:10,4.548,2_39_124_22_2020-02-18 17:45:33.148099,2,CA-312,2-39-124-22,America/Los_Angeles,1912.0,400.0,20.0,50.0,392.0,"Tue, 18 Feb 2020 17:45:47 GMT",True,"Wed, 19 Feb 2020 00:17:33 GMT",1912.0,,,,,,,,,6.514166666666667,0 days 06:30:51,0 days 05:44:14,Continuous fall of snowflakes,0,0-1
1297,5e644ab5f9af8b24613386f5,39,2020-02-18 17:47:58,2020-02-19 01:14:54,2020-02-18 20:34:26,9.422,2_39_90_26_2020-02-18 17:47:57.581190,2,CA-316,2-39-90-26,America/Los_Angeles,620.0,400.0,12.0,30.0,437.0,"Tue, 18 Feb 2020 17:54:50 GMT",True,"Wed, 19 Feb 2020 01:04:58 GMT",620.0,,,,,,,,,7.448888888888889,0 days 07:26:56,0 days 04:40:28,Continuous fall of snowflakes,1,1-2
1298,5e644ab5f9af8b24613386f6,39,2020-02-18 17:55:03,2020-02-19 03:16:32,2020-02-18 20:30:07,15.445,2_39_95_27_2020-02-18 17:55:03.166578,2,CA-319,2-39-95-27,America/Los_Angeles,558.0,400.0,36.0,90.0,60.0,"Tue, 18 Feb 2020 17:55:05 GMT",True,"Tue, 18 Feb 2020 18:55:03 GMT",558.0,,,,,,,,,9.358055555555556,0 days 09:21:29,0 days 06:46:25,Continuous fall of snowflakes,3,3-4
1299,5e644ab5f9af8b24613386f7,39,2020-02-18 17:55:04,2020-02-19 01:15:01,2020-02-18 23:17:17,17.82,2_39_78_364_2020-02-18 17:55:04.450051,2,CA-495,2-39-78-364,America/Los_Angeles,714.0,400.0,32.0,80.0,449.0,"Tue, 18 Feb 2020 17:55:23 GMT",True,"Wed, 19 Feb 2020 01:24:04 GMT",714.0,,,,,,,,,7.3325,0 days 07:19:57,0 days 01:57:44,Continuous fall of snowflakes,1,1-2
1300,5e644ab5f9af8b24613386f8,39,2020-02-18 18:16:54,2020-02-18 18:51:58,2020-02-18 18:51:54,3.766,2_39_91_441_2020-02-18 18:16:54.341450,2,CA-499,2-39-91-441,America/Los_Angeles,668.0,425.0,12.75,30.0,61.0,"Tue, 18 Feb 2020 18:17:03 GMT",True,"Tue, 18 Feb 2020 19:17:54 GMT",668.0,,,,,,,,,0.5844444444444444,0 days 00:35:04,0 days 00:00:04,"Drizzle, not freezing, continuous",18,18-19
1301,5e644ab5f9af8b24613386f9,39,2020-02-18 18:18:00,2020-02-19 01:53:41,2020-02-18 19:07:31,1.999,2_39_79_378_2020-02-18 18:18:00.230357,2,CA-326,2-39-79-378,America/Los_Angeles,891.0,400.0,8.0,20.0,216.0,"Tue, 18 Feb 2020 18:18:07 GMT",True,"Tue, 18 Feb 2020 21:54:00 GMT",891.0,,,,,,,,,7.594722222222222,0 days 07:35:41,0 days 06:46:10,Continuous fall of snowflakes,1,1-2
1302,5e644ab5f9af8b24613386fa,39,2020-02-18 18:37:52,2020-02-18 19:29:23,2020-02-18 19:23:32,1.044,2_39_78_367_2020-02-18 18:37:52.488321,2,CA-494,2-39-78-367,America/Los_Angeles,,,,,,,,,,,,,,,,,,0.8586111111111111,0 days 00:51:31,0 days 00:05:51,"Drizzle, not freezing, continuous",19,19-20
1303,5e644ab5f9af8b24613386fb,39,2020-02-18 18:39:25,2020-02-19 00:46:11,2020-02-19 00:46:05,24.286,2_39_78_360_2020-02-18 18:39:25.193613,2,CA-322,2-39-78-360,America/Los_Angeles,1137.0,400.0,36.0,90.0,344.0,"Tue, 18 Feb 2020 18:39:55 GMT",True,"Wed, 19 Feb 2020 00:23:25 GMT",1137.0,,,,,,,,,6.112777777777778,0 days 06:06:46,0 days 00:00:06,Continuous fall of snowflakes,0,0-1
1304,5e644ab5f9af8b24613386fc,39,2020-02-18 18:55:16,2020-02-19 01:08:19,2020-02-18 23:25:27,15.076,2_39_79_376_2020-02-18 18:55:15.714762,2,CA-324,2-39-79-376,America/Los_Angeles,832.0,400.0,12.0,30.0,366.0,"Tue, 18 Feb 2020 18:56:08 GMT",True,"Wed, 19 Feb 2020 01:01:16 GMT",832.0,,,,,,,,,6.2175,0 days 06:13:03,0 days 01:42:52,Continuous fall of snowflakes,1,1-2
1305,5e644ab5f9af8b24613386fd,39,2020-02-18 18:55:47,2020-02-19 01:41:58,2020-02-19 01:42:58,6.723,2_39_78_362_2020-02-18 18:55:47.273534,2,CA-496,2-39-78-362,America/Los_Angeles,5368.0,400.0,8.0,20.0,73.0,"Tue, 18 Feb 2020 18:56:08 GMT",True,"Tue, 18 Feb 2020 20:08:47 GMT",5368.0,,,,,,,,,6.769722222222223,0 days 06:46:11,-1 days +23:59:00,Continuous fall of snowflakes,1,1-2
1306,5e644ab5f9af8b24613386fe,39,2020-02-18 19:34:00,2020-02-18 20:05:04,2020-02-18 20:04:58,1.718,2_39_88_24_2020-02-18 19:33:59.521964,2,CA-314,2-39-88-24,America/Los_Angeles,1093.0,333.0,6.66,20.0,199.0,"Tue, 18 Feb 2020 19:34:16 GMT",True,"Tue, 18 Feb 2020 22:53:00 GMT",1093.0,,,,,,,,,0.5177777777777778,0 days 00:31:04,0 days 00:00:06,"Drizzle, not freezing, continuous",20,20-21
1307,5e644ab5f9af8b24613386ff,39,2020-02-18 19:40:32,2020-02-18 20:11:00,2020-02-18 20:10:56,1.723,2_39_92_442_2020-02-18 19:40:31.731370,2,CA-498,2-39-92-442,America/Los_Angeles,515.0,400.0,12.0,30.0,314.0,"Tue, 18 Feb 2020 19:40:59 GMT",True,"Wed, 19 Feb 2020 00:54:32 GMT",515.0,,,,,,,,,0.5077777777777778,0 days 00:30:28,0 days 00:00:04,"Drizzle, not freezing, continuous",20,20-21
1308,5e644ab5f9af8b2461338700,39,2020-02-18 19:52:30,2020-02-18 21:35:53,2020-02-18 21:35:48,9.569,2_39_127_19_2020-02-18 19:52:30.330645,2,CA-309,2-39-127-19,America/Los_Angeles,346.0,400.0,12.0,30.0,120.0,"Tue, 18 Feb 2020 19:53:05 GMT",True,"Tue, 18 Feb 2020 21:52:30 GMT",346.0,,,,,,,,,1.7230555555555556,0 days 01:43:23,0 days 00:00:05,"Drizzle, not freezing, continuous",21,21-22
1309,5e644ab5f9af8b2461338701,39,2020-02-18 19:56:05,2020-02-19 02:49:20,2020-02-18 21:09:30,2.444,2_39_91_441_2020-02-18 19:56:04.770740,2,CA-499,2-39-91-441,America/Los_Angeles,1082.0,400.0,8.0,20.0,64.0,"Tue, 18 Feb 2020 19:56:30 GMT",True,"Tue, 18 Feb 2020 21:00:05 GMT",1082.0,,,,,,,,,6.8875,0 days 06:53:15,0 days 05:39:50,Continuous fall of snowflakes,2,2-3
1310,5e644ab5f9af8b2461338702,39,2020-02-18 20:04:35,2020-02-18 21:16:15,2020-02-18 21:15:00,1.052,2_39_78_367_2020-02-18 20:04:34.912266,2,CA-494,2-39-78-367,America/Los_Angeles,,,,,,,,,,,,,,,,,,1.1944444444444444,0 days 01:11:40,0 days 00:01:15,"Drizzle, not freezing, continuous",21,21-22
1311,5e644ab5f9af8b2461338703,39,2020-02-18 20:16:29,2020-02-18 20:45:03,2020-02-18 20:44:58,0.767,2_39_95_444_2020-02-18 20:16:28.866390,2,CA-497,2-39-95-444,America/Los_Angeles,,,,,,,,,,,,,,,,,,0.4761111111111111,0 days 00:28:34,0 days 00:00:05,"Drizzle, not freezing, continuous",20,20-21
1312,5e644ab5f9af8b2461338704,39,2020-02-18 20:30:08,2020-02-19 01:44:09,2020-02-18 21:27:52,1.322,2_39_79_383_2020-02-18 20:30:08.379643,2,CA-492,2-39-79-383,America/Los_Angeles,,,,,,,,,,,,,,,,,,5.233611111111111,0 days 05:14:01,0 days 04:16:17,Continuous fall of snowflakes,1,1-2
1313,5e644ab5f9af8b2461338705,39,2020-02-18 20:32:24,2020-02-19 01:21:31,2020-02-18 21:26:50,5.424,2_39_91_437_2020-02-18 20:32:23.952697,2,CA-317,2-39-91-437,America/Los_Angeles,1001.0,600.0,12.0,20.0,129.0,"Tue, 18 Feb 2020 20:32:27 GMT",True,"Tue, 18 Feb 2020 22:41:24 GMT",1001.0,,,,,,,,,4.818611111111111,0 days 04:49:07,0 days 03:54:41,Continuous fall of snowflakes,1,1-2
1314,5e644ab5f9af8b2461338706,39,2020-02-18 20:47:52,2020-02-18 23:13:01,2020-02-18 22:13:03,3.85,2_39_88_24_2020-02-18 20:47:40.159622,2,CA-314,2-39-88-24,America/Los_Angeles,3577.0,400.0,8.0,20.0,154.0,"Tue, 18 Feb 2020 20:47:52 GMT",True,"Tue, 18 Feb 2020 23:21:52 GMT",3577.0,,,,,,,,,2.4191666666666665,0 days 02:25:09,0 days 00:59:58,"Drizzle, not freezing, continuous",23,23-24
1315,5e644ab5f9af8b2461338707,39,2020-02-18 21:32:30,2020-02-18 22:08:40,2020-02-18 22:07:42,1.025,2_39_78_367_2020-02-18 21:32:29.597336,2,CA-494,2-39-78-367,America/Los_Angeles,,,,,,,,,,,,,,,,,,0.6027777777777777,0 days 00:36:10,0 days 00:00:58,"Drizzle, not freezing, continuous",22,22-23
1316,5e644ab5f9af8b2461338708,39,2020-02-18 21:41:19,2020-02-19 00:45:32,2020-02-18 23:31:23,0.833,2_39_128_562_2020-02-18 21:41:19.207021,2,CA-508,2-39-128-562,America/Los_Angeles,,,,,,,,,,,,,,,,,,3.0702777777777777,0 days 03:04:13,0 days 01:14:09,Continuous fall of snowflakes,0,0-1
1317,5e644ab5f9af8b2461338709,39,2020-02-18 21:52:26,2020-02-19 00:55:24,2020-02-18 23:55:38,6.736,2_39_127_19_2020-02-18 21:52:25.598220,2,CA-309,2-39-127-19,America/Los_Angeles,515.0,400.0,12.0,30.0,314.0,"Tue, 18 Feb 2020 21:53:43 GMT",True,"Wed, 19 Feb 2020 03:06:26 GMT",515.0,,,,,,,,,3.0494444444444446,0 days 03:02:58,0 days 00:59:46,Continuous fall of snowflakes,0,0-1
1318,5e644ab5f9af8b246133870a,39,2020-02-18 22:25:11,2020-02-18 23:28:06,2020-02-18 23:27:03,1.055,2_39_78_367_2020-02-18 22:25:11.440729,2,CA-494,2-39-78-367,America/Los_Angeles,,,,,,,,,,,,,,,,,,1.0486111111111112,0 days 01:02:55,0 days 00:01:03,"Drizzle, not freezing, continuous",23,23-24
1319,5e644ab5f9af8b246133870b,39,2020-02-18 23:44:34,2020-02-19 00:20:06,2020-02-19 00:19:24,1.04,2_39_78_367_2020-02-18 23:44:33.917877,2,CA-494,2-39-78-367,America/Los_Angeles,,,,,,,,,,,,,,,,,,0.5922222222222222,0 days 00:35:32,0 days 00:00:42,Continuous fall of snowflakes,0,0-1
1320,5e644ab5f9af8b246133870c,39,2020-02-19 00:30:49,2020-02-19 01:55:40,2020-02-19 01:01:01,0.84,2_39_139_28_2020-02-19 00:30:49.164615,2,CA-303,2-39-139-28,America/Los_Angeles,,,,,,,,,,,,,,,,,,1.4141666666666666,0 days 01:24:51,0 days 00:54:39,Continuous fall of snowflakes,1,1-2
1321,5e644ab5f9af8b246133870d,39,2020-02-19 00:37:29,2020-02-19 01:06:28,2020-02-19 01:06:22,0.594,2_39_78_367_2020-02-19 00:37:29.421599,2,CA-494,2-39-78-367,America/Los_Angeles,,,,,,,,,,,,,,,,,,0.48305555555555557,0 days 00:28:59,0 days 00:00:06,Continuous fall of snowflakes,1,1-2
1322,5e644ab5f9af8b246133870e,39,2020-02-19 01:21:10,2020-02-19 02:42:45,2020-02-19 01:55:19,1.254,2_39_131_30_2020-02-19 01:21:10.471513,2,CA-305,2-39-131-30,America/Los_Angeles,365.0,333.0,9.99,30.0,104.0,"Wed, 19 Feb 2020 01:21:19 GMT",True,"Wed, 19 Feb 2020 03:05:10 GMT",365.0,,,,,,,,,1.3597222222222223,0 days 01:21:35,0 days 00:47:26,Continuous fall of snowflakes,2,2-3
1323,5e644ab5f9af8b246133870f,39,2020-02-19 03:55:10,2020-02-19 06:36:20,2020-02-19 06:36:16,14.506,2_39_79_382_2020-02-19 03:55:10.145268,2,CA-491,2-39-79-382,America/Los_Angeles,4701.0,300.0,15.0,50.0,172.0,"Wed, 19 Feb 2020 03:55:18 GMT",True,"Wed, 19 Feb 2020 06:47:10 GMT",4701.0,,,,,,,,,2.686111111111111,0 days 02:41:10,0 days 00:00:04,Continuous fall of snowflakes,6,6-7
1324,5e644ab5f9af8b2461338710,39,2020-02-19 04:22:57,2020-02-19 05:44:58,2020-02-19 05:44:54,4.652,2_39_129_17_2020-02-19 04:22:56.998345,2,CA-307,2-39-129-17,America/Los_Angeles,1263.0,400.0,8.0,20.0,115.0,"Wed, 19 Feb 2020 04:23:39 GMT",True,"Wed, 19 Feb 2020 06:17:57 GMT",1263.0,,,,,,,,,1.3669444444444445,0 days 01:22:01,0 days 00:00:04,Continuous fall of snowflakes,5,5-6
1325,5e658e25f9af8b2865a5f4a8,39,2020-02-19 10:16:00,2020-02-19 12:50:49,2020-02-19 12:50:45,13.206,2_39_139_28_2020-02-19 10:16:00.402226,2,CA-303,2-39-139-28,America/Los_Angeles,300.0,400.0,32.0,80.0,638.0,"Wed, 19 Feb 2020 10:51:20 GMT",True,"Wed, 19 Feb 2020 20:54:00 GMT",300.0,,,,,,,,,2.580277777777778,0 days 02:34:49,0 days 00:00:04,Continuous fall of snowflakes,12,12-13
1326,5e658e25f9af8b2865a5f4a9,39,2020-02-19 15:47:21,2020-02-19 22:21:37,2020-02-19 16:56:33,3.498,2_39_131_30_2020-02-19 15:47:20.545563,2,CA-305,2-39-131-30,America/Los_Angeles,347.0,600.0,12.0,20.0,77.0,"Wed, 19 Feb 2020 15:47:33 GMT",True,"Wed, 19 Feb 2020 17:04:21 GMT",347.0,,,,,,,,,6.571111111111111,0 days 06:34:16,0 days 05:25:04,Continuous fall of snowflakes,22,22-23
1327,5e658e25f9af8b2865a5f4aa,39,2020-02-19 15:48:28,2020-02-20 01:52:14,2020-02-19 22:50:54,3.304,2_39_79_377_2020-02-19 15:48:27.873517,2,CA-325,2-39-79-377,America/Los_Angeles,,,,,,,,,,,,,,,,,,10.062777777777777,0 days 10:03:46,0 days 03:01:20,"Rain, not freezing, continuous",1,1-2
1328,5e658e25f9af8b2865a5f4ab,39,2020-02-19 15:56:00,2020-02-19 21:20:59,2020-02-19 16:26:12,0.809,2_39_79_380_2020-02-19 15:56:00.164285,2,CA-489,2-39-79-380,America/Los_Angeles,,,,,,,,,,,,,,,,,,5.416388888888889,0 days 05:24:59,0 days 04:54:47,Continuous fall of snowflakes,21,21-22
1329,5e658e25f9af8b2865a5f4ac,39,2020-02-19 16:12:01,2020-02-20 01:16:04,2020-02-19 18:01:44,9.406,2_39_78_366_2020-02-19 16:12:01.058468,2,CA-323,2-39-78-366,America/Los_Angeles,3853.0,360.0,21.6,60.0,405.0,"Wed, 19 Feb 2020 16:12:23 GMT",True,"Wed, 19 Feb 2020 22:57:01 GMT",3853.0,,,,,,,,,9.0675,0 days 09:04:03,0 days 07:14:20,"Rain, not freezing, continuous",1,1-2
1330,5e658e25f9af8b2865a5f4ad,39,2020-02-19 16:24:38,2020-02-20 01:43:06,2020-02-20 00:47:00,53.265,2_39_79_378_2020-02-19 16:24:37.812042,2,CA-326,2-39-79-378,America/Los_Angeles,3424.0,295.0,59.0,200.0,546.0,"Wed, 19 Feb 2020 16:25:02 GMT",True,"Thu, 20 Feb 2020 01:30:38 GMT",3424.0,,,,,,,,,9.307777777777778,0 days 09:18:28,0 days 00:56:06,"Rain, not freezing, continuous",1,1-2
1331,5e658e25f9af8b2865a5f4ae,39,2020-02-19 16:33:11,2020-02-20 01:39:54,2020-02-19 19:21:55,13.043,2_39_79_376_2020-02-19 16:33:11.315653,2,CA-324,2-39-79-376,America/Los_Angeles,945.0,400.0,32.0,80.0,62.0,"Wed, 19 Feb 2020 16:33:57 GMT",True,"Wed, 19 Feb 2020 17:35:11 GMT",945.0,,,,,,,,,9.111944444444445,0 days 09:06:43,0 days 06:17:59,"Rain, not freezing, continuous",1,1-2
1332,5e658e25f9af8b2865a5f4af,39,2020-02-19 16:41:30,2020-02-20 01:45:27,2020-02-19 19:54:56,10.982,2_39_129_17_2020-02-19 16:41:29.701061,2,CA-307,2-39-129-17,America/Los_Angeles,712.0,400.0,24.0,60.0,416.0,"Wed, 19 Feb 2020 16:41:38 GMT",True,"Wed, 19 Feb 2020 23:37:30 GMT",712.0,,,,,,,,,9.065833333333334,0 days 09:03:57,0 days 05:50:31,"Rain, not freezing, continuous",1,1-2
1333,5e658e25f9af8b2865a5f4b0,39,2020-02-19 16:43:05,2020-02-20 08:00:05,2020-02-19 18:56:36,5.831,2_39_79_383_2020-02-19 16:43:05.059589,2,CA-492,2-39-79-383,America/Los_Angeles,1222.0,400.0,8.0,20.0,72.0,"Wed, 19 Feb 2020 16:43:23 GMT",True,"Wed, 19 Feb 2020 17:55:05 GMT",1222.0,,,,,,,,,15.283333333333333,0 days 15:17:00,0 days 13:03:29,"Rain, not freezing, continuous",8,8-9
1334,5e658e25f9af8b2865a5f4b1,39,2020-02-19 16:50:43,2020-02-19 20:20:37,2020-02-19 18:31:29,5.29,2_39_127_19_2020-02-19 16:50:42.661074,2,CA-309,2-39-127-19,America/Los_Angeles,562.0,325.0,6.5,20.0,188.0,"Wed, 19 Feb 2020 16:51:00 GMT",True,"Wed, 19 Feb 2020 19:58:43 GMT",562.0,,,,,,,,,3.4983333333333335,0 days 03:29:54,0 days 01:49:08,Continuous fall of snowflakes,20,20-21
1335,5e658e25f9af8b2865a5f4b2,39,2020-02-19 17:00:08,2020-02-20 00:37:00,2020-02-20 00:38:00,2.985,2_39_78_362_2020-02-19 17:00:08.165536,2,CA-496,2-39-78-362,America/Los_Angeles,858.0,400.0,8.0,20.0,254.0,"Wed, 19 Feb 2020 17:00:40 GMT",True,"Wed, 19 Feb 2020 21:14:08 GMT",858.0,,,,,,,,,7.614444444444445,0 days 07:36:52,-1 days +23:59:00,"Rain, not freezing, continuous",0,0-1
1336,5e658e25f9af8b2865a5f4b3,39,2020-02-19 17:05:47,2020-02-20 01:14:18,2020-02-19 19:59:29,9.834,2_39_90_26_2020-02-19 17:05:47.031463,2,CA-316,2-39-90-26,America/Los_Angeles,1364.0,400.0,28.0,70.0,182.0,"Wed, 19 Feb 2020 17:05:51 GMT",True,"Wed, 19 Feb 2020 20:07:47 GMT",1364.0,,,,,,,,,8.141944444444444,0 days 08:08:31,0 days 05:14:49,"Rain, not freezing, continuous",1,1-2
1337,5e658e25f9af8b2865a5f4b4,39,2020-02-19 17:11:08,2020-02-19 17:33:13,2020-02-19 17:33:07,1.884,2_39_78_361_2020-02-19 17:11:08.111697,2,CA-493,2-39-78-361,America/Los_Angeles,4701.0,300.0,15.0,50.0,319.0,"Wed, 19 Feb 2020 17:11:19 GMT",True,"Wed, 19 Feb 2020 22:30:08 GMT",4701.0,,,,,,,,,0.3680555555555556,0 days 00:22:05,0 days 00:00:06,Continuous fall of snowflakes,17,17-18
1338,5e658e25f9af8b2865a5f4b5,39,2020-02-19 17:19:08,2020-02-20 03:08:08,2020-02-19 18:30:07,3.645,2_39_125_21_2020-02-19 17:19:07.690586,2,CA-311,2-39-125-21,America/Los_Angeles,567.0,400.0,8.0,20.0,434.0,"Wed, 19 Feb 2020 17:19:15 GMT",True,"Thu, 20 Feb 2020 00:33:08 GMT",567.0,,,,,,,,,9.816666666666666,0 days 09:49:00,0 days 08:38:01,"Rain, not freezing, continuous",3,3-4
1339,5e658e25f9af8b2865a5f4b6,39,2020-02-19 17:28:17,2020-02-20 01:13:49,2020-02-19 23:34:23,0.897,2_39_79_381_2020-02-19 17:28:17.493939,2,CA-490,2-39-79-381,America/Los_Angeles,,,,,,,,,,,,,,,,,,7.7588888888888885,0 days 07:45:32,0 days 01:39:26,"Rain, not freezing, continuous",1,1-2
1340,5e658e25f9af8b2865a5f4b7,39,2020-02-19 17:31:13,2020-02-20 01:43:36,2020-02-19 18:57:55,4.21,2_39_89_25_2020-02-19 17:31:13.096909,2,CA-315,2-39-89-25,America/Los_Angeles,743.0,400.0,8.0,20.0,443.0,"Wed, 19 Feb 2020 17:31:22 GMT",True,"Thu, 20 Feb 2020 00:54:13 GMT",743.0,,,,,,,,,8.206388888888888,0 days 08:12:23,0 days 06:45:41,"Rain, not freezing, continuous",1,1-2
1341,5e658e25f9af8b2865a5f4b8,39,2020-02-19 17:31:43,2020-02-20 02:51:11,2020-02-19 18:41:33,3.135,2_39_126_20_2020-02-19 17:31:43.096590,2,CA-310,2-39-126-20,America/Los_Angeles,1864.0,400.0,8.0,20.0,452.0,"Wed, 19 Feb 2020 17:31:44 GMT",True,"Thu, 20 Feb 2020 01:03:43 GMT",1864.0,,,,,,,,,9.324444444444444,0 days 09:19:28,0 days 08:09:38,"Rain, not freezing, continuous",2,2-3
1342,5e658e25f9af8b2865a5f4b9,39,2020-02-19 17:33:13,2020-02-20 06:13:27,2020-02-19 18:35:20,6.213,2_39_78_363_2020-02-19 17:33:12.646012,2,CA-320,2-39-78-363,America/Los_Angeles,714.0,400.0,32.0,80.0,449.0,"Wed, 19 Feb 2020 17:34:04 GMT",True,"Thu, 20 Feb 2020 01:02:13 GMT",714.0,,,,,,,,,12.670555555555556,0 days 12:40:14,0 days 11:38:07,"Rain, not freezing, continuous",6,6-7
1343,5e658e25f9af8b2865a5f4ba,39,2020-02-19 17:43:56,2020-02-20 00:09:08,2020-02-19 19:36:30,11.29,2_39_123_23_2020-02-19 17:43:56.481965,2,CA-313,2-39-123-23,America/Los_Angeles,1912.0,400.0,20.0,50.0,392.0,"Wed, 19 Feb 2020 17:44:01 GMT",True,"Thu, 20 Feb 2020 00:15:56 GMT",1912.0,,,,,,,,,6.42,0 days 06:25:12,0 days 04:32:38,"Rain, not freezing, continuous",0,0-1
1344,5e658e25f9af8b2865a5f4bb,39,2020-02-19 17:50:36,2020-02-19 19:39:48,2020-02-19 19:30:18,0.891,2_39_78_361_2020-02-19 17:50:36.298023,2,CA-493,2-39-78-361,America/Los_Angeles,,,,,,,,,,,,,,,,,,1.82,0 days 01:49:12,0 days 00:09:30,Continuous fall of snowflakes,19,19-20
1345,5e658e25f9af8b2865a5f4bc,39,2020-02-19 17:51:04,2020-02-20 03:07:16,2020-02-19 19:54:41,10.962,2_39_78_365_2020-02-19 17:51:03.545942,2,CA-321,2-39-78-365,America/Los_Angeles,558.0,400.0,28.0,70.0,60.0,"Wed, 19 Feb 2020 17:51:06 GMT",True,"Wed, 19 Feb 2020 18:51:04 GMT",558.0,,,,,,,,,9.27,0 days 09:16:12,0 days 07:12:35,"Rain, not freezing, continuous",3,3-4
1346,5e658e25f9af8b2865a5f4bd,39,2020-02-19 18:00:59,2020-02-20 01:15:58,2020-02-19 19:41:04,4.063,2_39_95_444_2020-02-19 18:00:59.047447,2,CA-497,2-39-95-444,America/Los_Angeles,620.0,400.0,12.0,30.0,395.0,"Wed, 19 Feb 2020 18:01:13 GMT",True,"Thu, 20 Feb 2020 00:35:59 GMT",620.0,,,,,,,,,7.249722222222222,0 days 07:14:59,0 days 05:34:54,"Rain, not freezing, continuous",1,1-2
1347,5e658e25f9af8b2865a5f4be,39,2020-02-19 18:03:06,2020-02-19 20:07:25,2020-02-19 20:02:06,0.911,2_39_78_360_2020-02-19 18:03:05.984394,2,CA-322,2-39-78-360,America/Los_Angeles,,,,,,,,,,,,,,,,,,2.0719444444444446,0 days 02:04:19,0 days 00:05:19,Continuous fall of snowflakes,20,20-21
1348,5e658e25f9af8b2865a5f4bf,39,2020-02-19 18:21:35,2020-02-20 00:30:23,2020-02-19 20:11:24,10.773,2_39_95_27_2020-02-19 18:21:35.247584,2,CA-319,2-39-95-27,America/Los_Angeles,1095.0,400.0,16.0,40.0,342.0,"Wed, 19 Feb 2020 18:21:47 GMT",True,"Thu, 20 Feb 2020 00:03:35 GMT",1095.0,,,,,,,,,6.1466666666666665,0 days 06:08:48,0 days 04:18:59,"Rain, not freezing, continuous",0,0-1
1349,5e658e25f9af8b2865a5f4c0,39,2020-02-19 18:30:27,2020-02-20 01:19:57,2020-02-19 19:56:12,7.889,2_39_92_442_2020-02-19 18:30:26.517284,2,CA-498,2-39-92-442,America/Los_Angeles,832.0,400.0,8.0,20.0,366.0,"Wed, 19 Feb 2020 18:31:01 GMT",True,"Thu, 20 Feb 2020 00:36:27 GMT",832.0,,,,,,,,,6.825,0 days 06:49:30,0 days 05:23:45,"Rain, not freezing, continuous",1,1-2
1350,5e658e25f9af8b2865a5f4c1,39,2020-02-19 19:13:53,2020-02-19 20:16:37,2020-02-19 19:44:57,0.935,2_39_88_24_2020-02-19 19:13:53.188994,2,CA-314,2-39-88-24,America/Los_Angeles,,,,,,,,,,,,,,,,,,1.0455555555555556,0 days 01:02:44,0 days 00:31:40,Continuous fall of snowflakes,20,20-21
1351,5e658e25f9af8b2865a5f4c2,39,2020-02-19 19:14:57,2020-02-20 01:50:59,2020-02-19 21:08:57,6.125,2_39_90_440_2020-02-19 19:14:56.864062,2,CA-500,2-39-90-440,America/Los_Angeles,5368.0,400.0,8.0,20.0,73.0,"Wed, 19 Feb 2020 19:16:03 GMT",True,"Wed, 19 Feb 2020 20:27:57 GMT",5368.0,,,,,,,,,6.600555555555555,0 days 06:36:02,0 days 04:42:02,"Rain, not freezing, continuous",1,1-2
1352,5e658e25f9af8b2865a5f4c3,39,2020-02-19 19:53:01,2020-02-20 01:43:48,2020-02-19 21:04:32,3.596,2_39_124_22_2020-02-19 19:53:01.140044,2,CA-312,2-39-124-22,America/Los_Angeles,2170.0,400.0,28.0,70.0,417.0,"Wed, 19 Feb 2020 19:53:14 GMT",True,"Thu, 20 Feb 2020 02:50:01 GMT",2170.0,,,,,,,,,5.846388888888889,0 days 05:50:47,0 days 04:39:16,"Rain, not freezing, continuous",1,1-2
1353,5e658e25f9af8b2865a5f4c4,39,2020-02-19 19:57:17,2020-02-19 23:06:24,2020-02-19 23:03:23,0.885,2_39_78_361_2020-02-19 19:57:17.318406,2,CA-493,2-39-78-361,America/Los_Angeles,,,,,,,,,,,,,,,,,,3.1519444444444447,0 days 03:09:07,0 days 00:03:01,Continuous fall of snowflakes,23,23-24
1354,5e658e25f9af8b2865a5f4c5,39,2020-02-19 20:22:51,2020-02-19 21:55:48,2020-02-19 21:52:54,0.879,2_39_78_360_2020-02-19 20:22:51.129617,2,CA-322,2-39-78-360,America/Los_Angeles,,,,,,,,,,,,,,,,,,1.5491666666666666,0 days 01:32:57,0 days 00:02:54,Continuous fall of snowflakes,21,21-22
1355,5e658e25f9af8b2865a5f4c6,39,2020-02-19 20:36:23,2020-02-20 01:55:34,2020-02-19 21:18:40,1.745,2_39_88_24_2020-02-19 20:36:22.677066,2,CA-314,2-39-88-24,America/Los_Angeles,891.0,400.0,8.0,20.0,216.0,"Wed, 19 Feb 2020 20:36:32 GMT",True,"Thu, 20 Feb 2020 00:12:23 GMT",891.0,,,,,,,,,5.3197222222222225,0 days 05:19:11,0 days 04:36:54,"Rain, not freezing, continuous",1,1-2
1356,5e658e25f9af8b2865a5f4c7,39,2020-02-19 20:50:28,2020-02-20 01:10:33,2020-02-20 01:10:05,27.779,2_39_91_441_2020-02-19 20:50:22.298478,2,CA-499,2-39-91-441,America/Los_Angeles,3449.0,276.0,5.52,20.0,84.0,"Wed, 19 Feb 2020 20:50:27 GMT",True,"Wed, 19 Feb 2020 22:14:28 GMT",3449.0,276.0,40.02,145.0,85.0,"Wed, 19 Feb 2020 20:52:24 GMT",True,"Wed, 19 Feb 2020 22:15:28 GMT",3449.0,4.334722222222222,0 days 04:20:05,0 days 00:00:28,"Rain, not freezing, continuous",1,1-2
1357,5e658e25f9af8b2865a5f4c8,39,2020-02-19 20:59:19,2020-02-20 00:58:44,2020-02-19 22:53:59,12.194,2_39_91_437_2020-02-19 20:59:19.442491,2,CA-317,2-39-91-437,America/Los_Angeles,1470.0,292.0,29.2,100.0,301.0,"Wed, 19 Feb 2020 20:59:35 GMT",True,"Thu, 20 Feb 2020 02:00:19 GMT",1470.0,,,,,,,,,3.9902777777777776,0 days 03:59:25,0 days 02:04:45,"Rain, not freezing, continuous",0,0-1
1358,5e658e25f9af8b2865a5f4c9,39,2020-02-19 21:00:53,2020-02-20 00:23:26,2020-02-19 21:27:30,1.613,2_39_127_19_2020-02-19 21:00:52.735722,2,CA-309,2-39-127-19,America/Los_Angeles,751.0,400.0,28.0,70.0,720.0,"Wed, 19 Feb 2020 21:01:33 GMT",True,"Thu, 20 Feb 2020 09:00:53 GMT",751.0,,,,,,,,,3.3758333333333335,0 days 03:22:33,0 days 02:55:56,"Rain, not freezing, continuous",0,0-1
1359,5e658e25f9af8b2865a5f4ca,39,2020-02-19 21:15:00,2020-02-19 23:51:54,2020-02-19 23:34:26,4.126,2_39_123_557_2020-02-19 21:14:59.751675,2,CA-503,2-39-123-557,America/Los_Angeles,668.0,425.0,4.25,10.0,83.0,"Wed, 19 Feb 2020 21:15:05 GMT",True,"Wed, 19 Feb 2020 22:38:00 GMT",668.0,,,,,,,,,2.615,0 days 02:36:54,0 days 00:17:28,Continuous fall of snowflakes,23,23-24
1360,5e658e25f9af8b2865a5f4cb,39,2020-02-19 21:48:38,2020-02-19 23:59:35,2020-02-19 23:59:27,8.513,2_39_79_380_2020-02-19 21:48:37.611445,2,CA-489,2-39-79-380,America/Los_Angeles,560.0,400.0,12.0,30.0,258.0,"Wed, 19 Feb 2020 21:48:44 GMT",True,"Thu, 20 Feb 2020 02:06:38 GMT",560.0,400.0,12.0,30.0,132.0,"Wed, 19 Feb 2020 21:48:52 GMT",True,"Thu, 20 Feb 2020 00:00:38 GMT",560.0,2.1825,0 days 02:10:57,0 days 00:00:08,Continuous fall of snowflakes,23,23-24
1361,5e658e25f9af8b2865a5f4cc,39,2020-02-19 21:59:01,2020-02-20 02:52:40,2020-02-20 02:52:35,14.84,2_39_130_564_2020-02-19 21:59:01.087682,2,CA-510,2-39-130-564,America/Los_Angeles,667.0,250.0,42.5,170.0,239.0,"Wed, 19 Feb 2020 22:01:03 GMT",True,"Thu, 20 Feb 2020 01:58:01 GMT",667.0,,,,,,,,,4.894166666666667,0 days 04:53:39,0 days 00:00:05,"Rain, not freezing, continuous",2,2-3
1362,5e658e25f9af8b2865a5f4cd,39,2020-02-19 22:13:13,2020-02-19 22:55:21,2020-02-19 22:50:47,0.893,2_39_78_360_2020-02-19 22:13:13.092759,2,CA-322,2-39-78-360,America/Los_Angeles,,,,,,,,,,,,,,,,,,0.7022222222222222,0 days 00:42:08,0 days 00:04:34,Continuous fall of snowflakes,22,22-23
1363,5e658e25f9af8b2865a5f4ce,39,2020-02-19 23:09:03,2020-02-20 00:26:00,2020-02-20 00:12:34,0.889,2_39_78_360_2020-02-19 23:09:03.402627,2,CA-322,2-39-78-360,America/Los_Angeles,,,,,,,,,,,,,,,,,,1.2825,0 days 01:16:57,0 days 00:13:26,"Rain, not freezing, continuous",0,0-1
1364,5e658e25f9af8b2865a5f4cf,39,2020-02-19 23:51:24,2020-02-20 00:57:39,2020-02-20 00:57:41,6.007,2_39_78_361_2020-02-19 23:51:24.023678,2,CA-493,2-39-78-361,America/Los_Angeles,431.0,300.0,15.0,50.0,149.0,"Wed, 19 Feb 2020 23:51:55 GMT",True,"Thu, 20 Feb 2020 02:20:24 GMT",431.0,,,,,,,,,1.1041666666666667,0 days 01:06:15,-1 days +23:59:58,"Rain, not freezing, continuous",0,0-1
1365,5e658e25f9af8b2865a5f4d0,39,2020-02-20 00:05:30,2020-02-20 07:08:00,2020-02-20 01:08:36,2.087,2_39_88_438_2020-02-20 00:05:29.747806,2,CA-502,2-39-88-438,America/Los_Angeles,1082.0,400.0,8.0,20.0,64.0,"Thu, 20 Feb 2020 00:05:46 GMT",True,"Thu, 20 Feb 2020 01:09:30 GMT",1082.0,,,,,,,,,7.041666666666667,0 days 07:02:30,0 days 05:59:24,"Rain, not freezing, continuous",7,7-8
1366,5e658e25f9af8b2865a5f4d1,39,2020-02-20 00:24:19,2020-02-20 01:59:37,2020-02-20 01:22:26,2.763,2_39_123_23_2020-02-20 00:24:18.513547,2,CA-313,2-39-123-23,America/Los_Angeles,1920.0,600.0,12.0,20.0,120.0,"Thu, 20 Feb 2020 00:24:47 GMT",True,"Thu, 20 Feb 2020 02:24:19 GMT",1920.0,600.0,12.0,20.0,120.0,"Thu, 20 Feb 2020 00:24:56 GMT",True,"Thu, 20 Feb 2020 02:24:19 GMT",1920.0,1.5883333333333334,0 days 01:35:18,0 days 00:37:11,"Rain, not freezing, continuous",1,1-2
1367,5e658e25f9af8b2865a5f4d2,39,2020-02-20 01:36:31,2020-02-20 03:04:18,2020-02-20 03:02:44,9.223,2_39_78_367_2020-02-20 01:36:30.809100,2,CA-494,2-39-78-367,America/Los_Angeles,4701.0,300.0,15.0,50.0,174.0,"Thu, 20 Feb 2020 01:36:37 GMT",True,"Thu, 20 Feb 2020 04:30:31 GMT",4701.0,300.0,15.0,50.0,174.0,"Thu, 20 Feb 2020 03:02:34 GMT",True,"Thu, 20 Feb 2020 04:30:31 GMT",4701.0,1.4630555555555556,0 days 01:27:47,0 days 00:01:34,"Rain, not freezing, continuous",3,3-4
1368,5e658e25f9af8b2865a5f4d3,39,2020-02-20 02:55:53,2020-02-20 04:27:46,2020-02-20 04:27:42,6.529,2_39_131_30_2020-02-20 02:55:53.088727,2,CA-305,2-39-131-30,America/Los_Angeles,1564.0,300.0,12.0,40.0,139.0,"Thu, 20 Feb 2020 02:56:09 GMT",True,"Thu, 20 Feb 2020 05:14:53 GMT",1564.0,,,,,,,,,1.531388888888889,0 days 01:31:53,0 days 00:00:04,"Rain, not freezing, continuous",4,4-5
1369,5e658e25f9af8b2865a5f4d4,39,2020-02-20 03:07:48,2020-02-20 05:16:20,2020-02-20 03:37:57,0.847,2_39_129_17_2020-02-20 03:07:48.487996,2,CA-307,2-39-129-17,America/Los_Angeles,,,,,,,,,,,,,,,,,,2.1422222222222222,0 days 02:08:32,0 days 01:38:23,"Rain, not freezing, continuous",5,5-6
1370,5e658e25f9af8b2865a5f4d5,39,2020-02-20 04:21:12,2020-02-20 17:53:34,2020-02-20 06:22:49,6.405,2_39_127_19_2020-02-20 04:21:11.669226,2,CA-309,2-39-127-19,America/Los_Angeles,1410.0,400.0,12.0,30.0,720.0,"Thu, 20 Feb 2020 04:21:17 GMT",True,"Thu, 20 Feb 2020 16:21:12 GMT",1410.0,,,,,,,,,13.539444444444445,0 days 13:32:22,0 days 11:30:45,"Rain, not freezing, continuous",17,17-18
1371,5e658e4ef9af8b2865a5f4d7,39,2020-02-20 15:55:01,2020-02-21 01:34:35,2020-02-20 17:50:54,0.928,2_39_78_366_2020-02-20 15:55:01.085174,2,CA-323,2-39-78-366,America/Los_Angeles,,,,,,,,,,,,,,,,,,9.659444444444444,0 days 09:39:34,0 days 07:43:41,"Drizzle, not freezing, continuous",1,1-2
1372,5e658e4ef9af8b2865a5f4d8,39,2020-02-20 15:57:22,2020-02-21 00:44:22,2020-02-20 17:58:05,6.392,2_39_79_377_2020-02-20 15:57:22.324140,2,CA-325,2-39-79-377,America/Los_Angeles,1124.0,400.0,8.0,20.0,60.0,"Thu, 20 Feb 2020 15:58:01 GMT",True,"Thu, 20 Feb 2020 16:57:22 GMT",1124.0,,,,,,,,,8.783333333333333,0 days 08:47:00,0 days 06:46:17,"Drizzle, not freezing, continuous",0,0-1
1373,5e658e4ef9af8b2865a5f4d9,39,2020-02-20 16:29:05,2020-02-21 00:47:00,2020-02-20 18:16:55,9.303,2_39_79_383_2020-02-20 16:29:05.231468,2,CA-492,2-39-79-383,America/Los_Angeles,1470.0,292.0,11.68,40.0,424.0,"Thu, 20 Feb 2020 16:29:27 GMT",True,"Thu, 20 Feb 2020 23:33:05 GMT",1470.0,,,,,,,,,8.29861111111111,0 days 08:17:55,0 days 06:30:05,"Drizzle, not freezing, continuous",0,0-1
1374,5e658e4ef9af8b2865a5f4da,39,2020-02-20 16:29:28,2020-02-20 22:07:16,2020-02-20 17:33:38,5.85,2_39_89_25_2020-02-20 16:29:28.419146,2,CA-315,2-39-89-25,America/Los_Angeles,431.0,300.0,15.0,50.0,149.0,"Thu, 20 Feb 2020 16:30:00 GMT",True,"Thu, 20 Feb 2020 18:58:28 GMT",431.0,,,,,,,,,5.63,0 days 05:37:48,0 days 04:33:38,"Rain, not freezing, continuous",22,22-23
1375,5e658e4ef9af8b2865a5f4db,39,2020-02-20 16:31:44,2020-02-21 02:10:22,2020-02-20 23:49:45,43.53,2_39_131_30_2020-02-20 16:31:44.500625,2,CA-305,2-39-131-30,America/Los_Angeles,489.0,428.0,102.72,240.0,522.0,"Thu, 20 Feb 2020 16:32:06 GMT",True,"Fri, 21 Feb 2020 01:13:44 GMT",489.0,428.0,102.72,240.0,494.0,"Thu, 20 Feb 2020 16:32:12 GMT",True,"Fri, 21 Feb 2020 00:45:44 GMT",489.0,9.643888888888888,0 days 09:38:38,0 days 02:20:37,"Drizzle, not freezing, continuous",2,2-3
1376,5e658e4ef9af8b2865a5f4dc,39,2020-02-20 16:33:12,2020-02-20 21:36:38,2020-02-20 18:10:20,4.41,2_39_79_382_2020-02-20 16:33:12.388024,2,CA-491,2-39-79-382,America/Los_Angeles,4701.0,300.0,15.0,50.0,405.0,"Thu, 20 Feb 2020 16:33:21 GMT",True,"Thu, 20 Feb 2020 23:18:12 GMT",4701.0,,,,,,,,,5.057222222222222,0 days 05:03:26,0 days 03:26:18,"Rain, not freezing, continuous",21,21-22
1377,5e658e4ef9af8b2865a5f4dd,39,2020-02-20 16:35:00,2020-02-21 01:32:54,2020-02-20 18:55:05,13.074,2_39_95_27_2020-02-20 16:34:59.582902,2,CA-319,2-39-95-27,America/Los_Angeles,1153.0,600.0,24.0,40.0,434.0,"Thu, 20 Feb 2020 16:35:28 GMT",True,"Thu, 20 Feb 2020 23:49:00 GMT",1153.0,,,,,,,,,8.965,0 days 08:57:54,0 days 06:37:49,"Drizzle, not freezing, continuous",1,1-2
1378,5e658e4ef9af8b2865a5f4de,39,2020-02-20 16:39:54,2020-02-20 23:25:31,2020-02-20 22:18:06,13.863,2_39_78_365_2020-02-20 16:39:53.661291,2,CA-321,2-39-78-365,America/Los_Angeles,68.0,214.0,17.12,80.0,303.0,"Thu, 20 Feb 2020 16:40:21 GMT",True,"Thu, 20 Feb 2020 21:42:54 GMT",68.0,,,,,,,,,6.760277777777778,0 days 06:45:37,0 days 01:07:25,"Rain, not freezing, continuous",23,23-24
1379,5e658e4ef9af8b2865a5f4df,39,2020-02-20 16:40:11,2020-02-21 01:51:38,2020-02-20 22:48:15,0.968,2_39_124_558_2020-02-20 16:40:11.417578,2,CA-504,2-39-124-558,America/Los_Angeles,,,,,,,,,,,,,,,,,,9.190833333333334,0 days 09:11:27,0 days 03:03:23,"Drizzle, not freezing, continuous",1,1-2
1380,5e658e4ef9af8b2865a5f4e0,39,2020-02-20 16:56:36,2020-02-21 03:00:15,2020-02-20 18:37:36,5.142,2_39_125_21_2020-02-20 16:56:35.729292,2,CA-311,2-39-125-21,America/Los_Angeles,562.0,325.0,6.5,20.0,188.0,"Thu, 20 Feb 2020 16:56:57 GMT",True,"Thu, 20 Feb 2020 20:04:36 GMT",562.0,,,,,,,,,10.060833333333333,0 days 10:03:39,0 days 08:22:39,"Drizzle, not freezing, continuous",3,3-4
1381,5e658e4ef9af8b2865a5f4e1,39,2020-02-20 16:57:44,2020-02-20 17:54:52,2020-02-20 17:54:46,5.521,2_39_130_31_2020-02-20 16:57:43.580771,2,CA-306,2-39-130-31,America/Los_Angeles,1938.0,400.0,16.0,40.0,141.0,"Thu, 20 Feb 2020 16:58:04 GMT",True,"Thu, 20 Feb 2020 19:18:44 GMT",1938.0,,,,,,,,,0.9522222222222222,0 days 00:57:08,0 days 00:00:06,"Rain, not freezing, continuous",17,17-18
1382,5e658e4ef9af8b2865a5f4e2,39,2020-02-20 17:07:29,2020-02-21 01:59:20,2020-02-21 00:19:21,0.834,2_39_89_439_2020-02-20 17:07:29.260108,2,CA-501,2-39-89-439,America/Los_Angeles,,,,,,,,,,,,,,,,,,8.864166666666666,0 days 08:51:51,0 days 01:39:59,"Drizzle, not freezing, continuous",1,1-2
1383,5e658e4ef9af8b2865a5f4e3,39,2020-02-20 17:19:14,2020-02-20 23:38:47,2020-02-20 22:47:02,11.92,2_39_78_360_2020-02-20 17:19:14.331545,2,CA-322,2-39-78-360,America/Los_Angeles,2461.0,400.0,12.0,30.0,273.0,"Thu, 20 Feb 2020 17:26:35 GMT",True,"Thu, 20 Feb 2020 21:52:14 GMT",2461.0,,,,,,,,,6.325833333333334,0 days 06:19:33,0 days 00:51:45,"Rain, not freezing, continuous",23,23-24
1384,5e658e4ef9af8b2865a5f4e4,39,2020-02-20 17:19:16,2020-02-21 02:19:39,2020-02-21 02:20:39,32.244,2_39_78_362_2020-02-20 17:19:15.847680,2,CA-496,2-39-78-362,America/Los_Angeles,564.0,231.0,32.34,140.0,550.0,"Thu, 20 Feb 2020 17:20:10 GMT",True,"Fri, 21 Feb 2020 02:29:16 GMT",564.0,,,,,,,,,9.006388888888889,0 days 09:00:23,-1 days +23:59:00,"Drizzle, not freezing, continuous",2,2-3
1385,5e658e4ef9af8b2865a5f4e5,39,2020-02-20 17:33:20,2020-02-21 01:20:45,2020-02-20 19:33:19,6.497,2_39_78_367_2020-02-20 17:33:20.112762,2,CA-494,2-39-78-367,America/Los_Angeles,5368.0,400.0,8.0,20.0,73.0,"Thu, 20 Feb 2020 17:36:44 GMT",True,"Thu, 20 Feb 2020 18:46:20 GMT",5368.0,,,,,,,,,7.790277777777778,0 days 07:47:25,0 days 05:47:26,"Drizzle, not freezing, continuous",1,1-2
1386,5e658e4ef9af8b2865a5f4e6,39,2020-02-20 17:46:22,2020-02-20 19:40:11,2020-02-20 19:40:07,12.134,2_39_123_23_2020-02-20 17:46:22.031289,2,CA-313,2-39-123-23,America/Los_Angeles,1912.0,400.0,20.0,50.0,392.0,"Thu, 20 Feb 2020 17:46:36 GMT",True,"Fri, 21 Feb 2020 00:18:22 GMT",1912.0,,,,,,,,,1.8969444444444445,0 days 01:53:49,0 days 00:00:04,"Rain, not freezing, continuous",19,19-20
1387,5e658e4ef9af8b2865a5f4e7,39,2020-02-20 17:54:33,2020-02-21 00:38:13,2020-02-20 21:15:38,14.696,2_39_79_380_2020-02-20 17:54:32.731299,2,CA-489,2-39-79-380,America/Los_Angeles,1137.0,400.0,36.0,90.0,388.0,"Thu, 20 Feb 2020 17:54:53 GMT",True,"Fri, 21 Feb 2020 00:22:33 GMT",1137.0,,,,,,,,,6.727777777777778,0 days 06:43:40,0 days 03:22:35,"Drizzle, not freezing, continuous",0,0-1
1388,5e658e4ef9af8b2865a5f4e8,39,2020-02-20 17:56:09,2020-02-20 20:00:36,2020-02-20 18:50:15,4.709,2_39_127_19_2020-02-20 17:56:09.058849,2,CA-309,2-39-127-19,America/Los_Angeles,798.0,400.0,12.0,30.0,96.0,"Thu, 20 Feb 2020 17:56:25 GMT",True,"Thu, 20 Feb 2020 19:32:09 GMT",798.0,,,,,,,,,2.0741666666666667,0 days 02:04:27,0 days 01:10:21,"Rain, not freezing, continuous",20,20-21
1389,5e658e4ef9af8b2865a5f4e9,39,2020-02-20 17:58:34,2020-02-21 00:18:53,2020-02-21 00:18:34,0.908,2_39_78_361_2020-02-20 17:58:34.045003,2,CA-493,2-39-78-361,America/Los_Angeles,,,,,,,,,,,,,,,,,,6.338611111111111,0 days 06:20:19,0 days 00:00:19,"Drizzle, not freezing, continuous",0,0-1
1390,5e658e4ef9af8b2865a5f4ea,39,2020-02-20 17:59:49,2020-02-21 03:14:44,2020-02-20 19:49:41,11.228,2_39_95_444_2020-02-20 17:59:48.905859,2,CA-497,2-39-95-444,America/Los_Angeles,558.0,400.0,24.0,60.0,60.0,"Thu, 20 Feb 2020 17:59:50 GMT",True,"Thu, 20 Feb 2020 18:59:49 GMT",558.0,,,,,,,,,9.248611111111112,0 days 09:14:55,0 days 07:25:03,"Drizzle, not freezing, continuous",3,3-4
1391,5e658e4ef9af8b2865a5f4eb,39,2020-02-20 18:00:26,2020-02-21 01:07:13,2020-02-20 20:05:06,4.387,2_39_92_436_2020-02-20 18:00:26.146186,2,CA-318,2-39-92-436,America/Los_Angeles,620.0,400.0,12.0,30.0,395.0,"Thu, 20 Feb 2020 18:10:14 GMT",True,"Fri, 21 Feb 2020 00:35:26 GMT",620.0,,,,,,,,,7.1130555555555555,0 days 07:06:47,0 days 05:02:07,"Drizzle, not freezing, continuous",1,1-2
1392,5e658e4ef9af8b2865a5f4ec,39,2020-02-20 18:13:45,2020-02-21 02:43:37,2020-02-20 19:30:39,4.004,2_39_91_437_2020-02-20 18:13:44.828543,2,CA-317,2-39-91-437,America/Los_Angeles,567.0,400.0,8.0,20.0,434.0,"Thu, 20 Feb 2020 18:13:55 GMT",True,"Fri, 21 Feb 2020 01:27:45 GMT",567.0,,,,,,,,,8.497777777777777,0 days 08:29:52,0 days 07:12:58,"Drizzle, not freezing, continuous",2,2-3
1393,5e658e4ef9af8b2865a5f4ed,39,2020-02-20 18:21:46,2020-02-21 00:31:52,2020-02-20 19:44:07,7.884,2_39_92_442_2020-02-20 18:21:45.583364,2,CA-498,2-39-92-442,America/Los_Angeles,1095.0,400.0,16.0,40.0,342.0,"Thu, 20 Feb 2020 18:21:54 GMT",True,"Fri, 21 Feb 2020 00:03:46 GMT",1095.0,,,,,,,,,6.168333333333333,0 days 06:10:06,0 days 04:47:45,"Drizzle, not freezing, continuous",0,0-1
1394,5e658e4ef9af8b2865a5f4ee,39,2020-02-20 18:27:18,2020-02-21 02:11:52,2020-02-20 19:10:43,1.709,2_39_126_20_2020-02-20 18:27:18.494515,2,CA-310,2-39-126-20,America/Los_Angeles,891.0,400.0,8.0,20.0,216.0,"Thu, 20 Feb 2020 18:27:23 GMT",True,"Thu, 20 Feb 2020 22:03:18 GMT",891.0,,,,,,,,,7.7427777777777775,0 days 07:44:34,0 days 07:01:09,"Drizzle, not freezing, continuous",2,2-3
1395,5e658e4ef9af8b2865a5f4ef,39,2020-02-20 18:29:13,2020-02-21 03:18:39,2020-02-20 20:50:21,6.407,2_39_88_438_2020-02-20 18:28:51.921421,2,CA-502,2-39-88-438,America/Los_Angeles,5594.0,360.0,7.2,20.0,350.0,"Thu, 20 Feb 2020 18:29:12 GMT",True,"Fri, 21 Feb 2020 00:19:13 GMT",5594.0,360.0,7.2,20.0,350.0,"Thu, 20 Feb 2020 18:30:38 GMT",True,"Fri, 21 Feb 2020 00:19:13 GMT",5594.0,8.823888888888888,0 days 08:49:26,0 days 06:28:18,"Drizzle, not freezing, continuous",3,3-4
1396,5e658e4ef9af8b2865a5f4f0,39,2020-02-20 18:33:32,2020-02-20 20:28:08,2020-02-20 20:28:04,12.54,2_39_90_26_2020-02-20 18:33:31.532515,2,CA-316,2-39-90-26,America/Los_Angeles,1039.0,400.0,80.0,200.0,327.0,"Thu, 20 Feb 2020 18:33:55 GMT",True,"Fri, 21 Feb 2020 00:00:32 GMT",1039.0,,,,,,,,,1.91,0 days 01:54:36,0 days 00:00:04,"Rain, not freezing, continuous",20,20-21
1397,5e658e4ef9af8b2865a5f4f1,39,2020-02-20 18:42:13,2020-02-21 01:19:55,2020-02-20 19:40:17,2.865,2_39_88_24_2020-02-20 18:42:13.416049,2,CA-314,2-39-88-24,America/Los_Angeles,2170.0,400.0,28.0,70.0,417.0,"Thu, 20 Feb 2020 18:42:23 GMT",True,"Fri, 21 Feb 2020 01:39:13 GMT",2170.0,,,,,,,,,6.628333333333333,0 days 06:37:42,0 days 05:39:38,"Drizzle, not freezing, continuous",1,1-2
1398,5e658e4ef9af8b2865a5f4f2,39,2020-02-20 19:01:33,2020-02-21 02:36:26,2020-02-21 02:36:24,10.326,2_39_78_363_2020-02-20 19:01:33.322160,2,CA-320,2-39-78-363,America/Los_Angeles,714.0,400.0,32.0,80.0,449.0,"Thu, 20 Feb 2020 19:01:40 GMT",True,"Fri, 21 Feb 2020 02:30:33 GMT",714.0,400.0,32.0,80.0,362.0,"Thu, 20 Feb 2020 19:01:57 GMT",True,"Fri, 21 Feb 2020 01:03:33 GMT",714.0,7.581388888888889,0 days 07:34:53,0 days 00:00:02,"Drizzle, not freezing, continuous",2,2-3
1399,5e658e4ef9af8b2865a5f4f3,39,2020-02-20 19:17:08,2020-02-21 05:36:30,2020-02-20 20:08:06,1.577,2_39_91_441_2020-02-20 19:17:08.455113,2,CA-499,2-39-91-441,America/Los_Angeles,324.0,444.0,8.88,20.0,87.0,"Thu, 20 Feb 2020 19:17:28 GMT",True,"Thu, 20 Feb 2020 20:44:08 GMT",324.0,,,,,,,,,10.322777777777778,0 days 10:19:22,0 days 09:28:24,"Drizzle, not freezing, continuous",5,5-6
1400,5e658e4ef9af8b2865a5f4f4,39,2020-02-20 20:36:59,2020-02-21 00:10:33,2020-02-20 22:31:42,5.861,2_39_78_364_2020-02-20 20:36:59.207185,2,CA-495,2-39-78-364,America/Los_Angeles,1091.0,300.0,9.0,30.0,139.0,"Thu, 20 Feb 2020 20:37:15 GMT",True,"Thu, 20 Feb 2020 22:55:59 GMT",1091.0,,,,,,,,,3.5594444444444444,0 days 03:33:34,0 days 01:38:51,"Drizzle, not freezing, continuous",0,0-1
1401,5e658e4ef9af8b2865a5f4f5,39,2020-02-20 20:38:51,2020-02-21 00:53:13,2020-02-20 22:13:01,9.531,2_39_90_26_2020-02-20 20:38:50.983427,2,CA-316,2-39-90-26,America/Los_Angeles,1001.0,600.0,12.0,20.0,129.0,"Thu, 20 Feb 2020 20:39:05 GMT",True,"Thu, 20 Feb 2020 22:47:51 GMT",1001.0,,,,,,,,,4.239444444444445,0 days 04:14:22,0 days 02:40:12,"Drizzle, not freezing, continuous",0,0-1
1402,5e658e4ef9af8b2865a5f4f6,39,2020-02-20 21:00:28,2020-02-20 21:49:32,2020-02-20 21:49:27,5.444,2_39_124_22_2020-02-20 21:00:28.437137,2,CA-312,2-39-124-22,America/Los_Angeles,1039.0,400.0,80.0,200.0,327.0,"Thu, 20 Feb 2020 21:00:44 GMT",True,"Fri, 21 Feb 2020 02:27:28 GMT",1039.0,,,,,,,,,0.8177777777777778,0 days 00:49:04,0 days 00:00:05,"Rain, not freezing, continuous",21,21-22
1403,5e658e4ef9af8b2865a5f4f7,39,2020-02-20 21:04:30,2020-02-20 22:23:23,2020-02-20 22:23:15,4.14,2_39_127_19_2020-02-20 21:04:30.283128,2,CA-309,2-39-127-19,America/Los_Angeles,1236.0,400.0,8.0,20.0,67.0,"Thu, 20 Feb 2020 21:07:54 GMT",True,"Thu, 20 Feb 2020 22:11:30 GMT",1236.0,,,,,,,,,1.3147222222222221,0 days 01:18:53,0 days 00:00:08,"Rain, not freezing, continuous",22,22-23
1404,5e658e4ef9af8b2865a5f4f8,39,2020-02-20 21:32:36,2020-02-21 02:32:43,2020-02-21 02:32:34,25.708,2_39_123_23_2020-02-20 21:32:35.527577,2,CA-313,2-39-123-23,America/Los_Angeles,3270.0,200.0,40.0,200.0,470.0,"Thu, 20 Feb 2020 22:39:29 GMT",True,"Fri, 21 Feb 2020 05:22:36 GMT",3270.0,200.0,40.0,200.0,63.0,"Thu, 20 Feb 2020 22:43:20 GMT",True,"Thu, 20 Feb 2020 22:35:36 GMT",3270.0,5.001944444444445,0 days 05:00:07,0 days 00:00:09,"Drizzle, not freezing, continuous",2,2-3
1405,5e658e4ef9af8b2865a5f4f9,39,2020-02-20 21:46:47,2020-02-20 23:05:29,2020-02-20 23:06:27,0.842,2_39_79_376_2020-02-20 21:46:47.121842,2,CA-324,2-39-79-376,America/Los_Angeles,,,,,,,,,,,,,,,,,,1.3116666666666668,0 days 01:18:42,-1 days +23:59:02,"Rain, not freezing, continuous",23,23-24
1406,5e658e4ef9af8b2865a5f4fa,39,2020-02-20 22:56:30,2020-02-21 02:27:32,2020-02-21 00:59:07,7.768,2_39_79_382_2020-02-20 22:56:30.169093,2,CA-491,2-39-79-382,America/Los_Angeles,4701.0,300.0,15.0,50.0,206.0,"Thu, 20 Feb 2020 22:56:39 GMT",True,"Fri, 21 Feb 2020 02:22:30 GMT",4701.0,300.0,15.0,50.0,206.0,"Fri, 21 Feb 2020 02:27:28 GMT",True,"Fri, 21 Feb 2020 02:22:30 GMT",4701.0,3.5172222222222222,0 days 03:31:02,0 days 01:28:25,"Drizzle, not freezing, continuous",2,2-3
1407,5e658e4ef9af8b2865a5f4fb,39,2020-02-20 23:06:00,2020-02-20 23:58:09,2020-02-20 23:36:35,0.868,2_39_79_376_2020-02-20 23:05:59.694144,2,CA-324,2-39-79-376,America/Los_Angeles,,,,,,,,,,,,,,,,,,0.8691666666666666,0 days 00:52:09,0 days 00:21:34,"Rain, not freezing, continuous",23,23-24
1408,5e658e4ef9af8b2865a5f4fc,39,2020-02-20 23:46:53,2020-02-21 01:23:09,2020-02-21 00:18:11,0.894,2_39_127_19_2020-02-20 23:46:52.634749,2,CA-309,2-39-127-19,America/Los_Angeles,,,,,,,,,,,,,,,,,,1.6044444444444443,0 days 01:36:16,0 days 01:04:58,"Drizzle, not freezing, continuous",1,1-2
1409,5e658e4ef9af8b2865a5f4fd,39,2020-02-21 00:00:00,2020-02-21 04:22:45,2020-02-21 00:48:54,2.2,2_39_78_365_2020-02-21 00:00:00.160360,2,CA-321,2-39-78-365,America/Los_Angeles,1920.0,600.0,12.0,20.0,110.0,"Fri, 21 Feb 2020 00:00:39 GMT",True,"Fri, 21 Feb 2020 01:50:00 GMT",1920.0,,,,,,,,,4.379166666666666,0 days 04:22:45,0 days 03:33:51,"Drizzle, not freezing, continuous",4,4-5
1410,5e658e4ef9af8b2865a5f4fe,39,2020-02-21 00:36:20,2020-02-21 00:56:53,2020-02-21 00:56:51,0.585,2_39_78_361_2020-02-21 00:36:20.101722,2,CA-493,2-39-78-361,America/Los_Angeles,,,,,,,,,,,,,,,,,,0.3425,0 days 00:20:33,0 days 00:00:02,"Drizzle, not freezing, continuous",0,0-1
1411,5e658e4ef9af8b2865a5f4ff,39,2020-02-21 01:46:10,2020-02-21 03:07:52,2020-02-21 02:16:31,0.865,2_39_95_27_2020-02-21 01:46:10.305852,2,CA-319,2-39-95-27,America/Los_Angeles,,,,,,,,,,,,,,,,,,1.3616666666666666,0 days 01:21:42,0 days 00:51:21,"Drizzle, not freezing, continuous",3,3-4
1412,5e658e4ef9af8b2865a5f500,39,2020-02-21 03:54:47,2020-02-21 05:45:15,2020-02-21 05:43:01,6.065,2_39_139_28_2020-02-21 03:54:47.449335,2,CA-303,2-39-139-28,America/Los_Angeles,1263.0,400.0,8.0,20.0,115.0,"Fri, 21 Feb 2020 03:55:04 GMT",True,"Fri, 21 Feb 2020 05:49:47 GMT",1263.0,,,,,,,,,1.8411111111111111,0 days 01:50:28,0 days 00:02:14,"Drizzle, not freezing, continuous",5,5-6
1413,5e658e4ef9af8b2865a5f501,39,2020-02-21 04:31:19,2020-02-21 05:43:42,2020-02-21 05:43:37,4.036,2_39_127_19_2020-02-21 04:31:19.037217,2,CA-309,2-39-127-19,America/Los_Angeles,4622.0,300.0,6.0,20.0,61.0,"Fri, 21 Feb 2020 04:31:31 GMT",True,"Fri, 21 Feb 2020 05:32:19 GMT",4622.0,,,,,,,,,1.206388888888889,0 days 01:12:23,0 days 00:00:05,"Drizzle, not freezing, continuous",5,5-6
1414,5e658e77f9af8b2865a5f502,39,2020-02-21 15:02:07,2020-02-21 17:21:49,2020-02-21 16:56:19,5.776,2_39_89_25_2020-02-21 15:02:06.701952,2,CA-315,2-39-89-25,America/Los_Angeles,743.0,400.0,8.0,20.0,443.0,"Fri, 21 Feb 2020 15:02:33 GMT",True,"Fri, 21 Feb 2020 22:25:07 GMT",743.0,,,,,,,,,2.328333333333333,0 days 02:19:42,0 days 00:25:30,"Drizzle, not freezing, continuous",17,17-18
1415,5e658e77f9af8b2865a5f503,39,2020-02-21 15:55:59,2020-02-21 17:24:11,2020-02-21 16:26:58,0.837,2_39_79_380_2020-02-21 15:55:58.860842,2,CA-489,2-39-79-380,America/Los_Angeles,,,,,,,,,,,,,,,,,,1.47,0 days 01:28:12,0 days 00:57:13,"Drizzle, not freezing, continuous",17,17-18
1416,5e658e77f9af8b2865a5f504,39,2020-02-21 16:01:54,2020-02-22 01:09:51,2020-02-21 23:33:16,15.362,2_39_78_366_2020-02-21 16:01:54.217678,2,CA-323,2-39-78-366,America/Los_Angeles,3853.0,360.0,21.6,60.0,405.0,"Fri, 21 Feb 2020 16:02:12 GMT",True,"Fri, 21 Feb 2020 22:46:54 GMT",3853.0,,,,,,,,,9.1325,0 days 09:07:57,0 days 01:36:35,"Rain, not freezing, continuous",1,1-2
1417,5e658e77f9af8b2865a5f505,39,2020-02-21 16:09:09,2020-02-21 21:55:24,2020-02-21 17:27:26,3.645,2_39_131_30_2020-02-21 16:09:08.924901,2,CA-305,2-39-131-30,America/Los_Angeles,1564.0,300.0,12.0,40.0,139.0,"Fri, 21 Feb 2020 16:09:24 GMT",True,"Fri, 21 Feb 2020 18:28:09 GMT",1564.0,,,,,,,,,5.770833333333333,0 days 05:46:15,0 days 04:27:58,"Drizzle, not freezing, continuous",21,21-22
1418,5e658e77f9af8b2865a5f506,39,2020-02-21 16:15:37,2020-02-21 22:56:59,2020-02-21 17:59:35,5.742,2_39_129_17_2020-02-21 16:15:37.453973,2,CA-307,2-39-129-17,America/Los_Angeles,4947.0,380.0,7.6,20.0,414.0,"Fri, 21 Feb 2020 16:17:08 GMT",True,"Fri, 21 Feb 2020 23:09:37 GMT",4947.0,,,,,,,,,6.689444444444445,0 days 06:41:22,0 days 04:57:24,"Drizzle, not freezing, continuous",22,22-23
1419,5e658e77f9af8b2865a5f507,39,2020-02-21 16:29:44,2020-02-21 22:13:45,2020-02-21 18:56:42,0.909,2_39_79_381_2020-02-21 16:29:43.742994,2,CA-490,2-39-79-381,America/Los_Angeles,,,,,,,,,,,,,,,,,,5.733611111111111,0 days 05:44:01,0 days 03:17:03,"Drizzle, not freezing, continuous",22,22-23
1420,5e658e77f9af8b2865a5f508,39,2020-02-21 16:30:02,2020-02-22 00:45:15,2020-02-22 00:44:59,19.876,2_39_79_382_2020-02-21 16:30:02.490523,2,CA-491,2-39-79-382,America/Los_Angeles,1154.0,400.0,20.0,50.0,447.0,"Fri, 21 Feb 2020 16:30:48 GMT",True,"Fri, 21 Feb 2020 23:57:02 GMT",1154.0,,,,,,,,,8.25361111111111,0 days 08:15:13,0 days 00:00:16,"Rain, not freezing, continuous",0,0-1
1421,5e658e77f9af8b2865a5f509,39,2020-02-21 16:30:20,2020-02-21 18:07:44,2020-02-21 17:01:15,0.779,2_39_79_379_2020-02-21 16:30:19.612354,2,CA-327,2-39-79-379,America/Los_Angeles,6097.0,400.0,8.0,20.0,84.0,"Fri, 21 Feb 2020 17:47:48 GMT",True,"Fri, 21 Feb 2020 17:54:20 GMT",6097.0,,,,,,,,,1.6233333333333333,0 days 01:37:24,0 days 01:06:29,"Drizzle, not freezing, continuous",18,18-19
1422,5e658e77f9af8b2865a5f50a,39,2020-02-21 16:33:36,2020-02-21 19:44:24,2020-02-21 16:52:18,1.142,2_39_79_377_2020-02-21 16:33:36.189206,2,CA-325,2-39-79-377,America/Los_Angeles,751.0,400.0,28.0,70.0,720.0,"Fri, 21 Feb 2020 16:33:48 GMT",True,"Sat, 22 Feb 2020 04:33:36 GMT",751.0,,,,,,,,,3.18,0 days 03:10:48,0 days 02:52:06,"Drizzle, not freezing, continuous",19,19-20
1423,5e658e77f9af8b2865a5f50b,39,2020-02-21 16:35:34,2020-02-22 00:47:16,2020-02-22 00:30:04,13.824,2_39_78_367_2020-02-21 16:35:34.345174,2,CA-494,2-39-78-367,America/Los_Angeles,1470.0,292.0,17.52,60.0,424.0,"Fri, 21 Feb 2020 16:36:04 GMT",True,"Fri, 21 Feb 2020 23:39:34 GMT",1470.0,,,,,,,,,8.195,0 days 08:11:42,0 days 00:17:12,"Rain, not freezing, continuous",0,0-1
1424,5e658e77f9af8b2865a5f50c,39,2020-02-21 16:39:18,2020-02-22 01:26:14,2020-02-21 17:04:32,0.829,2_39_138_29_2020-02-21 16:39:18.013391,2,CA-304,2-39-138-29,America/Los_Angeles,1366.0,400.0,8.0,20.0,60.0,"Fri, 21 Feb 2020 16:41:19 GMT",True,"Fri, 21 Feb 2020 17:39:18 GMT",1366.0,,,,,,,,,8.782222222222222,0 days 08:46:56,0 days 08:21:42,"Rain, not freezing, continuous",1,1-2
1425,5e658e77f9af8b2865a5f50d,39,2020-02-21 16:40:57,2020-02-22 02:43:45,2020-02-21 19:18:18,8.879,2_39_127_19_2020-02-21 16:40:57.240411,2,CA-309,2-39-127-19,America/Los_Angeles,712.0,400.0,24.0,60.0,416.0,"Fri, 21 Feb 2020 16:40:58 GMT",True,"Fri, 21 Feb 2020 23:36:57 GMT",712.0,,,,,,,,,10.046666666666667,0 days 10:02:48,0 days 07:25:27,"Rain, not freezing, continuous",2,2-3
1426,5e658e77f9af8b2865a5f50e,39,2020-02-21 16:41:22,2020-02-21 23:32:07,2020-02-21 18:27:45,4.434,2_39_79_383_2020-02-21 16:41:21.701929,2,CA-492,2-39-79-383,America/Los_Angeles,4701.0,300.0,9.0,30.0,206.0,"Fri, 21 Feb 2020 16:41:29 GMT",True,"Fri, 21 Feb 2020 20:07:22 GMT",4701.0,,,,,,,,,6.845833333333333,0 days 06:50:45,0 days 05:04:22,"Drizzle, not freezing, continuous",23,23-24
1427,5e658e77f9af8b2865a5f50f,39,2020-02-21 16:41:45,2020-02-22 03:47:16,2020-02-21 18:18:25,5.092,2_39_130_31_2020-02-21 16:41:44.981480,2,CA-306,2-39-130-31,America/Los_Angeles,562.0,325.0,6.5,20.0,188.0,"Fri, 21 Feb 2020 16:42:58 GMT",True,"Fri, 21 Feb 2020 19:49:45 GMT",562.0,,,,,,,,,11.091944444444444,0 days 11:05:31,0 days 09:28:51,"Rain, not freezing, continuous",3,3-4
1428,5e658e77f9af8b2865a5f510,39,2020-02-21 16:45:11,2020-02-21 23:52:21,2020-02-21 23:43:36,12.955,2_39_91_441_2020-02-21 16:45:10.611767,2,CA-499,2-39-91-441,America/Los_Angeles,2149.0,250.0,15.0,60.0,333.0,"Fri, 21 Feb 2020 16:45:30 GMT",True,"Fri, 21 Feb 2020 22:18:11 GMT",2149.0,,,,,,,,,7.1194444444444445,0 days 07:07:10,0 days 00:08:45,"Drizzle, not freezing, continuous",23,23-24
1429,5e658e77f9af8b2865a5f511,39,2020-02-21 16:54:58,2020-02-21 17:43:54,2020-02-21 17:27:55,2.882,2_39_95_27_2020-02-21 16:54:44.970194,2,CA-319,2-39-95-27,America/Los_Angeles,2461.0,400.0,12.0,30.0,273.0,"Fri, 21 Feb 2020 16:54:58 GMT",True,"Fri, 21 Feb 2020 21:27:58 GMT",2461.0,,,,,,,,,0.8155555555555556,0 days 00:48:56,0 days 00:15:59,"Drizzle, not freezing, continuous",17,17-18
1430,5e658e77f9af8b2865a5f512,39,2020-02-21 17:06:07,2020-02-21 17:24:21,2020-02-21 17:24:17,0.515,2_39_78_365_2020-02-21 17:06:07.042278,2,CA-321,2-39-78-365,America/Los_Angeles,,,,,,,,,,,,,,,,,,0.3038888888888889,0 days 00:18:14,0 days 00:00:04,"Drizzle, not freezing, continuous",17,17-18
1431,5e658e77f9af8b2865a5f513,39,2020-02-21 17:08:21,2020-02-22 02:43:46,2020-02-21 18:59:16,5.961,2_39_125_21_2020-02-21 17:08:21.091769,2,CA-311,2-39-125-21,America/Los_Angeles,567.0,400.0,8.0,20.0,434.0,"Fri, 21 Feb 2020 17:08:30 GMT",True,"Sat, 22 Feb 2020 00:22:21 GMT",567.0,,,,,,,,,9.590277777777779,0 days 09:35:25,0 days 07:44:30,"Rain, not freezing, continuous",2,2-3
1432,5e658e77f9af8b2865a5f514,39,2020-02-21 17:17:52,2020-02-21 23:38:59,2020-02-21 20:46:58,11.507,2_39_78_361_2020-02-21 17:17:52.019439,2,CA-493,2-39-78-361,America/Los_Angeles,671.0,267.0,26.7,100.0,198.0,"Fri, 21 Feb 2020 17:30:11 GMT",True,"Fri, 21 Feb 2020 20:35:52 GMT",671.0,267.0,26.7,100.0,280.0,"Fri, 21 Feb 2020 17:30:31 GMT",True,"Fri, 21 Feb 2020 21:57:52 GMT",671.0,6.351944444444444,0 days 06:21:07,0 days 02:52:01,"Drizzle, not freezing, continuous",23,23-24
1433,5e658e77f9af8b2865a5f515,39,2020-02-21 17:21:26,2020-02-22 00:27:02,2020-02-21 19:23:12,5.349,2_39_124_22_2020-02-21 17:21:26.182074,2,CA-312,2-39-124-22,America/Los_Angeles,620.0,400.0,12.0,30.0,458.0,"Fri, 21 Feb 2020 17:21:52 GMT",True,"Sat, 22 Feb 2020 00:59:26 GMT",620.0,,,,,,,,,7.093333333333334,0 days 07:05:36,0 days 05:03:50,"Rain, not freezing, continuous",0,0-1
1434,5e658e77f9af8b2865a5f516,39,2020-02-21 17:22:16,2020-02-21 21:43:38,2020-02-21 21:44:38,6.409,2_39_78_362_2020-02-21 17:22:02.709392,2,CA-496,2-39-78-362,America/Los_Angeles,5368.0,400.0,8.0,20.0,73.0,"Fri, 21 Feb 2020 17:22:15 GMT",True,"Fri, 21 Feb 2020 18:35:16 GMT",5368.0,,,,,,,,,4.356111111111111,0 days 04:21:22,-1 days +23:59:00,"Drizzle, not freezing, continuous",21,21-22
1435,5e658e77f9af8b2865a5f517,39,2020-02-21 17:23:50,2020-02-21 19:10:06,2020-02-21 17:54:45,0.837,2_39_91_437_2020-02-21 17:23:49.902703,2,CA-317,2-39-91-437,America/Los_Angeles,,,,,,,,,,,,,,,,,,1.771111111111111,0 days 01:46:16,0 days 01:15:21,"Drizzle, not freezing, continuous",19,19-20
1436,5e658e77f9af8b2865a5f518,39,2020-02-21 17:32:02,2020-02-22 00:51:36,2020-02-21 21:51:34,16.229,2_39_78_365_2020-02-21 17:32:02.252375,2,CA-321,2-39-78-365,America/Los_Angeles,2961.0,225.0,22.5,100.0,459.0,"Fri, 21 Feb 2020 17:32:08 GMT",True,"Sat, 22 Feb 2020 01:11:02 GMT",2961.0,,,,,,,,,7.3261111111111115,0 days 07:19:34,0 days 03:00:02,"Rain, not freezing, continuous",0,0-1
1437,5e658e77f9af8b2865a5f519,39,2020-02-21 17:47:45,2020-02-22 00:09:53,2020-02-21 19:55:18,13.263,2_39_123_23_2020-02-21 17:47:44.985694,2,CA-313,2-39-123-23,America/Los_Angeles,1912.0,400.0,20.0,50.0,392.0,"Fri, 21 Feb 2020 17:47:58 GMT",True,"Sat, 22 Feb 2020 00:19:45 GMT",1912.0,,,,,,,,,6.368888888888889,0 days 06:22:08,0 days 04:14:35,"Rain, not freezing, continuous",0,0-1
1438,5e658e77f9af8b2865a5f51a,39,2020-02-21 17:54:36,2020-02-22 05:15:44,2020-02-21 18:46:20,1.626,2_39_92_436_2020-02-21 17:54:35.713185,2,CA-318,2-39-92-436,America/Los_Angeles,324.0,444.0,8.88,20.0,87.0,"Fri, 21 Feb 2020 17:54:56 GMT",True,"Fri, 21 Feb 2020 19:21:36 GMT",324.0,,,,,,,,,11.352222222222222,0 days 11:21:08,0 days 10:29:24,"Rain, not freezing, continuous",5,5-6
1439,5e658e77f9af8b2865a5f51b,39,2020-02-21 17:59:04,2020-02-21 23:58:39,2020-02-21 19:05:12,7.33,2_39_95_27_2020-02-21 17:59:03.969523,2,CA-319,2-39-95-27,America/Los_Angeles,714.0,400.0,32.0,80.0,362.0,"Fri, 21 Feb 2020 17:59:11 GMT",True,"Sat, 22 Feb 2020 00:01:04 GMT",714.0,400.0,32.0,80.0,330.0,"Fri, 21 Feb 2020 17:59:29 GMT",True,"Fri, 21 Feb 2020 23:29:04 GMT",714.0,5.993055555555555,0 days 05:59:35,0 days 04:53:27,"Drizzle, not freezing, continuous",23,23-24
1440,5e658e77f9af8b2865a5f51c,39,2020-02-21 18:06:36,2020-02-22 01:52:55,2020-02-22 00:46:02,9.297,2_39_78_364_2020-02-21 18:06:36.171788,2,CA-495,2-39-78-364,America/Los_Angeles,1095.0,400.0,16.0,40.0,447.0,"Fri, 21 Feb 2020 18:06:45 GMT",True,"Sat, 22 Feb 2020 01:33:36 GMT",1095.0,,,,,,,,,7.771944444444444,0 days 07:46:19,0 days 01:06:53,"Rain, not freezing, continuous",1,1-2
1441,5e658e77f9af8b2865a5f51d,39,2020-02-21 18:28:26,2020-02-21 22:44:54,2020-02-21 21:23:19,15.892,2_39_79_376_2020-02-21 18:28:26.204438,2,CA-324,2-39-79-376,America/Los_Angeles,515.0,400.0,16.0,40.0,314.0,"Fri, 21 Feb 2020 18:29:39 GMT",True,"Fri, 21 Feb 2020 23:42:26 GMT",515.0,,,,,,,,,4.274444444444445,0 days 04:16:28,0 days 01:21:35,"Drizzle, not freezing, continuous",22,22-23
1442,5e658e77f9af8b2865a5f51e,39,2020-02-21 19:31:19,2020-02-21 23:06:20,2020-02-21 20:01:38,0.865,2_39_92_442_2020-02-21 19:31:18.549300,2,CA-498,2-39-92-442,America/Los_Angeles,,,,,,,,,,,,,,,,,,3.5836111111111113,0 days 03:35:01,0 days 03:04:42,"Drizzle, not freezing, continuous",23,23-24
1443,5e658e77f9af8b2865a5f51f,39,2020-02-21 19:57:31,2020-02-24 00:59:22,2020-02-23 14:47:03,1.071,2_39_91_437_2020-02-21 19:57:31.014414,2,CA-317,2-39-91-437,America/Los_Angeles,,,,,,,,,,,,,,,,,,53.030833333333334,2 days 05:01:51,0 days 10:12:19,"Rain, not freezing, continuous",0,0-1
1444,5e658e77f9af8b2865a5f520,39,2020-02-21 20:12:56,2020-02-22 01:36:17,2020-02-21 22:36:58,15.864,2_39_90_440_2020-02-21 20:12:56.409413,2,CA-500,2-39-90-440,America/Los_Angeles,3270.0,200.0,40.0,200.0,63.0,"Fri, 21 Feb 2020 20:14:20 GMT",True,"Fri, 21 Feb 2020 21:15:56 GMT",3270.0,,,,,,,,,5.389166666666667,0 days 05:23:21,0 days 02:59:19,"Rain, not freezing, continuous",1,1-2
1445,5e658e77f9af8b2865a5f521,39,2020-02-21 20:42:20,2020-02-22 02:05:09,2020-02-21 21:13:15,0.89,2_39_79_379_2020-02-21 20:42:20.008344,2,CA-327,2-39-79-379,America/Los_Angeles,,,,,,,,,,,,,,,,,,5.380277777777778,0 days 05:22:49,0 days 04:51:54,"Rain, not freezing, continuous",2,2-3
1446,5e658e77f9af8b2865a5f522,39,2020-02-21 20:59:12,2020-02-22 01:17:27,2020-02-22 00:02:49,19.568,2_39_79_377_2020-02-21 20:59:12.158339,2,CA-325,2-39-79-377,America/Los_Angeles,832.0,400.0,20.0,50.0,244.0,"Fri, 21 Feb 2020 20:59:41 GMT",True,"Sat, 22 Feb 2020 01:03:12 GMT",832.0,,,,,,,,,4.304166666666666,0 days 04:18:15,0 days 01:14:38,"Rain, not freezing, continuous",1,1-2
1447,5e658e77f9af8b2865a5f523,39,2020-02-21 21:18:37,2020-02-21 23:59:23,2020-02-21 22:24:16,2.089,2_39_78_360_2020-02-21 21:18:37.402937,2,CA-322,2-39-78-360,America/Los_Angeles,560.0,400.0,12.0,30.0,132.0,"Fri, 21 Feb 2020 21:19:01 GMT",True,"Fri, 21 Feb 2020 23:30:37 GMT",560.0,,,,,,,,,2.6794444444444445,0 days 02:40:46,0 days 01:35:07,"Drizzle, not freezing, continuous",23,23-24
1448,5e658e77f9af8b2865a5f524,39,2020-02-21 21:44:24,2020-02-22 00:10:41,2020-02-21 22:15:33,0.887,2_39_128_18_2020-02-21 21:44:24.480427,2,CA-308,2-39-128-18,America/Los_Angeles,,,,,,,,,,,,,,,,,,2.4380555555555556,0 days 02:26:17,0 days 01:55:08,"Rain, not freezing, continuous",0,0-1
1449,5e658e77f9af8b2865a5f525,39,2020-02-21 21:44:52,2020-02-21 23:58:31,2020-02-21 22:15:33,0.837,2_39_88_438_2020-02-21 21:44:51.615608,2,CA-502,2-39-88-438,America/Los_Angeles,,,,,,,,,,,,,,,,,,2.2275,0 days 02:13:39,0 days 01:42:58,"Drizzle, not freezing, continuous",23,23-24
1450,5e658e77f9af8b2865a5f526,39,2020-02-21 22:09:29,2020-02-21 23:00:49,2020-02-21 23:01:48,0.893,2_39_78_362_2020-02-21 22:09:28.675486,2,CA-496,2-39-78-362,America/Los_Angeles,,,,,,,,,,,,,,,,,,0.8555555555555555,0 days 00:51:20,-1 days +23:59:01,"Drizzle, not freezing, continuous",23,23-24
1451,5e658e77f9af8b2865a5f527,39,2020-02-22 00:04:10,2020-02-22 01:26:41,2020-02-22 01:26:36,9.013,2_39_129_17_2020-02-22 00:03:46.485437,2,CA-307,2-39-129-17,America/Los_Angeles,364.0,400.0,24.0,60.0,75.0,"Sat, 22 Feb 2020 00:04:10 GMT",True,"Sat, 22 Feb 2020 01:19:10 GMT",364.0,,,,,,,,,1.3752777777777778,0 days 01:22:31,0 days 00:00:05,"Rain, not freezing, continuous",1,1-2
1452,5e658e77f9af8b2865a5f528,39,2020-02-22 01:14:05,2020-02-22 01:58:54,2020-02-22 01:58:50,2.604,2_39_78_366_2020-02-22 01:14:05.499954,2,CA-323,2-39-78-366,America/Los_Angeles,5368.0,400.0,8.0,20.0,73.0,"Sat, 22 Feb 2020 01:16:00 GMT",True,"Sat, 22 Feb 2020 02:27:05 GMT",5368.0,,,,,,,,,0.7469444444444444,0 days 00:44:49,0 days 00:00:04,"Rain, not freezing, continuous",1,1-2
1453,5e658e77f9af8b2865a5f529,39,2020-02-22 01:29:43,2020-02-22 04:23:26,2020-02-22 04:23:22,9.508,2_39_79_377_2020-02-22 01:29:43.287842,2,CA-325,2-39-79-377,America/Los_Angeles,2170.0,400.0,28.0,70.0,417.0,"Sat, 22 Feb 2020 01:30:01 GMT",True,"Sat, 22 Feb 2020 08:26:43 GMT",2170.0,,,,,,,,,2.895277777777778,0 days 02:53:43,0 days 00:00:04,"Rain, not freezing, continuous",4,4-5
1454,5e658e77f9af8b2865a5f52a,39,2020-02-22 03:47:43,2020-02-22 13:48:17,2020-02-22 06:49:50,20.185,2_39_89_25_2020-02-22 03:47:43.046968,2,CA-315,2-39-89-25,America/Los_Angeles,300.0,400.0,32.0,80.0,638.0,"Sat, 22 Feb 2020 03:48:15 GMT",True,"Sat, 22 Feb 2020 14:25:43 GMT",300.0,,,,,,,,,10.009444444444444,0 days 10:00:34,0 days 06:58:27,"Rain, not freezing, continuous",13,13-14
1455,5e66df90f9af8b2abde9d6e4,39,2020-02-22 16:40:08,2020-02-22 19:50:04,2020-02-22 17:10:51,0.937,2_39_139_28_2020-02-22 16:40:07.599294,2,CA-303,2-39-139-28,America/Los_Angeles,,,,,,,,,,,,,,,,,,3.1655555555555557,0 days 03:09:56,0 days 02:39:13,"Rain, not freezing, continuous",19,19-20
1456,5e66df90f9af8b2abde9d6e5,39,2020-02-22 16:43:35,2020-02-22 20:05:01,2020-02-22 17:13:47,0.848,2_39_79_379_2020-02-22 16:43:34.937706,2,CA-327,2-39-79-379,America/Los_Angeles,,,,,,,,,,,,,,,,,,3.357222222222222,0 days 03:21:26,0 days 02:51:14,"Rain, not freezing, continuous",20,20-21
1457,5e66df90f9af8b2abde9d6e6,39,2020-02-22 16:49:21,2020-02-22 19:44:27,2020-02-22 18:46:03,6.494,2_39_131_30_2020-02-22 16:49:20.846719,2,CA-305,2-39-131-30,America/Los_Angeles,2087.0,400.0,20.0,50.0,146.0,"Sat, 22 Feb 2020 16:52:18 GMT",True,"Sat, 22 Feb 2020 19:15:21 GMT",2087.0,400.0,20.0,50.0,199.0,"Sat, 22 Feb 2020 16:53:05 GMT",True,"Sat, 22 Feb 2020 20:08:21 GMT",2087.0,2.9183333333333334,0 days 02:55:06,0 days 00:58:24,"Rain, not freezing, continuous",19,19-20
1458,5e66df90f9af8b2abde9d6e7,39,2020-02-22 16:52:49,2020-02-22 18:52:16,2020-02-22 18:52:04,6.54,2_39_129_17_2020-02-22 16:52:48.510550,2,CA-307,2-39-129-17,America/Los_Angeles,3877.0,350.0,21.0,60.0,60.0,"Sat, 22 Feb 2020 17:05:15 GMT",True,"Sat, 22 Feb 2020 17:52:49 GMT",3877.0,350.0,21.0,60.0,67.0,"Sat, 22 Feb 2020 17:08:39 GMT",True,"Sat, 22 Feb 2020 17:59:49 GMT",3877.0,1.9908333333333332,0 days 01:59:27,0 days 00:00:12,"Rain, not freezing, continuous",18,18-19
1459,5e66df90f9af8b2abde9d6e8,39,2020-02-22 17:26:51,2020-02-22 19:16:44,2020-02-22 18:49:08,3.979,2_39_89_25_2020-02-22 17:26:51.387100,2,CA-315,2-39-89-25,America/Los_Angeles,743.0,400.0,8.0,20.0,106.0,"Sat, 22 Feb 2020 17:27:07 GMT",True,"Sat, 22 Feb 2020 19:12:51 GMT",743.0,,,,,,,,,1.831388888888889,0 days 01:49:53,0 days 00:27:36,"Rain, not freezing, continuous",19,19-20
1460,5e66df90f9af8b2abde9d6e9,39,2020-02-22 17:40:31,2020-02-22 18:20:11,2020-02-22 18:16:26,3.375,2_39_138_29_2020-02-22 17:40:31.414984,2,CA-304,2-39-138-29,America/Los_Angeles,2950.0,400.0,12.0,30.0,60.0,"Sat, 22 Feb 2020 17:40:39 GMT",True,"Sat, 22 Feb 2020 18:40:31 GMT",2950.0,400.0,12.0,30.0,60.0,"Sat, 22 Feb 2020 18:20:09 GMT",True,"Sat, 22 Feb 2020 18:40:31 GMT",2950.0,0.6611111111111111,0 days 00:39:40,0 days 00:03:45,"Rain, not freezing, continuous",18,18-19
1461,5e66df90f9af8b2abde9d6ea,39,2020-02-22 17:59:31,2020-02-22 19:15:22,2020-02-22 19:15:18,8.456,2_39_127_19_2020-02-22 17:59:31.241458,2,CA-309,2-39-127-19,America/Los_Angeles,248.0,250.0,10.0,40.0,117.0,"Sat, 22 Feb 2020 17:59:51 GMT",True,"Sat, 22 Feb 2020 19:56:31 GMT",248.0,,,,,,,,,1.2641666666666667,0 days 01:15:51,0 days 00:00:04,"Rain, not freezing, continuous",19,19-20
1462,5e66df90f9af8b2abde9d6eb,39,2020-02-22 18:56:06,2020-02-22 20:02:41,2020-02-22 19:32:35,1.399,2_39_129_17_2020-02-22 18:56:06.078099,2,CA-307,2-39-129-17,America/Los_Angeles,365.0,333.0,9.99,30.0,104.0,"Sat, 22 Feb 2020 18:56:22 GMT",True,"Sat, 22 Feb 2020 20:40:06 GMT",365.0,,,,,,,,,1.1097222222222223,0 days 01:06:35,0 days 00:30:06,"Rain, not freezing, continuous",20,20-21
1463,5e66df90f9af8b2abde9d6ec,39,2020-02-22 20:51:04,2020-02-22 22:35:14,2020-02-22 22:32:16,4.917,2_39_79_380_2020-02-22 20:51:03.631290,2,CA-489,2-39-79-380,America/Los_Angeles,3389.0,400.0,8.0,20.0,190.0,"Sat, 22 Feb 2020 20:56:09 GMT",True,"Sun, 23 Feb 2020 00:01:04 GMT",3389.0,,,,,,,,,1.7361111111111112,0 days 01:44:10,0 days 00:02:58,"Rain, not freezing, continuous",22,22-23
1464,5e66df90f9af8b2abde9d6ed,39,2020-02-22 22:17:07,2020-02-23 00:00:06,2020-02-22 23:53:47,9.91,2_39_139_28_2020-02-22 22:17:07.325397,2,CA-303,2-39-139-28,America/Los_Angeles,818.0,400.0,16.0,40.0,135.0,"Sat, 22 Feb 2020 22:17:11 GMT",True,"Sun, 23 Feb 2020 00:32:07 GMT",818.0,,,,,,,,,1.716388888888889,0 days 01:42:59,0 days 00:06:19,"Rain, not freezing, continuous",0,0-1
1465,5e66df90f9af8b2abde9d6ee,39,2020-02-23 00:22:12,2020-02-23 02:33:57,2020-02-23 02:33:53,6.861,2_39_89_25_2020-02-23 00:22:12.280051,2,CA-315,2-39-89-25,America/Los_Angeles,1920.0,600.0,12.0,20.0,110.0,"Sun, 23 Feb 2020 00:23:12 GMT",True,"Sun, 23 Feb 2020 02:12:12 GMT",1920.0,600.0,12.0,20.0,110.0,"Sun, 23 Feb 2020 00:23:26 GMT",True,"Sun, 23 Feb 2020 02:12:12 GMT",1920.0,2.1958333333333333,0 days 02:11:45,0 days 00:00:04,"Rain, not freezing, continuous",2,2-3
1466,5e66df90f9af8b2abde9d6ef,39,2020-02-23 01:45:40,2020-02-23 23:21:02,2020-02-23 05:02:18,20.722,2_39_92_442_2020-02-23 01:45:40.278510,2,CA-498,2-39-92-442,America/Los_Angeles,292.0,200.0,36.0,180.0,685.0,"Sun, 23 Feb 2020 01:46:12 GMT",True,"Sun, 23 Feb 2020 13:10:40 GMT",292.0,,,,,,,,,21.589444444444446,0 days 21:35:22,0 days 18:18:44,"Rain, not freezing, continuous",23,23-24
1467,5e66df90f9af8b2abde9d6f0,39,2020-02-23 03:02:43,2020-02-23 04:14:26,2020-02-23 04:14:18,3.881,2_39_131_30_2020-02-23 03:02:43.079253,2,CA-305,2-39-131-30,America/Los_Angeles,5758.0,400.0,12.0,30.0,111.0,"Sun, 23 Feb 2020 03:06:53 GMT",True,"Sun, 23 Feb 2020 04:53:43 GMT",5758.0,,,,,,,,,1.1952777777777779,0 days 01:11:43,0 days 00:00:08,"Rain, not freezing, continuous",4,4-5
1468,5e66df90f9af8b2abde9d6f1,39,2020-02-23 03:20:18,2020-02-23 05:50:22,2020-02-23 03:50:53,0.805,2_39_139_28_2020-02-23 03:20:17.707866,2,CA-303,2-39-139-28,America/Los_Angeles,,,,,,,,,,,,,,,,,,2.5011111111111113,0 days 02:30:04,0 days 01:59:29,"Rain, not freezing, continuous",5,5-6
1469,5e683122f9af8b2fd54c09db,39,2020-02-23 20:35:13,2020-02-23 22:20:06,2020-02-23 22:12:13,5.235,2_39_131_30_2020-02-23 20:35:13.002701,2,CA-305,2-39-131-30,America/Los_Angeles,5758.0,400.0,8.0,20.0,88.0,"Sun, 23 Feb 2020 20:41:13 GMT",True,"Sun, 23 Feb 2020 22:03:13 GMT",5758.0,,,,,,,,,1.7480555555555555,0 days 01:44:53,0 days 00:07:53,"Rain, not freezing, continuous",22,22-23
1470,5e683122f9af8b2fd54c09dc,39,2020-02-23 22:17:30,2020-02-24 00:01:44,2020-02-23 22:48:25,0.883,2_39_139_28_2020-02-23 22:17:30.460988,2,CA-303,2-39-139-28,America/Los_Angeles,,,,,,,,,,,,,,,,,,1.7372222222222222,0 days 01:44:14,0 days 01:13:19,"Rain, not freezing, continuous",0,0-1
1471,5e683122f9af8b2fd54c09dd,39,2020-02-24 01:41:14,2020-02-24 01:59:15,2020-02-24 01:59:09,0.525,2_39_125_21_2020-02-24 01:41:14.249664,2,CA-311,2-39-125-21,America/Los_Angeles,,,,,,,,,,,,,,,,,,0.30027777777777775,0 days 00:18:01,0 days 00:00:06,"Rain, not freezing, continuous",1,1-2
1472,5e683122f9af8b2fd54c09de,39,2020-02-24 02:27:06,2020-02-24 05:19:30,2020-02-24 04:59:20,15.045,2_39_127_19_2020-02-24 02:27:05.924935,2,CA-309,2-39-127-19,America/Los_Angeles,1099.0,400.0,32.0,80.0,170.0,"Mon, 24 Feb 2020 02:29:42 GMT",True,"Mon, 24 Feb 2020 05:17:06 GMT",1099.0,,,,,,,,,2.8733333333333335,0 days 02:52:24,0 days 00:20:10,"Rain, not freezing, continuous",5,5-6
1473,5e683122f9af8b2fd54c09df,39,2020-02-24 02:37:51,2020-02-24 03:08:59,2020-02-24 03:08:27,0.878,2_39_125_21_2020-02-24 02:37:51.087834,2,CA-311,2-39-125-21,America/Los_Angeles,,,,,,,,,,,,,,,,,,0.5188888888888888,0 days 00:31:08,0 days 00:00:32,"Rain, not freezing, continuous",3,3-4
1474,5e6c259ff9af8b3cc29176f5,39,2020-02-24 14:38:51,2020-02-25 01:53:50,2020-02-24 19:13:19,28.692,2_39_139_28_2020-02-24 14:38:51.501947,2,CA-303,2-39-139-28,America/Los_Angeles,710.0,400.0,64.0,160.0,273.0,"Mon, 24 Feb 2020 14:39:12 GMT",True,"Mon, 24 Feb 2020 19:11:51 GMT",710.0,,,,,,,,,11.249722222222223,0 days 11:14:59,0 days 06:40:31,Continuous fall of snowflakes,1,1-2
1475,5e6c259ff9af8b3cc29176f6,39,2020-02-24 15:49:01,2020-02-24 21:40:52,2020-02-24 17:14:21,3.01,2_39_79_382_2020-02-24 15:49:01.410287,2,CA-491,2-39-79-382,America/Los_Angeles,4701.0,300.0,9.0,30.0,307.0,"Mon, 24 Feb 2020 15:49:07 GMT",True,"Mon, 24 Feb 2020 20:56:01 GMT",4701.0,,,,,,,,,5.864166666666667,0 days 05:51:51,0 days 04:26:31,"Rain, not freezing, continuous",21,21-22
1476,5e6c259ff9af8b3cc29176f7,39,2020-02-24 15:50:38,2020-02-24 16:34:58,2020-02-24 16:21:02,0.811,2_39_79_380_2020-02-24 15:50:38.277426,2,CA-489,2-39-79-380,America/Los_Angeles,,,,,,,,,,,,,,,,,,0.7388888888888889,0 days 00:44:20,0 days 00:13:56,"Rain, not freezing, continuous",16,16-17
1477,5e6c259ff9af8b3cc29176f8,39,2020-02-24 16:08:32,2020-02-25 05:05:34,2020-02-24 18:13:54,6.225,2_39_95_27_2020-02-24 16:08:11.345075,2,CA-319,2-39-95-27,America/Los_Angeles,5594.0,360.0,7.2,20.0,198.0,"Mon, 24 Feb 2020 16:08:31 GMT",True,"Mon, 24 Feb 2020 19:26:32 GMT",5594.0,360.0,7.2,20.0,198.0,"Mon, 24 Feb 2020 16:08:46 GMT",True,"Mon, 24 Feb 2020 19:26:32 GMT",5594.0,12.950555555555555,0 days 12:57:02,0 days 10:51:40,Continuous fall of snowflakes,5,5-6
1478,5e6c259ff9af8b3cc29176f9,39,2020-02-24 16:11:51,2020-02-24 23:57:15,2020-02-24 23:50:33,0.889,2_39_78_366_2020-02-24 16:11:50.941075,2,CA-323,2-39-78-366,America/Los_Angeles,,,,,,,,,,,,,,,,,,7.756666666666667,0 days 07:45:24,0 days 00:06:42,"Rain, not freezing, continuous",23,23-24
1479,5e6c259ff9af8b3cc29176fa,39,2020-02-24 16:19:45,2020-02-25 01:10:33,2020-02-25 00:27:31,0.931,2_39_79_381_2020-02-24 16:19:44.549013,2,CA-490,2-39-79-381,America/Los_Angeles,,,,,,,,,,,,,,,,,,8.846666666666666,0 days 08:50:48,0 days 00:43:02,Continuous fall of snowflakes,1,1-2
1480,5e6c259ff9af8b3cc29176fb,39,2020-02-24 16:28:27,2020-02-25 01:11:59,2020-02-24 18:26:13,5.088,2_39_131_30_2020-02-24 16:28:27.434125,2,CA-305,2-39-131-30,America/Los_Angeles,620.0,400.0,8.0,20.0,523.0,"Mon, 24 Feb 2020 16:29:00 GMT",True,"Tue, 25 Feb 2020 01:11:27 GMT",620.0,,,,,,,,,8.725555555555555,0 days 08:43:32,0 days 06:45:46,Continuous fall of snowflakes,1,1-2
1481,5e6c259ff9af8b3cc29176fc,39,2020-02-24 16:45:57,2020-02-25 02:23:37,2020-02-24 20:14:36,11.46,2_39_124_558_2020-02-24 16:45:57.047638,2,CA-504,2-39-124-558,America/Los_Angeles,1534.0,250.0,15.0,60.0,404.0,"Mon, 24 Feb 2020 16:47:49 GMT",True,"Mon, 24 Feb 2020 23:29:57 GMT",1534.0,,,,,,,,,9.627777777777778,0 days 09:37:40,0 days 06:09:01,Continuous fall of snowflakes,2,2-3
1482,5e6c259ff9af8b3cc29176fd,39,2020-02-24 16:46:20,2020-02-24 23:51:29,2020-02-24 21:59:55,26.17,2_39_78_367_2020-02-24 16:46:19.686611,2,CA-494,2-39-78-367,America/Los_Angeles,1470.0,292.0,26.28,90.0,424.0,"Mon, 24 Feb 2020 16:46:56 GMT",True,"Mon, 24 Feb 2020 23:50:20 GMT",1470.0,,,,,,,,,7.085833333333333,0 days 07:05:09,0 days 01:51:34,"Rain, not freezing, continuous",23,23-24
1483,5e6c259ff9af8b3cc29176fe,39,2020-02-24 16:48:15,2020-02-25 01:23:33,2020-02-25 00:26:47,13.67,2_39_78_363_2020-02-24 16:48:15.047042,2,CA-320,2-39-78-363,America/Los_Angeles,945.0,400.0,32.0,80.0,62.0,"Mon, 24 Feb 2020 16:48:27 GMT",True,"Mon, 24 Feb 2020 17:50:15 GMT",945.0,,,,,,,,,8.588333333333333,0 days 08:35:18,0 days 00:56:46,Continuous fall of snowflakes,1,1-2
1484,5e6c259ff9af8b3cc29176ff,39,2020-02-24 16:53:33,2020-02-25 03:06:00,2020-02-24 18:42:48,5.54,2_39_78_360_2020-02-24 16:53:33.131701,2,CA-322,2-39-78-360,America/Los_Angeles,2244.0,400.0,8.0,20.0,60.0,"Mon, 24 Feb 2020 16:54:56 GMT",True,"Mon, 24 Feb 2020 17:53:33 GMT",2244.0,,,,,,,,,10.2075,0 days 10:12:27,0 days 08:23:12,Continuous fall of snowflakes,3,3-4
1485,5e6c259ff9af8b3cc2917700,39,2020-02-24 17:06:05,2020-02-25 01:17:49,2020-02-24 18:43:24,4.7,2_39_89_25_2020-02-24 17:06:05.372308,2,CA-315,2-39-89-25,America/Los_Angeles,743.0,400.0,8.0,20.0,473.0,"Mon, 24 Feb 2020 17:06:23 GMT",True,"Tue, 25 Feb 2020 00:59:05 GMT",743.0,,,,,,,,,8.195555555555556,0 days 08:11:44,0 days 06:34:25,Continuous fall of snowflakes,1,1-2
1486,5e6c259ff9af8b3cc2917701,39,2020-02-24 17:18:37,2020-02-25 02:38:24,2020-02-24 18:42:45,4.472,2_39_127_19_2020-02-24 17:18:37.480240,2,CA-309,2-39-127-19,America/Los_Angeles,567.0,400.0,8.0,20.0,434.0,"Mon, 24 Feb 2020 17:18:47 GMT",True,"Tue, 25 Feb 2020 00:32:37 GMT",567.0,,,,,,,,,9.329722222222221,0 days 09:19:47,0 days 07:55:39,Continuous fall of snowflakes,2,2-3
1487,5e6c259ff9af8b3cc2917702,39,2020-02-24 17:20:12,2020-02-25 00:36:25,2020-02-24 19:16:57,5.738,2_39_92_442_2020-02-24 17:20:11.571108,2,CA-498,2-39-92-442,America/Los_Angeles,686.0,400.0,8.0,20.0,60.0,"Mon, 24 Feb 2020 17:21:09 GMT",True,"Mon, 24 Feb 2020 18:20:12 GMT",686.0,,,,,,,,,7.270277777777777,0 days 07:16:13,0 days 05:19:28,Continuous fall of snowflakes,0,0-1
1488,5e6c259ff9af8b3cc2917703,39,2020-02-24 17:47:02,2020-02-25 02:37:42,2020-02-24 18:53:34,6.979,2_39_92_436_2020-02-24 17:47:01.709861,2,CA-318,2-39-92-436,America/Los_Angeles,714.0,400.0,32.0,80.0,330.0,"Mon, 24 Feb 2020 17:47:21 GMT",True,"Mon, 24 Feb 2020 23:17:02 GMT",714.0,,,,,,,,,8.844444444444445,0 days 08:50:40,0 days 07:44:08,Continuous fall of snowflakes,2,2-3
1489,5e6c259ff9af8b3cc2917704,39,2020-02-24 17:47:09,2020-02-25 03:15:01,2020-02-24 19:35:58,11.1,2_39_90_26_2020-02-24 17:47:09.045034,2,CA-316,2-39-90-26,America/Los_Angeles,558.0,400.0,24.0,60.0,60.0,"Mon, 24 Feb 2020 17:47:11 GMT",True,"Mon, 24 Feb 2020 18:47:09 GMT",558.0,,,,,,,,,9.464444444444444,0 days 09:27:52,0 days 07:39:03,Continuous fall of snowflakes,3,3-4
1490,5e6c259ff9af8b3cc2917705,39,2020-02-24 17:58:48,2020-02-25 00:01:44,2020-02-24 19:22:15,4.162,2_39_123_23_2020-02-24 17:58:47.861017,2,CA-313,2-39-123-23,America/Los_Angeles,2170.0,400.0,28.0,70.0,417.0,"Mon, 24 Feb 2020 17:59:22 GMT",True,"Tue, 25 Feb 2020 00:55:48 GMT",2170.0,,,,,,,,,6.0488888888888885,0 days 06:02:56,0 days 04:39:29,Continuous fall of snowflakes,0,0-1
1491,5e6c259ff9af8b3cc2917706,39,2020-02-24 18:09:48,2020-02-24 22:43:33,2020-02-24 19:54:33,11.108,2_39_95_444_2020-02-24 18:09:47.629441,2,CA-497,2-39-95-444,America/Los_Angeles,1087.0,400.0,32.0,80.0,311.0,"Mon, 24 Feb 2020 18:09:50 GMT",True,"Mon, 24 Feb 2020 23:20:48 GMT",1087.0,,,,,,,,,4.5625,0 days 04:33:45,0 days 02:49:00,"Rain, not freezing, continuous",22,22-23
1492,5e6c259ff9af8b3cc2917707,39,2020-02-24 18:26:47,2020-02-25 02:03:46,2020-02-24 20:27:01,11.647,2_39_125_21_2020-02-24 18:26:46.584435,2,CA-311,2-39-125-21,America/Los_Angeles,1095.0,400.0,16.0,40.0,447.0,"Mon, 24 Feb 2020 18:26:55 GMT",True,"Tue, 25 Feb 2020 01:53:47 GMT",1095.0,,,,,,,,,7.616388888888889,0 days 07:36:59,0 days 05:36:45,Continuous fall of snowflakes,2,2-3
1493,5e6c259ff9af8b3cc2917708,39,2020-02-24 18:41:00,2020-02-25 01:51:59,2020-02-24 23:40:53,29.888,2_39_91_437_2020-02-24 18:40:59.927507,2,CA-317,2-39-91-437,America/Los_Angeles,2961.0,225.0,22.5,100.0,459.0,"Mon, 24 Feb 2020 18:41:10 GMT",True,"Tue, 25 Feb 2020 02:20:00 GMT",2961.0,225.0,40.05,178.0,280.0,"Mon, 24 Feb 2020 22:22:54 GMT",True,"Mon, 24 Feb 2020 23:21:00 GMT",2961.0,7.183055555555556,0 days 07:10:59,0 days 02:11:06,Continuous fall of snowflakes,1,1-2
1494,5e6c259ff9af8b3cc2917709,39,2020-02-24 19:16:47,2020-02-25 01:12:26,2020-02-25 00:44:19,4.904,2_39_79_380_2020-02-24 19:16:47.509095,2,CA-489,2-39-79-380,America/Los_Angeles,2149.0,250.0,5.0,20.0,336.0,"Mon, 24 Feb 2020 19:17:14 GMT",True,"Tue, 25 Feb 2020 00:52:47 GMT",2149.0,,,,,,,,,5.9275,0 days 05:55:39,0 days 00:28:07,Continuous fall of snowflakes,1,1-2
1495,5e6c259ff9af8b3cc291770a,39,2020-02-24 19:23:52,2020-02-25 00:39:35,2020-02-24 21:14:28,11.139,2_39_79_378_2020-02-24 19:23:51.837828,2,CA-326,2-39-79-378,America/Los_Angeles,832.0,400.0,20.0,50.0,313.0,"Mon, 24 Feb 2020 19:24:31 GMT",True,"Tue, 25 Feb 2020 00:36:52 GMT",832.0,,,,,,,,,5.2619444444444445,0 days 05:15:43,0 days 03:25:07,Continuous fall of snowflakes,0,0-1
1496,5e6c259ff9af8b3cc291770b,39,2020-02-24 20:45:00,2020-02-25 02:33:57,2020-02-24 23:26:06,6.885,2_39_79_376_2020-02-24 20:45:00.163207,2,CA-324,2-39-79-376,America/Los_Angeles,1124.0,400.0,8.0,20.0,60.0,"Mon, 24 Feb 2020 20:45:19 GMT",True,"Mon, 24 Feb 2020 21:45:00 GMT",1124.0,,,,,,,,,5.815833333333333,0 days 05:48:57,0 days 03:07:51,Continuous fall of snowflakes,2,2-3
1497,5e6c259ff9af8b3cc291770c,39,2020-02-24 21:23:55,2020-02-25 00:11:40,2020-02-24 22:52:58,9.035,2_39_124_22_2020-02-24 21:23:55.124838,2,CA-312,2-39-124-22,America/Los_Angeles,1912.0,400.0,20.0,50.0,392.0,"Mon, 24 Feb 2020 21:23:55 GMT",True,"Tue, 25 Feb 2020 03:55:55 GMT",1912.0,400.0,16.0,40.0,151.0,"Mon, 24 Feb 2020 21:24:48 GMT",True,"Mon, 24 Feb 2020 23:54:55 GMT",1912.0,2.7958333333333334,0 days 02:47:45,0 days 01:18:42,Continuous fall of snowflakes,0,0-1
1498,5e6c259ff9af8b3cc291770d,39,2020-02-24 21:51:10,2020-02-25 00:38:23,2020-02-25 00:21:02,0.887,2_39_79_382_2020-02-24 21:51:10.277818,2,CA-491,2-39-79-382,America/Los_Angeles,,,,,,,,,,,,,,,,,,2.7869444444444444,0 days 02:47:13,0 days 00:17:21,Continuous fall of snowflakes,0,0-1
1499,5e6c259ff9af8b3cc291770e,39,2020-02-24 22:11:31,2020-02-25 01:19:38,2020-02-24 23:41:53,4.392,2_39_88_24_2020-02-24 22:11:31.311179,2,CA-314,2-39-88-24,America/Los_Angeles,3389.0,400.0,8.0,20.0,198.0,"Mon, 24 Feb 2020 22:12:33 GMT",True,"Tue, 25 Feb 2020 01:29:31 GMT",3389.0,,,,,,,,,3.1352777777777776,0 days 03:08:07,0 days 01:37:45,Continuous fall of snowflakes,1,1-2
1500,5e6c259ff9af8b3cc291770f,39,2020-02-24 22:17:51,2020-02-25 03:18:59,2020-02-24 23:27:43,2.339,2_39_91_441_2020-02-24 22:17:51.127715,2,CA-499,2-39-91-441,America/Los_Angeles,1082.0,400.0,8.0,20.0,64.0,"Mon, 24 Feb 2020 22:18:13 GMT",True,"Mon, 24 Feb 2020 23:21:51 GMT",1082.0,,,,,,,,,5.018888888888889,0 days 05:01:08,0 days 03:51:16,Continuous fall of snowflakes,3,3-4
1501,5e6c259ff9af8b3cc2917710,39,2020-02-24 23:30:44,2020-02-25 00:31:33,2020-02-25 00:27:08,0.883,2_39_123_557_2020-02-24 23:30:43.635523,2,CA-503,2-39-123-557,America/Los_Angeles,,,,,,,,,,,,,,,,,,1.013611111111111,0 days 01:00:49,0 days 00:04:25,Continuous fall of snowflakes,0,0-1
1502,5e6c259ff9af8b3cc2917711,39,2020-02-25 06:47:04,2020-02-25 13:03:13,2020-02-25 11:42:29,31.879,2_39_127_19_2020-02-25 06:47:03.878786,2,CA-309,2-39-127-19,America/Los_Angeles,300.0,400.0,32.0,80.0,638.0,"Tue, 25 Feb 2020 06:47:23 GMT",True,"Tue, 25 Feb 2020 17:25:04 GMT",300.0,,,,,,,,,6.269166666666667,0 days 06:16:09,0 days 01:20:44,Continuous fall of snowflakes,13,13-14
1503,5e6c25c3f9af8b3cc2917712,39,2020-02-25 13:03:30,2020-02-25 15:26:13,2020-02-25 15:26:10,14.197,2_39_126_20_2020-02-25 13:03:30.398177,2,CA-310,2-39-126-20,America/Los_Angeles,300.0,400.0,32.0,80.0,435.0,"Tue, 25 Feb 2020 13:03:38 GMT",True,"Tue, 25 Feb 2020 20:18:30 GMT",300.0,,,,,,,,,2.3786111111111112,0 days 02:22:43,0 days 00:00:03,Continuous fall of snowflakes,15,15-16
1504,5e6c25c3f9af8b3cc2917713,39,2020-02-25 15:48:49,2020-02-25 21:48:36,2020-02-25 18:12:03,8.263,2_39_79_382_2020-02-25 15:48:48.856722,2,CA-491,2-39-79-382,America/Los_Angeles,4701.0,300.0,9.0,30.0,307.0,"Tue, 25 Feb 2020 15:48:54 GMT",True,"Tue, 25 Feb 2020 20:55:49 GMT",4701.0,,,,,,,,,5.996388888888889,0 days 05:59:47,0 days 03:36:33,Continuous fall of snowflakes,21,21-22
1505,5e6c25c3f9af8b3cc2917714,39,2020-02-25 16:08:13,2020-02-25 23:45:44,2020-02-25 22:28:34,0.88,2_39_79_380_2020-02-25 16:08:13.004188,2,CA-489,2-39-79-380,America/Los_Angeles,,,,,,,,,,,,,,,,,,7.625277777777778,0 days 07:37:31,0 days 01:17:10,Continuous fall of snowflakes,23,23-24
1506,5e6c25c3f9af8b3cc2917715,39,2020-02-25 16:38:32,2020-02-26 01:08:24,2020-02-25 16:59:41,1.279,2_39_79_379_2020-02-25 16:38:32.420117,2,CA-327,2-39-79-379,America/Los_Angeles,751.0,400.0,28.0,70.0,720.0,"Tue, 25 Feb 2020 16:39:19 GMT",True,"Wed, 26 Feb 2020 04:38:32 GMT",751.0,,,,,,,,,8.497777777777777,0 days 08:29:52,0 days 08:08:43,Continuous fall of snowflakes,1,1-2
1507,5e6c25c3f9af8b3cc2917716,39,2020-02-25 16:44:55,2020-02-26 00:21:50,2020-02-25 18:30:23,4.957,2_39_92_442_2020-02-25 16:44:54.972986,2,CA-498,2-39-92-442,America/Los_Angeles,686.0,400.0,8.0,20.0,95.0,"Tue, 25 Feb 2020 16:45:12 GMT",True,"Tue, 25 Feb 2020 18:19:55 GMT",686.0,,,,,,,,,7.615277777777778,0 days 07:36:55,0 days 05:51:27,Continuous fall of snowflakes,0,0-1
1508,5e6c25c3f9af8b3cc2917717,39,2020-02-25 16:50:39,2020-02-25 21:50:21,2020-02-25 18:54:31,13.266,2_39_95_444_2020-02-25 16:50:39.284857,2,CA-497,2-39-95-444,America/Los_Angeles,1470.0,292.0,17.52,60.0,266.0,"Tue, 25 Feb 2020 16:51:43 GMT",True,"Tue, 25 Feb 2020 21:16:39 GMT",1470.0,,,,,,,,,4.995,0 days 04:59:42,0 days 02:55:50,Continuous fall of snowflakes,21,21-22
1509,5e6c25c3f9af8b3cc2917718,39,2020-02-25 16:52:11,2020-02-26 01:16:32,2020-02-25 21:04:27,13.548,2_39_79_383_2020-02-25 16:51:47.949894,2,CA-492,2-39-79-383,America/Los_Angeles,671.0,267.0,26.7,100.0,280.0,"Tue, 25 Feb 2020 16:52:11 GMT",True,"Tue, 25 Feb 2020 21:32:11 GMT",671.0,,,,,,,,,8.405833333333334,0 days 08:24:21,0 days 04:12:05,Continuous fall of snowflakes,1,1-2
1510,5e6c25c3f9af8b3cc2917719,39,2020-02-25 16:53:17,2020-02-26 05:48:41,2020-02-25 18:54:43,5.982,2_39_90_440_2020-02-25 16:53:17.270090,2,CA-500,2-39-90-440,America/Los_Angeles,1222.0,400.0,8.0,20.0,72.0,"Tue, 25 Feb 2020 16:53:28 GMT",True,"Tue, 25 Feb 2020 18:05:17 GMT",1222.0,,,,,,,,,12.923333333333334,0 days 12:55:24,0 days 10:53:58,Continuous fall of snowflakes,5,5-6
1511,5e6c25c3f9af8b3cc291771a,39,2020-02-25 17:02:35,2020-02-26 00:20:32,2020-02-25 18:27:07,3.955,2_39_89_25_2020-02-25 17:02:35.505585,2,CA-315,2-39-89-25,America/Los_Angeles,743.0,400.0,8.0,20.0,473.0,"Tue, 25 Feb 2020 17:02:47 GMT",True,"Wed, 26 Feb 2020 00:55:35 GMT",743.0,400.0,8.0,20.0,441.0,"Tue, 25 Feb 2020 17:03:10 GMT",True,"Wed, 26 Feb 2020 00:23:35 GMT",743.0,7.299166666666666,0 days 07:17:57,0 days 05:53:25,Continuous fall of snowflakes,0,0-1
1512,5e6c25c3f9af8b3cc291771b,39,2020-02-25 17:03:50,2020-02-25 20:14:42,2020-02-25 19:12:25,2.576,2_39_95_27_2020-02-25 17:03:50.390718,2,CA-319,2-39-95-27,America/Los_Angeles,6049.0,267.0,2.67,10.0,179.0,"Tue, 25 Feb 2020 17:06:01 GMT",True,"Tue, 25 Feb 2020 20:02:50 GMT",6049.0,267.0,2.67,10.0,92.0,"Tue, 25 Feb 2020 19:09:16 GMT",True,"Tue, 25 Feb 2020 18:35:50 GMT",6049.0,3.181111111111111,0 days 03:10:52,0 days 01:02:17,Continuous fall of snowflakes,20,20-21
1513,5e6c25c3f9af8b3cc291771c,39,2020-02-25 17:07:55,2020-02-26 00:34:35,2020-02-25 19:09:08,6.919,2_39_79_377_2020-02-25 17:07:55.427000,2,CA-325,2-39-79-377,America/Los_Angeles,1137.0,400.0,32.0,80.0,417.0,"Tue, 25 Feb 2020 17:08:28 GMT",True,"Wed, 26 Feb 2020 00:04:55 GMT",1137.0,,,,,,,,,7.444444444444445,0 days 07:26:40,0 days 05:25:27,Continuous fall of snowflakes,0,0-1
1514,5e6c25c3f9af8b3cc291771d,39,2020-02-25 17:08:27,2020-02-26 03:11:19,2020-02-25 19:02:39,6.062,2_39_127_19_2020-02-25 17:08:27.103637,2,CA-309,2-39-127-19,America/Los_Angeles,567.0,400.0,8.0,20.0,434.0,"Tue, 25 Feb 2020 17:08:34 GMT",True,"Wed, 26 Feb 2020 00:22:27 GMT",567.0,,,,,,,,,10.047777777777778,0 days 10:02:52,0 days 08:08:40,Continuous fall of snowflakes,3,3-4
1515,5e6c25c3f9af8b3cc291771e,39,2020-02-25 17:15:23,2020-02-25 20:39:39,2020-02-25 18:51:21,4.942,2_39_125_21_2020-02-25 17:15:22.912135,2,CA-311,2-39-125-21,America/Los_Angeles,562.0,325.0,6.5,20.0,163.0,"Tue, 25 Feb 2020 17:15:48 GMT",True,"Tue, 25 Feb 2020 19:58:23 GMT",562.0,,,,,,,,,3.4044444444444446,0 days 03:24:16,0 days 01:48:18,Continuous fall of snowflakes,20,20-21
1516,5e6c25c3f9af8b3cc291771f,39,2020-02-25 17:41:08,2020-02-26 01:09:31,2020-02-26 00:29:03,0.928,2_39_79_378_2020-02-25 17:41:07.815784,2,CA-326,2-39-79-378,America/Los_Angeles,,,,,,,,,,,,,,,,,,7.473055555555556,0 days 07:28:23,0 days 00:40:28,Continuous fall of snowflakes,1,1-2
1517,5e6c25c3f9af8b3cc2917720,39,2020-02-25 17:44:56,2020-02-26 00:21:50,2020-02-26 00:18:50,4.894,2_39_78_361_2020-02-25 17:44:55.897760,2,CA-493,2-39-78-361,America/Los_Angeles,2149.0,250.0,5.0,20.0,336.0,"Tue, 25 Feb 2020 17:44:59 GMT",True,"Tue, 25 Feb 2020 23:20:56 GMT",2149.0,,,,,,,,,6.615,0 days 06:36:54,0 days 00:03:00,Continuous fall of snowflakes,0,0-1
1518,5e6c25c3f9af8b3cc2917721,39,2020-02-25 17:45:42,2020-02-26 00:55:33,2020-02-26 00:30:20,0.78,2_39_79_376_2020-02-25 17:45:42.161398,2,CA-324,2-39-79-376,America/Los_Angeles,,,,,,,,,,,,,,,,,,7.164166666666667,0 days 07:09:51,0 days 00:25:13,Continuous fall of snowflakes,0,0-1
1519,5e6c25c3f9af8b3cc2917722,39,2020-02-25 17:47:25,2020-02-26 03:09:02,2020-02-25 19:41:02,11.116,2_39_90_26_2020-02-25 17:47:24.957703,2,CA-316,2-39-90-26,America/Los_Angeles,558.0,400.0,24.0,60.0,60.0,"Tue, 25 Feb 2020 17:47:31 GMT",True,"Tue, 25 Feb 2020 18:47:25 GMT",558.0,,,,,,,,,9.360277777777778,0 days 09:21:37,0 days 07:28:00,Continuous fall of snowflakes,3,3-4
1520,5e6c25c3f9af8b3cc2917723,39,2020-02-25 17:47:37,2020-02-26 02:36:15,2020-02-25 18:45:12,1.834,2_39_92_436_2020-02-25 17:47:36.783365,2,CA-318,2-39-92-436,America/Los_Angeles,324.0,444.0,8.88,20.0,101.0,"Tue, 25 Feb 2020 17:47:45 GMT",True,"Tue, 25 Feb 2020 19:28:37 GMT",324.0,,,,,,,,,8.810555555555556,0 days 08:48:38,0 days 07:51:03,Continuous fall of snowflakes,2,2-3
1521,5e6c25c3f9af8b3cc2917724,39,2020-02-25 17:49:48,2020-02-26 02:37:31,2020-02-25 18:49:22,6.368,2_39_78_360_2020-02-25 17:49:47.614663,2,CA-322,2-39-78-360,America/Los_Angeles,714.0,400.0,32.0,80.0,412.0,"Tue, 25 Feb 2020 17:50:07 GMT",True,"Wed, 26 Feb 2020 00:41:48 GMT",714.0,,,,,,,,,8.795277777777779,0 days 08:47:43,0 days 07:48:09,Continuous fall of snowflakes,2,2-3
1522,5e6c25c3f9af8b3cc2917725,39,2020-02-25 17:52:23,2020-02-25 23:40:24,2020-02-25 19:39:25,11.109,2_39_124_22_2020-02-25 17:52:22.948100,2,CA-312,2-39-124-22,America/Los_Angeles,1912.0,400.0,16.0,40.0,151.0,"Tue, 25 Feb 2020 17:52:33 GMT",True,"Tue, 25 Feb 2020 20:23:23 GMT",1912.0,400.0,16.0,40.0,368.0,"Tue, 25 Feb 2020 17:52:42 GMT",True,"Wed, 26 Feb 2020 00:00:23 GMT",1912.0,5.800277777777778,0 days 05:48:01,0 days 04:00:59,Continuous fall of snowflakes,23,23-24
1523,5e6c25c3f9af8b3cc2917726,39,2020-02-25 17:55:23,2020-02-25 19:56:22,2020-02-25 19:09:39,2.479,2_39_123_23_2020-02-25 17:55:22.593043,2,CA-313,2-39-123-23,America/Los_Angeles,1082.0,400.0,8.0,20.0,64.0,"Tue, 25 Feb 2020 17:56:05 GMT",True,"Tue, 25 Feb 2020 18:59:23 GMT",1082.0,,,,,,,,,2.016388888888889,0 days 02:00:59,0 days 00:46:43,Continuous fall of snowflakes,19,19-20
1524,5e6c25c3f9af8b3cc2917727,39,2020-02-25 17:59:38,2020-02-26 02:48:49,2020-02-25 18:49:48,2.485,2_39_88_24_2020-02-25 17:59:38.508554,2,CA-314,2-39-88-24,America/Los_Angeles,2170.0,400.0,28.0,70.0,417.0,"Tue, 25 Feb 2020 17:59:46 GMT",True,"Wed, 26 Feb 2020 00:56:38 GMT",2170.0,,,,,,,,,8.819722222222222,0 days 08:49:11,0 days 07:59:01,Continuous fall of snowflakes,2,2-3
1525,5e6c25c3f9af8b3cc2917728,39,2020-02-25 18:24:48,2020-02-26 02:05:05,2020-02-25 21:34:47,12.113,2_39_78_363_2020-02-25 18:24:48.201369,2,CA-320,2-39-78-363,America/Los_Angeles,1095.0,400.0,16.0,40.0,447.0,"Tue, 25 Feb 2020 18:25:04 GMT",True,"Wed, 26 Feb 2020 01:51:48 GMT",1095.0,,,,,,,,,7.671388888888889,0 days 07:40:17,0 days 04:30:18,Continuous fall of snowflakes,2,2-3
1526,5e6c25c3f9af8b3cc2917729,39,2020-02-25 18:32:14,2020-02-26 02:07:48,2020-02-25 21:44:27,7.902,2_39_78_366_2020-02-25 18:32:13.970300,2,CA-323,2-39-78-366,America/Los_Angeles,677.0,325.0,19.5,60.0,71.0,"Tue, 25 Feb 2020 18:33:28 GMT",True,"Tue, 25 Feb 2020 19:43:14 GMT",677.0,,,,,,,,,7.592777777777778,0 days 07:35:34,0 days 04:23:21,Continuous fall of snowflakes,2,2-3
1527,5e6c25c3f9af8b3cc291772a,39,2020-02-25 19:14:26,2020-02-25 20:40:40,2020-02-25 20:17:22,0.821,2_39_78_365_2020-02-25 19:14:26.205396,2,CA-321,2-39-78-365,America/Los_Angeles,,,,,,,,,,,,,,,,,,1.4372222222222222,0 days 01:26:14,0 days 00:23:18,Continuous fall of snowflakes,20,20-21
1528,5e6c25c3f9af8b3cc291772b,39,2020-02-25 20:23:32,2020-02-25 22:25:11,2020-02-25 22:22:29,5.987,2_39_123_23_2020-02-25 20:23:32.483339,2,CA-313,2-39-123-23,America/Los_Angeles,1366.0,400.0,8.0,20.0,60.0,"Tue, 25 Feb 2020 20:23:48 GMT",True,"Tue, 25 Feb 2020 21:23:32 GMT",1366.0,,,,,,,,,2.0275,0 days 02:01:39,0 days 00:02:42,Continuous fall of snowflakes,22,22-23
1529,5e6c25c3f9af8b3cc291772c,39,2020-02-25 20:26:44,2020-02-26 02:33:44,2020-02-25 21:31:36,2.092,2_39_91_441_2020-02-25 20:26:43.576136,2,CA-499,2-39-91-441,America/Los_Angeles,710.0,400.0,8.0,20.0,286.0,"Tue, 25 Feb 2020 20:27:08 GMT",True,"Wed, 26 Feb 2020 01:12:44 GMT",710.0,,,,,,,,,6.116666666666666,0 days 06:07:00,0 days 05:02:08,Continuous fall of snowflakes,2,2-3
1530,5e6c25c3f9af8b3cc291772d,39,2020-02-25 20:38:20,2020-02-26 01:26:24,2020-02-25 22:41:21,6.632,2_39_95_27_2020-02-25 20:38:20.301824,2,CA-319,2-39-95-27,America/Los_Angeles,1124.0,400.0,8.0,20.0,60.0,"Tue, 25 Feb 2020 20:38:52 GMT",True,"Tue, 25 Feb 2020 21:38:20 GMT",1124.0,,,,,,,,,4.801111111111111,0 days 04:48:04,0 days 02:45:03,Continuous fall of snowflakes,1,1-2
1531,5e6c25c3f9af8b3cc291772e,39,2020-02-25 20:55:33,2020-02-26 01:09:51,2020-02-25 22:48:06,5.704,2_39_125_21_2020-02-25 20:55:32.527944,2,CA-311,2-39-125-21,America/Los_Angeles,620.0,400.0,8.0,20.0,254.0,"Tue, 25 Feb 2020 20:55:44 GMT",True,"Wed, 26 Feb 2020 01:09:33 GMT",620.0,,,,,,,,,4.238333333333333,0 days 04:14:18,0 days 02:21:45,Continuous fall of snowflakes,1,1-2
1532,5e6c25c3f9af8b3cc291772f,39,2020-02-25 21:02:28,2020-02-25 21:42:25,2020-02-25 21:42:21,2.208,2_39_78_365_2020-02-25 21:02:28.002587,2,CA-321,2-39-78-365,America/Los_Angeles,1093.0,333.0,6.66,20.0,199.0,"Tue, 25 Feb 2020 21:03:32 GMT",True,"Wed, 26 Feb 2020 00:21:28 GMT",1093.0,,,,,,,,,0.6658333333333334,0 days 00:39:57,0 days 00:00:04,Continuous fall of snowflakes,21,21-22
1533,5e6c25c3f9af8b3cc2917730,39,2020-02-25 21:20:40,2020-02-26 00:41:51,2020-02-26 00:29:01,7.92,2_39_88_438_2020-02-25 21:20:40.105347,2,CA-502,2-39-88-438,America/Los_Angeles,6049.0,267.0,8.01,30.0,327.0,"Tue, 25 Feb 2020 21:21:19 GMT",True,"Wed, 26 Feb 2020 02:47:40 GMT",6049.0,267.0,8.01,30.0,204.0,"Tue, 25 Feb 2020 21:22:36 GMT",True,"Wed, 26 Feb 2020 00:44:40 GMT",6049.0,3.3530555555555557,0 days 03:21:11,0 days 00:12:50,Continuous fall of snowflakes,0,0-1
1534,5e6c25c3f9af8b3cc2917731,39,2020-02-25 21:33:53,2020-02-25 22:23:44,2020-02-25 22:04:56,0.844,2_39_123_557_2020-02-25 21:33:52.604497,2,CA-503,2-39-123-557,America/Los_Angeles,,,,,,,,,,,,,,,,,,0.8308333333333333,0 days 00:49:51,0 days 00:18:48,Continuous fall of snowflakes,22,22-23
1535,5e6c25c3f9af8b3cc2917732,39,2020-02-25 21:40:48,2020-02-25 23:43:51,2020-02-25 23:31:28,5.535,2_39_83_387_2020-02-25 21:40:48.396145,2,CA-149,2-39-83-387,America/Los_Angeles,752.0,425.0,12.75,30.0,440.0,"Tue, 25 Feb 2020 21:43:25 GMT",True,"Wed, 26 Feb 2020 05:00:48 GMT",752.0,425.0,12.75,30.0,440.0,"Tue, 25 Feb 2020 23:42:50 GMT",True,"Wed, 26 Feb 2020 05:00:48 GMT",752.0,2.0508333333333333,0 days 02:03:03,0 days 00:12:23,Continuous fall of snowflakes,23,23-24
1536,5e6c25c3f9af8b3cc2917733,39,2020-02-25 23:27:35,2020-02-26 00:17:04,2020-02-26 00:16:27,2.237,2_39_78_365_2020-02-25 23:27:35.137116,2,CA-321,2-39-78-365,America/Los_Angeles,4861.0,375.0,7.5,20.0,222.0,"Tue, 25 Feb 2020 23:28:45 GMT",True,"Wed, 26 Feb 2020 03:09:35 GMT",4861.0,375.0,7.5,20.0,222.0,"Wed, 26 Feb 2020 00:16:12 GMT",True,"Wed, 26 Feb 2020 03:09:35 GMT",4861.0,0.8247222222222222,0 days 00:49:29,0 days 00:00:37,Continuous fall of snowflakes,0,0-1
1537,5e6c25c3f9af8b3cc2917734,39,2020-02-26 00:07:59,2020-02-26 01:07:45,2020-02-26 00:38:19,0.862,2_39_124_22_2020-02-26 00:07:58.822385,2,CA-312,2-39-124-22,America/Los_Angeles,,,,,,,,,,,,,,,,,,0.9961111111111111,0 days 00:59:46,0 days 00:29:26,Continuous fall of snowflakes,1,1-2
1538,5e6c25c3f9af8b3cc2917735,39,2020-02-26 00:32:59,2020-02-26 01:21:00,2020-02-26 01:20:56,2.612,2_39_138_29_2020-02-26 00:32:59.299908,2,CA-304,2-39-138-29,America/Los_Angeles,1366.0,400.0,8.0,20.0,60.0,"Wed, 26 Feb 2020 00:33:49 GMT",True,"Wed, 26 Feb 2020 01:32:59 GMT",1366.0,,,,,,,,,0.8002777777777778,0 days 00:48:01,0 days 00:00:04,Continuous fall of snowflakes,1,1-2
1539,5e6c25c3f9af8b3cc2917736,39,2020-02-26 00:39:13,2020-02-26 01:25:59,2020-02-26 01:19:47,0.922,2_39_78_361_2020-02-26 00:39:12.829041,2,CA-493,2-39-78-361,America/Los_Angeles,,,,,,,,,,,,,,,,,,0.7794444444444445,0 days 00:46:46,0 days 00:06:12,Continuous fall of snowflakes,1,1-2
1540,5e6c25c3f9af8b3cc2917737,39,2020-02-26 00:42:09,2020-02-26 02:30:59,2020-02-26 02:30:51,5.805,2_39_130_31_2020-02-26 00:42:09.397862,2,CA-306,2-39-130-31,America/Los_Angeles,1920.0,600.0,12.0,20.0,110.0,"Wed, 26 Feb 2020 00:42:38 GMT",True,"Wed, 26 Feb 2020 02:32:09 GMT",1920.0,600.0,12.0,20.0,110.0,"Wed, 26 Feb 2020 00:42:44 GMT",True,"Wed, 26 Feb 2020 02:32:09 GMT",1920.0,1.8138888888888889,0 days 01:48:50,0 days 00:00:08,Continuous fall of snowflakes,2,2-3
1541,5e6c25c3f9af8b3cc2917738,39,2020-02-26 01:17:17,2020-02-26 02:43:00,2020-02-26 01:52:32,1.283,2_39_128_18_2020-02-26 01:17:16.767905,2,CA-308,2-39-128-18,America/Los_Angeles,365.0,333.0,9.99,30.0,104.0,"Wed, 26 Feb 2020 01:17:35 GMT",True,"Wed, 26 Feb 2020 03:01:17 GMT",365.0,,,,,,,,,1.428611111111111,0 days 01:25:43,0 days 00:50:28,Continuous fall of snowflakes,2,2-3
1542,5e6c25c3f9af8b3cc2917739,39,2020-02-26 02:45:41,2020-02-26 14:57:49,2020-02-26 04:42:46,12.172,2_39_79_377_2020-02-26 02:45:40.905237,2,CA-325,2-39-79-377,America/Los_Angeles,754.0,300.0,15.0,50.0,199.0,"Wed, 26 Feb 2020 02:45:45 GMT",True,"Wed, 26 Feb 2020 06:04:41 GMT",754.0,,,,,,,,,12.202222222222222,0 days 12:12:08,0 days 10:15:03,Continuous fall of snowflakes,14,14-15
1543,5e6c25c3f9af8b3cc291773a,39,2020-02-26 04:23:42,2020-02-26 05:40:40,2020-02-26 05:40:36,4.279,2_39_139_28_2020-02-26 04:23:41.955486,2,CA-303,2-39-139-28,America/Los_Angeles,1263.0,400.0,8.0,20.0,115.0,"Wed, 26 Feb 2020 04:23:57 GMT",True,"Wed, 26 Feb 2020 06:18:42 GMT",1263.0,,,,,,,,,1.2827777777777778,0 days 01:16:58,0 days 00:00:04,Continuous fall of snowflakes,5,5-6
1544,5e6c25c3f9af8b3cc291773b,39,2020-02-26 04:28:47,2020-02-26 06:46:43,2020-02-26 06:46:38,14.144,2_39_124_22_2020-02-26 04:28:47.374148,2,CA-312,2-39-124-22,America/Los_Angeles,1099.0,400.0,36.0,90.0,152.0,"Wed, 26 Feb 2020 04:29:37 GMT",True,"Wed, 26 Feb 2020 07:00:47 GMT",1099.0,,,,,,,,,2.298888888888889,0 days 02:17:56,0 days 00:00:05,Continuous fall of snowflakes,6,6-7
1545,5e6c25e9f9af8b3cc291773c,39,2020-02-26 08:11:13,2020-02-26 18:36:56,2020-02-26 14:58:49,10.09,2_39_90_26_2020-02-26 08:11:13.217961,2,CA-316,2-39-90-26,America/Los_Angeles,1093.0,333.0,6.66,20.0,199.0,"Wed, 26 Feb 2020 08:13:09 GMT",True,"Wed, 26 Feb 2020 11:30:13 GMT",1093.0,333.0,9.99,30.0,438.0,"Wed, 26 Feb 2020 08:13:29 GMT",True,"Wed, 26 Feb 2020 15:29:13 GMT",1093.0,10.428611111111111,0 days 10:25:43,0 days 03:38:07,Continuous fall of snowflakes,18,18-19
1546,5e6c25e9f9af8b3cc291773d,39,2020-02-26 14:48:10,2020-02-27 20:00:02,2020-02-26 19:12:23,14.770036111111112,2_39_79_383_2020-02-26 14:48:10.450989,2,CA-492,2-39-79-383,America/Los_Angeles,4913.0,400.0,20.0,50.0,720.0,"Wed, 26 Feb 2020 14:48:42 GMT",True,"Thu, 27 Feb 2020 02:48:10 GMT",4913.0,,,,,,,,,29.197777777777777,1 days 05:11:52,1 days 00:47:39,Continuous fall of snowflakes,20,20-21
1547,5e6c25e9f9af8b3cc291773e,39,2020-02-26 15:41:40,2020-02-26 16:44:08,2020-02-26 16:44:03,6.33,2_39_129_17_2020-02-26 15:41:28.615507,2,CA-307,2-39-129-17,America/Los_Angeles,1938.0,400.0,16.0,40.0,141.0,"Wed, 26 Feb 2020 15:41:40 GMT",True,"Wed, 26 Feb 2020 18:02:40 GMT",1938.0,,,,,,,,,1.041111111111111,0 days 01:02:28,0 days 00:00:05,Continuous fall of snowflakes,16,16-17
1548,5e6c25e9f9af8b3cc291773f,39,2020-02-26 15:56:27,2020-02-27 01:46:42,2020-02-27 01:05:42,0.846,2_39_79_380_2020-02-26 15:56:27.314467,2,CA-489,2-39-79-380,America/Los_Angeles,,,,,,,,,,,,,,,,,,9.8375,0 days 09:50:15,0 days 00:41:00,Continuous fall of snowflakes,1,1-2
1549,5e6c25e9f9af8b3cc2917740,39,2020-02-26 15:59:54,2020-02-26 23:10:42,2020-02-26 17:18:50,3.119,2_39_79_382_2020-02-26 15:59:54.118703,2,CA-491,2-39-79-382,America/Los_Angeles,4701.0,300.0,9.0,30.0,307.0,"Wed, 26 Feb 2020 16:00:06 GMT",True,"Wed, 26 Feb 2020 21:06:54 GMT",4701.0,,,,,,,,,7.18,0 days 07:10:48,0 days 05:51:52,Continuous fall of snowflakes,23,23-24
1550,5e6c25e9f9af8b3cc2917741,39,2020-02-26 16:12:17,2020-02-27 04:15:01,2020-02-26 17:47:42,4.644,2_39_95_27_2020-02-26 16:11:52.047298,2,CA-319,2-39-95-27,America/Los_Angeles,5594.0,360.0,7.2,20.0,198.0,"Wed, 26 Feb 2020 16:12:16 GMT",True,"Wed, 26 Feb 2020 19:30:17 GMT",5594.0,,,,,,,,,12.045555555555556,0 days 12:02:44,0 days 10:27:19,Continuous fall of snowflakes,4,4-5
1551,5e6c25e9f9af8b3cc2917742,39,2020-02-26 16:15:46,2020-02-27 01:39:06,2020-02-27 01:08:51,50.304,2_39_78_366_2020-02-26 16:15:46.074296,2,CA-323,2-39-78-366,America/Los_Angeles,3853.0,360.0,50.4,140.0,520.0,"Wed, 26 Feb 2020 16:16:13 GMT",True,"Thu, 27 Feb 2020 00:55:46 GMT",3853.0,,,,,,,,,9.38888888888889,0 days 09:23:20,0 days 00:30:15,Continuous fall of snowflakes,1,1-2
1552,5e6c25e9f9af8b3cc2917743,39,2020-02-26 16:21:54,2020-02-27 01:51:20,2020-02-27 01:05:21,0.874,2_39_79_379_2020-02-26 16:21:54.291234,2,CA-327,2-39-79-379,America/Los_Angeles,,,,,,,,,,,,,,,,,,9.490555555555556,0 days 09:29:26,0 days 00:45:59,Continuous fall of snowflakes,1,1-2
1553,5e6c25e9f9af8b3cc2917744,39,2020-02-26 16:40:13,2020-02-26 22:25:02,2020-02-26 18:36:00,5.844,2_39_130_31_2020-02-26 16:40:13.142461,2,CA-306,2-39-130-31,America/Los_Angeles,1366.0,400.0,8.0,20.0,60.0,"Wed, 26 Feb 2020 16:40:24 GMT",True,"Wed, 26 Feb 2020 17:40:13 GMT",1366.0,,,,,,,,,5.746944444444445,0 days 05:44:49,0 days 03:49:02,Continuous fall of snowflakes,22,22-23
1554,5e6c25e9f9af8b3cc2917745,39,2020-02-26 16:48:57,2020-02-27 00:30:20,2020-02-27 00:31:20,14.385,2_39_78_362_2020-02-26 16:48:56.835155,2,CA-496,2-39-78-362,America/Los_Angeles,1470.0,292.0,23.36,80.0,266.0,"Wed, 26 Feb 2020 16:49:12 GMT",True,"Wed, 26 Feb 2020 21:14:57 GMT",1470.0,,,,,,,,,7.689722222222223,0 days 07:41:23,-1 days +23:59:00,Continuous fall of snowflakes,0,0-1
1555,5e6c25e9f9af8b3cc2917746,39,2020-02-26 16:52:37,2020-02-27 01:31:52,2020-02-26 19:34:46,8.95,2_39_128_562_2020-02-26 16:52:37.108551,2,CA-508,2-39-128-562,America/Los_Angeles,1534.0,250.0,10.0,40.0,404.0,"Wed, 26 Feb 2020 16:53:11 GMT",True,"Wed, 26 Feb 2020 23:36:37 GMT",1534.0,,,,,,,,,8.654166666666667,0 days 08:39:15,0 days 05:57:06,Continuous fall of snowflakes,1,1-2
1556,5e6c25e9f9af8b3cc2917747,39,2020-02-26 16:56:08,2020-02-27 03:13:19,2020-02-26 18:43:57,5.639,2_39_127_19_2020-02-26 16:56:07.549745,2,CA-309,2-39-127-19,America/Los_Angeles,562.0,325.0,6.5,20.0,195.0,"Wed, 26 Feb 2020 16:56:28 GMT",True,"Wed, 26 Feb 2020 20:11:08 GMT",562.0,,,,,,,,,10.286388888888888,0 days 10:17:11,0 days 08:29:22,Continuous fall of snowflakes,3,3-4
1557,5e6c25e9f9af8b3cc2917748,39,2020-02-26 17:04:20,2020-02-27 00:24:47,2020-02-26 18:40:01,5.031,2_39_79_377_2020-02-26 17:04:20.286210,2,CA-325,2-39-79-377,America/Los_Angeles,858.0,400.0,8.0,20.0,254.0,"Wed, 26 Feb 2020 17:04:30 GMT",True,"Wed, 26 Feb 2020 21:18:20 GMT",858.0,,,,,,,,,7.340833333333333,0 days 07:20:27,0 days 05:44:46,Continuous fall of snowflakes,0,0-1
1558,5e6c25e9f9af8b3cc2917749,39,2020-02-26 17:07:30,2020-02-27 00:37:40,2020-02-26 18:31:58,4.055,2_39_89_25_2020-02-26 17:07:30.386552,2,CA-315,2-39-89-25,America/Los_Angeles,743.0,400.0,8.0,20.0,441.0,"Wed, 26 Feb 2020 17:08:24 GMT",True,"Thu, 27 Feb 2020 00:28:30 GMT",743.0,,,,,,,,,7.502777777777778,0 days 07:30:10,0 days 06:05:42,Continuous fall of snowflakes,0,0-1
1559,5e6c25e9f9af8b3cc291774a,39,2020-02-26 17:11:34,2020-02-27 03:22:15,2020-02-26 19:03:53,5.939,2_39_125_21_2020-02-26 17:11:34.360069,2,CA-311,2-39-125-21,America/Los_Angeles,567.0,400.0,8.0,20.0,434.0,"Wed, 26 Feb 2020 17:11:45 GMT",True,"Thu, 27 Feb 2020 00:25:34 GMT",567.0,400.0,8.0,20.0,438.0,"Wed, 26 Feb 2020 17:16:12 GMT",True,"Thu, 27 Feb 2020 00:29:34 GMT",567.0,10.178055555555556,0 days 10:10:41,0 days 08:18:22,Continuous fall of snowflakes,3,3-4
1560,5e6c25e9f9af8b3cc291774b,39,2020-02-26 17:18:41,2020-02-27 04:01:25,2020-02-27 03:19:45,0.874,2_39_79_376_2020-02-26 17:18:40.761579,2,CA-324,2-39-79-376,America/Los_Angeles,,,,,,,,,,,,,,,,,,10.712222222222222,0 days 10:42:44,0 days 00:41:40,Continuous fall of snowflakes,4,4-5
1561,5e6c25e9f9af8b3cc291774c,39,2020-02-26 17:28:16,2020-02-27 01:11:02,2020-02-26 19:06:18,4.205,2_39_124_22_2020-02-26 17:28:16.317960,2,CA-312,2-39-124-22,America/Los_Angeles,620.0,400.0,8.0,20.0,441.0,"Wed, 26 Feb 2020 17:28:39 GMT",True,"Thu, 27 Feb 2020 00:49:16 GMT",620.0,,,,,,,,,7.712777777777778,0 days 07:42:46,0 days 06:04:44,Continuous fall of snowflakes,1,1-2
1562,5e6c25e9f9af8b3cc291774d,39,2020-02-26 17:42:18,2020-02-27 01:36:15,2020-02-26 19:46:30,5.726,2_39_123_23_2020-02-26 17:42:18.436824,2,CA-313,2-39-123-23,America/Los_Angeles,1364.0,400.0,28.0,70.0,182.0,"Wed, 26 Feb 2020 17:42:26 GMT",True,"Wed, 26 Feb 2020 20:44:18 GMT",1364.0,,,,,,,,,7.899166666666667,0 days 07:53:57,0 days 05:49:45,Continuous fall of snowflakes,1,1-2
1563,5e6c25e9f9af8b3cc291774e,39,2020-02-26 17:42:56,2020-02-26 20:28:31,2020-02-26 19:51:15,13.325,2_39_126_20_2020-02-26 17:42:52.428658,2,CA-310,2-39-126-20,America/Los_Angeles,1912.0,400.0,20.0,50.0,368.0,"Wed, 26 Feb 2020 17:42:55 GMT",True,"Wed, 26 Feb 2020 23:50:56 GMT",1912.0,,,,,,,,,2.7597222222222224,0 days 02:45:35,0 days 00:37:16,Continuous fall of snowflakes,20,20-21
1564,5e6c25e9f9af8b3cc291774f,39,2020-02-26 17:46:22,2020-02-27 03:13:45,2020-02-26 19:47:55,10.927,2_39_91_437_2020-02-26 17:46:21.685168,2,CA-317,2-39-91-437,America/Los_Angeles,558.0,400.0,24.0,60.0,60.0,"Wed, 26 Feb 2020 17:46:25 GMT",True,"Wed, 26 Feb 2020 18:46:22 GMT",558.0,,,,,,,,,9.456388888888888,0 days 09:27:23,0 days 07:25:50,Continuous fall of snowflakes,3,3-4
1565,5e6c25e9f9af8b3cc2917750,39,2020-02-26 17:50:37,2020-02-27 01:59:32,2020-02-27 01:38:33,0.861,2_39_78_360_2020-02-26 17:50:37.212822,2,CA-322,2-39-78-360,America/Los_Angeles,,,,,,,,,,,,,,,,,,8.14861111111111,0 days 08:08:55,0 days 00:20:59,Continuous fall of snowflakes,1,1-2
1566,5e6c25e9f9af8b3cc2917751,39,2020-02-26 18:00:50,2020-02-26 20:50:37,2020-02-26 20:33:35,16.578310833333333,2_39_79_378_2020-02-26 18:00:49.750193,2,CA-326,2-39-79-378,America/Los_Angeles,832.0,400.0,16.0,40.0,162.0,"Wed, 26 Feb 2020 18:01:23 GMT",True,"Wed, 26 Feb 2020 20:42:50 GMT",832.0,,,,,,,,,2.8297222222222222,0 days 02:49:47,0 days 00:17:02,Continuous fall of snowflakes,20,20-21
1567,5e6c25e9f9af8b3cc2917752,39,2020-02-26 18:04:32,2020-02-27 00:30:12,2020-02-27 00:11:18,12.354,2_39_78_363_2020-02-26 18:04:28.227460,2,CA-320,2-39-78-363,America/Los_Angeles,1095.0,400.0,16.0,40.0,447.0,"Wed, 26 Feb 2020 18:04:32 GMT",True,"Thu, 27 Feb 2020 01:31:32 GMT",1095.0,400.0,16.0,40.0,370.0,"Wed, 26 Feb 2020 18:04:37 GMT",True,"Thu, 27 Feb 2020 00:14:32 GMT",1095.0,6.427777777777778,0 days 06:25:40,0 days 00:18:54,Continuous fall of snowflakes,0,0-1
1568,5e6c25e9f9af8b3cc2917753,39,2020-02-26 18:23:05,2020-02-27 01:51:36,2020-02-27 01:51:31,49.667,2_39_88_24_2020-02-26 18:23:04.839060,2,CA-314,2-39-88-24,America/Los_Angeles,489.0,428.0,102.72,240.0,494.0,"Wed, 26 Feb 2020 18:23:19 GMT",True,"Thu, 27 Feb 2020 02:37:05 GMT",489.0,428.0,102.72,240.0,432.0,"Wed, 26 Feb 2020 18:23:34 GMT",True,"Thu, 27 Feb 2020 01:35:05 GMT",489.0,7.4752777777777775,0 days 07:28:31,0 days 00:00:05,Continuous fall of snowflakes,1,1-2
1569,5e6c25e9f9af8b3cc2917754,39,2020-02-26 18:25:46,2020-02-27 02:38:22,2020-02-26 19:20:36,2.438,2_39_92_436_2020-02-26 18:25:46.130929,2,CA-318,2-39-92-436,America/Los_Angeles,1864.0,400.0,8.0,20.0,452.0,"Wed, 26 Feb 2020 18:25:51 GMT",True,"Thu, 27 Feb 2020 01:57:46 GMT",1864.0,400.0,12.0,30.0,391.0,"Wed, 26 Feb 2020 18:26:05 GMT",True,"Thu, 27 Feb 2020 00:56:46 GMT",1864.0,8.21,0 days 08:12:36,0 days 07:17:46,Continuous fall of snowflakes,2,2-3
1570,5e6c25e9f9af8b3cc2917755,39,2020-02-26 18:36:17,2020-02-26 20:51:31,2020-02-26 20:45:06,4.137,2_39_78_365_2020-02-26 18:36:17.018130,2,CA-321,2-39-78-365,America/Los_Angeles,668.0,425.0,4.25,10.0,83.0,"Wed, 26 Feb 2020 18:36:28 GMT",True,"Wed, 26 Feb 2020 19:59:17 GMT",668.0,,,,,,,,,2.253888888888889,0 days 02:15:14,0 days 00:06:25,Continuous fall of snowflakes,20,20-21
1571,5e6c25e9f9af8b3cc2917756,39,2020-02-26 18:42:34,2020-02-26 22:35:05,2020-02-26 22:22:01,3.157,2_39_78_367_2020-02-26 18:42:33.976063,2,CA-494,2-39-78-367,America/Los_Angeles,2170.0,400.0,28.0,70.0,417.0,"Wed, 26 Feb 2020 18:42:39 GMT",True,"Thu, 27 Feb 2020 01:39:34 GMT",2170.0,,,,,,,,,3.875277777777778,0 days 03:52:31,0 days 00:13:04,Continuous fall of snowflakes,22,22-23
1572,5e6c25e9f9af8b3cc2917757,39,2020-02-26 18:50:04,2020-02-27 00:58:04,2020-02-27 00:41:23,0.839,2_39_90_26_2020-02-26 18:50:04.256750,2,CA-316,2-39-90-26,America/Los_Angeles,,,,,,,,,,,,,,,,,,6.133333333333334,0 days 06:08:00,0 days 00:16:41,Continuous fall of snowflakes,0,0-1
1573,5e6c25e9f9af8b3cc2917758,39,2020-02-26 20:33:52,2020-02-27 01:16:25,2020-02-27 01:08:57,1.021,2_39_78_364_2020-02-26 20:33:52.478899,2,CA-495,2-39-78-364,America/Los_Angeles,,,,,,,,,,,,,,,,,,4.7091666666666665,0 days 04:42:33,0 days 00:07:28,Continuous fall of snowflakes,1,1-2
1574,5e6c25e9f9af8b3cc2917759,39,2020-02-26 20:34:29,2020-02-27 03:46:24,2020-02-26 21:40:29,2.204,2_39_126_20_2020-02-26 20:34:29.417187,2,CA-310,2-39-126-20,America/Los_Angeles,1082.0,400.0,8.0,20.0,64.0,"Wed, 26 Feb 2020 20:34:59 GMT",True,"Wed, 26 Feb 2020 21:38:29 GMT",1082.0,,,,,,,,,7.198611111111111,0 days 07:11:55,0 days 06:05:55,Continuous fall of snowflakes,3,3-4
1575,5e6c25e9f9af8b3cc291775a,39,2020-02-26 20:37:47,2020-02-27 01:24:20,2020-02-26 22:45:23,7.161,2_39_90_440_2020-02-26 20:37:47.310601,2,CA-500,2-39-90-440,America/Los_Angeles,1091.0,300.0,9.0,30.0,139.0,"Wed, 26 Feb 2020 20:38:11 GMT",True,"Wed, 26 Feb 2020 22:56:47 GMT",1091.0,,,,,,,,,4.775833333333333,0 days 04:46:33,0 days 02:38:57,Continuous fall of snowflakes,1,1-2
1576,5e6c25e9f9af8b3cc291775b,39,2020-02-26 20:45:47,2020-02-27 00:40:03,2020-02-26 21:54:20,2.2,2_39_91_441_2020-02-26 20:45:46.689059,2,CA-499,2-39-91-441,America/Los_Angeles,710.0,400.0,8.0,20.0,286.0,"Wed, 26 Feb 2020 20:46:12 GMT",True,"Thu, 27 Feb 2020 01:31:47 GMT",710.0,,,,,,,,,3.9044444444444446,0 days 03:54:16,0 days 02:45:43,Continuous fall of snowflakes,0,0-1
1577,5e6c25e9f9af8b3cc291775c,39,2020-02-26 21:10:46,2020-02-26 23:59:34,2020-02-26 22:19:43,2.241,2_39_79_378_2020-02-26 21:10:45.826250,2,CA-326,2-39-79-378,America/Los_Angeles,560.0,400.0,12.0,30.0,132.0,"Wed, 26 Feb 2020 21:11:11 GMT",True,"Wed, 26 Feb 2020 23:22:46 GMT",560.0,,,,,,,,,2.8133333333333335,0 days 02:48:48,0 days 01:39:51,Continuous fall of snowflakes,23,23-24
1578,5e6c25e9f9af8b3cc291775d,39,2020-02-26 21:18:42,2020-02-27 03:03:01,2020-02-26 23:25:27,6.788,2_39_78_365_2020-02-26 21:18:41.543205,2,CA-321,2-39-78-365,America/Los_Angeles,1124.0,400.0,8.0,20.0,60.0,"Wed, 26 Feb 2020 21:19:04 GMT",True,"Wed, 26 Feb 2020 22:18:42 GMT",1124.0,,,,,,,,,5.738611111111111,0 days 05:44:19,0 days 03:37:34,Continuous fall of snowflakes,3,3-4
1579,5e6c25e9f9af8b3cc291775e,39,2020-02-26 22:38:49,2020-02-27 01:53:16,2020-02-27 01:38:50,0.726923536439364,2_39_78_367_2020-02-26 22:38:48.747405,2,CA-494,2-39-78-367,America/Los_Angeles,,,,,,,,,,,,,,,,,,3.2408333333333332,0 days 03:14:27,0 days 00:14:26,Continuous fall of snowflakes,1,1-2
1580,5e6c25e9f9af8b3cc291775f,39,2020-02-26 23:38:44,2020-02-27 01:05:02,2020-02-27 00:37:54,2.855,2_39_79_382_2020-02-26 23:38:43.768326,2,CA-491,2-39-79-382,America/Los_Angeles,1920.0,600.0,12.0,20.0,107.0,"Wed, 26 Feb 2020 23:39:00 GMT",True,"Thu, 27 Feb 2020 01:25:44 GMT",1920.0,600.0,12.0,20.0,107.0,"Wed, 26 Feb 2020 23:39:07 GMT",True,"Thu, 27 Feb 2020 01:25:44 GMT",1920.0,1.4383333333333332,0 days 01:26:18,0 days 00:27:08,Continuous fall of snowflakes,1,1-2
1581,5e6c25e9f9af8b3cc2917760,39,2020-02-27 00:37:55,2020-02-27 04:36:16,2020-02-27 03:22:14,11.67,2_39_79_377_2020-02-27 00:37:54.583253,2,CA-325,2-39-79-377,America/Los_Angeles,1137.0,400.0,24.0,60.0,214.0,"Thu, 27 Feb 2020 00:39:21 GMT",True,"Thu, 27 Feb 2020 04:11:55 GMT",1137.0,,,,,,,,,3.9725,0 days 03:58:21,0 days 01:14:02,Continuous fall of snowflakes,4,4-5
1582,5e6c25e9f9af8b3cc2917761,39,2020-02-27 00:56:15,2020-02-27 03:30:04,2020-02-27 02:50:07,5.707,2_39_138_29_2020-02-27 00:56:14.736952,2,CA-304,2-39-138-29,America/Los_Angeles,1366.0,400.0,8.0,20.0,60.0,"Thu, 27 Feb 2020 00:56:54 GMT",True,"Thu, 27 Feb 2020 01:56:15 GMT",1366.0,,,,,,,,,2.5636111111111113,0 days 02:33:49,0 days 00:39:57,Continuous fall of snowflakes,3,3-4
1583,5e6c25e9f9af8b3cc2917762,39,2020-02-27 01:54:02,2020-02-27 03:07:35,2020-02-27 02:56:29,5.886,2_39_79_382_2020-02-27 01:54:01.600211,2,CA-491,2-39-79-382,America/Los_Angeles,4701.0,300.0,6.0,20.0,86.0,"Thu, 27 Feb 2020 01:54:10 GMT",True,"Thu, 27 Feb 2020 03:20:02 GMT",4701.0,,,,,,,,,1.2258333333333333,0 days 01:13:33,0 days 00:11:06,Continuous fall of snowflakes,3,3-4
1584,5e6c25e9f9af8b3cc2917763,39,2020-02-27 02:59:45,2020-02-27 04:36:33,2020-02-27 04:36:29,6.151,2_39_139_28_2020-02-27 02:59:44.762294,2,CA-303,2-39-139-28,America/Los_Angeles,1564.0,300.0,12.0,40.0,139.0,"Thu, 27 Feb 2020 02:59:47 GMT",True,"Thu, 27 Feb 2020 05:18:45 GMT",1564.0,,,,,,,,,1.6133333333333333,0 days 01:36:48,0 days 00:00:04,Continuous fall of snowflakes,4,4-5
1585,5e6c25e9f9af8b3cc2917764,39,2020-02-27 03:44:20,2020-02-27 06:14:56,2020-02-27 06:14:51,15.263,2_39_129_17_2020-02-27 03:44:19.871162,2,CA-307,2-39-129-17,America/Los_Angeles,1099.0,400.0,36.0,90.0,171.0,"Thu, 27 Feb 2020 03:45:05 GMT",True,"Thu, 27 Feb 2020 06:35:20 GMT",1099.0,,,,,,,,,2.51,0 days 02:30:36,0 days 00:00:05,Continuous fall of snowflakes,6,6-7
1586,5e6c25e9f9af8b3cc2917765,39,2020-02-27 04:49:41,2020-02-27 05:50:19,2020-02-27 05:20:33,0.87,2_39_139_28_2020-02-27 04:49:41.287233,2,CA-303,2-39-139-28,America/Los_Angeles,,,,,,,,,,,,,,,,,,1.0105555555555557,0 days 01:00:38,0 days 00:29:46,Continuous fall of snowflakes,5,5-6
1587,5e6d771af9af8b40886ec466,39,2020-02-27 15:56:02,2020-02-28 01:27:50,2020-02-28 00:46:02,2.75,2_39_78_366_2020-02-27 15:56:01.732189,2,CA-323,2-39-78-366,America/Los_Angeles,3853.0,360.0,28.8,80.0,520.0,"Thu, 27 Feb 2020 15:57:55 GMT",True,"Fri, 28 Feb 2020 00:36:02 GMT",3853.0,,,,,,,,,9.53,0 days 09:31:48,0 days 00:41:48,Continuous fall of snowflakes,1,1-2
1588,5e6d771af9af8b40886ec467,39,2020-02-27 15:56:06,2020-02-27 22:47:21,2020-02-27 20:36:58,3.316,2_39_79_382_2020-02-27 15:56:05.803259,2,CA-491,2-39-79-382,America/Los_Angeles,4701.0,300.0,9.0,30.0,416.0,"Thu, 27 Feb 2020 15:56:09 GMT",True,"Thu, 27 Feb 2020 22:52:06 GMT",4701.0,,,,,,,,,6.854166666666667,0 days 06:51:15,0 days 02:10:23,Continuous fall of snowflakes,22,22-23
1589,5e6d771af9af8b40886ec468,39,2020-02-27 16:04:45,2020-02-28 03:07:44,2020-02-27 20:36:56,1.632,2_39_79_380_2020-02-27 16:04:45.257237,2,CA-489,2-39-79-380,America/Los_Angeles,,,,,,,,,,,,,,,,,,11.049722222222222,0 days 11:02:59,0 days 06:30:48,Continuous fall of snowflakes,3,3-4
1590,5e6d771af9af8b40886ec469,39,2020-02-27 16:20:25,2020-02-27 22:11:48,2020-02-27 22:11:43,15.803,2_39_79_376_2020-02-27 16:20:21.547525,2,CA-324,2-39-79-376,America/Los_Angeles,3424.0,295.0,29.5,100.0,546.0,"Thu, 27 Feb 2020 16:20:25 GMT",True,"Fri, 28 Feb 2020 01:26:25 GMT",3424.0,,,,,,,,,5.856388888888889,0 days 05:51:23,0 days 00:00:05,Continuous fall of snowflakes,22,22-23
1591,5e6d771af9af8b40886ec46a,39,2020-02-27 16:26:27,2020-02-28 00:43:36,2020-02-27 20:49:30,0.6908228793307026,2_39_78_364_2020-02-27 16:26:27.472403,2,CA-495,2-39-78-364,America/Los_Angeles,1470.0,292.0,17.52,60.0,266.0,"Thu, 27 Feb 2020 16:27:03 GMT",True,"Thu, 27 Feb 2020 20:52:27 GMT",1470.0,,,,,,,,,8.285833333333333,0 days 08:17:09,0 days 03:54:06,Continuous fall of snowflakes,0,0-1
1592,5e6d771af9af8b40886ec46b,39,2020-02-27 16:34:19,2020-02-28 01:14:21,2020-02-27 20:36:58,0.723,2_39_79_379_2020-02-27 16:34:19.482901,2,CA-327,2-39-79-379,America/Los_Angeles,,,,,,,,,,,,,,,,,,8.667222222222222,0 days 08:40:02,0 days 04:37:23,Continuous fall of snowflakes,1,1-2
1593,5e6d771af9af8b40886ec46c,39,2020-02-27 16:34:29,2020-02-27 23:14:47,2020-02-27 21:55:18,1.978,2_39_78_365_2020-02-27 16:34:29.507240,2,CA-321,2-39-78-365,America/Los_Angeles,68.0,214.0,12.84,60.0,303.0,"Thu, 27 Feb 2020 16:35:01 GMT",True,"Thu, 27 Feb 2020 21:37:29 GMT",68.0,,,,,,,,,6.671666666666667,0 days 06:40:18,0 days 01:19:29,Continuous fall of snowflakes,23,23-24
1594,5e6d771af9af8b40886ec46d,39,2020-02-27 16:41:59,2020-02-28 02:27:33,2020-02-27 20:36:57,4.535,2_39_139_28_2020-02-27 16:41:32.839982,2,CA-303,2-39-139-28,America/Los_Angeles,712.0,400.0,16.0,40.0,343.0,"Thu, 27 Feb 2020 16:41:59 GMT",True,"Thu, 27 Feb 2020 22:24:59 GMT",712.0,,,,,,,,,9.759444444444444,0 days 09:45:34,0 days 05:50:36,Continuous fall of snowflakes,2,2-3
1595,5e6d771af9af8b40886ec46e,39,2020-02-27 16:43:26,2020-02-28 00:07:32,2020-02-27 21:54:08,13.09,2_39_79_377_2020-02-27 16:43:25.755640,2,CA-325,2-39-79-377,America/Los_Angeles,945.0,400.0,32.0,80.0,62.0,"Thu, 27 Feb 2020 16:43:27 GMT",True,"Thu, 27 Feb 2020 17:45:26 GMT",945.0,,,,,,,,,7.401666666666666,0 days 07:24:06,0 days 02:13:24,Continuous fall of snowflakes,0,0-1
1596,5e6d771af9af8b40886ec46f,39,2020-02-27 16:48:23,2020-02-27 22:47:38,2020-02-27 20:36:55,2.448,2_39_130_31_2020-02-27 16:48:23.053669,2,CA-306,2-39-130-31,America/Los_Angeles,1366.0,400.0,8.0,20.0,60.0,"Thu, 27 Feb 2020 16:48:41 GMT",True,"Thu, 27 Feb 2020 17:48:23 GMT",1366.0,,,,,,,,,5.9875,0 days 05:59:15,0 days 02:10:43,Continuous fall of snowflakes,22,22-23
1597,5e6d771af9af8b40886ec470,39,2020-02-27 16:48:46,2020-02-28 03:12:36,2020-02-27 20:36:56,5.388,2_39_127_19_2020-02-27 16:48:45.871865,2,CA-309,2-39-127-19,America/Los_Angeles,562.0,325.0,6.5,20.0,195.0,"Thu, 27 Feb 2020 16:49:00 GMT",True,"Thu, 27 Feb 2020 20:03:46 GMT",562.0,,,,,,,,,10.397222222222222,0 days 10:23:50,0 days 06:35:40,Continuous fall of snowflakes,3,3-4
1598,5e6d771af9af8b40886ec471,39,2020-02-27 16:53:03,2020-02-27 22:54:10,2020-02-27 22:54:02,7.524,2_39_78_361_2020-02-27 16:52:56.199674,2,CA-493,2-39-78-361,America/Los_Angeles,671.0,267.0,26.7,100.0,352.0,"Thu, 27 Feb 2020 16:53:03 GMT",True,"Thu, 27 Feb 2020 22:45:03 GMT",671.0,,,,,,,,,6.018611111111111,0 days 06:01:07,0 days 00:00:08,Continuous fall of snowflakes,22,22-23
1599,5e6d771af9af8b40886ec472,39,2020-02-27 17:04:10,2020-02-28 00:37:16,2020-02-27 20:36:56,5.562,2_39_89_25_2020-02-27 17:04:10.113429,2,CA-315,2-39-89-25,America/Los_Angeles,,,,,,,,,,,,,,,,,,7.551666666666667,0 days 07:33:06,0 days 04:00:20,Continuous fall of snowflakes,0,0-1
1600,5e6d771af9af8b40886ec473,39,2020-02-27 17:09:51,2020-02-28 03:05:52,2020-02-27 21:33:00,11.05,2_39_91_441_2020-02-27 17:09:31.739552,2,CA-499,2-39-91-441,America/Los_Angeles,558.0,400.0,24.0,60.0,60.0,"Thu, 27 Feb 2020 17:09:50 GMT",True,"Thu, 27 Feb 2020 18:09:51 GMT",558.0,,,,,,,,,9.93361111111111,0 days 09:56:01,0 days 05:32:52,Continuous fall of snowflakes,3,3-4
1601,5e6d771af9af8b40886ec474,39,2020-02-27 17:25:21,2020-02-27 23:06:41,2020-02-27 22:16:50,13.433,2_39_126_20_2020-02-27 17:24:52.023852,2,CA-310,2-39-126-20,America/Los_Angeles,1912.0,400.0,20.0,50.0,368.0,"Thu, 27 Feb 2020 17:25:21 GMT",True,"Thu, 27 Feb 2020 23:33:21 GMT",1912.0,,,,,,,,,5.688888888888889,0 days 05:41:20,0 days 00:49:51,Continuous fall of snowflakes,23,23-24
1602,5e6d771af9af8b40886ec475,39,2020-02-27 17:33:06,2020-02-27 21:30:16,2020-02-27 21:09:53,1.285,2_39_78_363_2020-02-27 17:33:05.850218,2,CA-320,2-39-78-363,America/Los_Angeles,714.0,400.0,32.0,80.0,412.0,"Thu, 27 Feb 2020 17:33:19 GMT",True,"Fri, 28 Feb 2020 00:25:06 GMT",714.0,,,,,,,,,3.952777777777778,0 days 03:57:10,0 days 00:20:23,Continuous fall of snowflakes,21,21-22
1603,5e6d771af9af8b40886ec476,39,2020-02-27 17:33:58,2020-02-28 00:12:01,2020-02-27 22:50:50,8.802,2_39_79_378_2020-02-27 17:33:58.446056,2,CA-326,2-39-79-378,America/Los_Angeles,1137.0,400.0,32.0,80.0,403.0,"Thu, 27 Feb 2020 17:38:02 GMT",True,"Fri, 28 Feb 2020 00:16:58 GMT",1137.0,,,,,,,,,6.634166666666666,0 days 06:38:03,0 days 01:21:11,Continuous fall of snowflakes,0,0-1
1604,5e6d771af9af8b40886ec477,39,2020-02-27 18:22:51,2020-02-28 01:29:12,2020-02-27 20:36:55,2.831,2_39_91_437_2020-02-27 18:22:51.241183,2,CA-317,2-39-91-437,America/Los_Angeles,2170.0,400.0,28.0,70.0,417.0,"Thu, 27 Feb 2020 18:23:03 GMT",True,"Fri, 28 Feb 2020 01:19:51 GMT",2170.0,,,,,,,,,7.105833333333333,0 days 07:06:21,0 days 04:52:17,Continuous fall of snowflakes,1,1-2
1605,5e6d771af9af8b40886ec478,39,2020-02-27 18:25:54,2020-02-28 01:44:44,2020-02-27 21:48:17,7.675,2_39_95_27_2020-02-27 18:25:54.480717,2,CA-319,2-39-95-27,America/Los_Angeles,1524.0,400.0,12.0,30.0,129.0,"Thu, 27 Feb 2020 18:26:21 GMT",True,"Thu, 27 Feb 2020 20:34:54 GMT",1524.0,,,,,,,,,7.313888888888889,0 days 07:18:50,0 days 03:56:27,Continuous fall of snowflakes,1,1-2
1606,5e6d771af9af8b40886ec479,39,2020-02-27 18:26:54,2020-02-28 00:23:55,2020-02-27 22:14:43,11.42,2_39_90_440_2020-02-27 18:26:44.826894,2,CA-500,2-39-90-440,America/Los_Angeles,1095.0,400.0,16.0,40.0,370.0,"Thu, 27 Feb 2020 18:26:53 GMT",True,"Fri, 28 Feb 2020 00:36:54 GMT",1095.0,,,,,,,,,5.950277777777778,0 days 05:57:01,0 days 02:09:12,Continuous fall of snowflakes,0,0-1
1607,5e6d771af9af8b40886ec47a,39,2020-02-27 18:38:20,2020-02-28 01:40:31,2020-02-27 21:46:41,6.096,2_39_123_23_2020-02-27 18:38:20.112146,2,CA-313,2-39-123-23,America/Los_Angeles,567.0,400.0,8.0,20.0,665.0,"Thu, 27 Feb 2020 18:38:24 GMT",True,"Fri, 28 Feb 2020 05:43:20 GMT",567.0,400.0,8.0,20.0,402.0,"Thu, 27 Feb 2020 18:38:52 GMT",True,"Fri, 28 Feb 2020 01:20:20 GMT",567.0,7.036388888888889,0 days 07:02:11,0 days 03:53:50,Continuous fall of snowflakes,1,1-2
1608,5e6d771af9af8b40886ec47b,39,2020-02-27 19:08:34,2020-02-28 05:29:49,2020-02-27 22:35:06,13.923,2_39_89_439_2020-02-27 19:08:34.203918,2,CA-501,2-39-89-439,America/Los_Angeles,69.0,400.0,40.0,100.0,363.0,"Thu, 27 Feb 2020 19:08:55 GMT",True,"Fri, 28 Feb 2020 01:11:34 GMT",69.0,,,,,,,,,10.354166666666666,0 days 10:21:15,0 days 06:54:43,Continuous fall of snowflakes,5,5-6
1609,5e6d771af9af8b40886ec47c,39,2020-02-27 20:00:11,2020-02-28 00:54:45,2020-02-27 23:23:15,0.7456287335718179,2_39_78_360_2020-02-27 20:00:11.291573,2,CA-322,2-39-78-360,America/Los_Angeles,,,,,,,,,,,,,,,,,,4.9094444444444445,0 days 04:54:34,0 days 01:31:30,Continuous fall of snowflakes,0,0-1
1610,5e6d771af9af8b40886ec47d,39,2020-02-27 20:04:53,2020-02-28 02:41:03,2020-02-27 22:05:51,3.872,2_39_90_26_2020-02-27 20:04:52.754044,2,CA-316,2-39-90-26,America/Los_Angeles,958.0,200.0,4.0,20.0,570.0,"Thu, 27 Feb 2020 20:06:09 GMT",True,"Fri, 28 Feb 2020 05:34:53 GMT",958.0,,,,,,,,,6.602777777777778,0 days 06:36:10,0 days 04:35:12,Continuous fall of snowflakes,2,2-3
1611,5e6d771af9af8b40886ec47e,39,2020-02-27 21:05:19,2020-02-27 22:55:52,2020-02-27 22:55:47,11.709,2_39_125_21_2020-02-27 21:05:19.445361,2,CA-311,2-39-125-21,America/Los_Angeles,1039.0,400.0,80.0,200.0,327.0,"Thu, 27 Feb 2020 21:05:38 GMT",True,"Fri, 28 Feb 2020 02:32:19 GMT",1039.0,,,,,,,,,1.8425,0 days 01:50:33,0 days 00:00:05,Continuous fall of snowflakes,22,22-23
1612,5e6d771af9af8b40886ec47f,39,2020-02-27 21:07:36,2020-02-28 04:20:45,2020-02-27 21:41:13,1.675,2_39_95_444_2020-02-27 21:07:35.534715,2,CA-497,2-39-95-444,America/Los_Angeles,1091.0,300.0,9.0,30.0,139.0,"Thu, 27 Feb 2020 21:07:49 GMT",True,"Thu, 27 Feb 2020 23:26:36 GMT",1091.0,,,,,,,,,7.219166666666666,0 days 07:13:09,0 days 06:39:32,Continuous fall of snowflakes,4,4-5
1613,5e6d771af9af8b40886ec480,39,2020-02-27 21:36:21,2020-02-28 01:29:23,2020-02-27 23:47:46,14.324,2_39_88_438_2020-02-27 21:36:21.238235,2,CA-502,2-39-88-438,America/Los_Angeles,3176.0,400.0,20.0,50.0,260.0,"Thu, 27 Feb 2020 21:37:14 GMT",True,"Fri, 28 Feb 2020 01:56:21 GMT",3176.0,,,,,,,,,3.883888888888889,0 days 03:53:02,0 days 01:41:37,Continuous fall of snowflakes,1,1-2
1614,5e6d771af9af8b40886ec481,39,2020-02-27 21:51:49,2020-02-28 03:00:15,2020-02-27 23:57:11,6.884,2_39_78_363_2020-02-27 21:51:49.398641,2,CA-320,2-39-78-363,America/Los_Angeles,1124.0,400.0,8.0,20.0,60.0,"Thu, 27 Feb 2020 21:52:41 GMT",True,"Thu, 27 Feb 2020 22:51:49 GMT",1124.0,,,,,,,,,5.140555555555555,0 days 05:08:26,0 days 03:03:04,Continuous fall of snowflakes,3,3-4
1615,5e6d771af9af8b40886ec482,39,2020-02-27 22:18:02,2020-02-27 23:37:23,2020-02-27 23:37:18,4.252,2_39_124_22_2020-02-27 22:18:01.989844,2,CA-312,2-39-124-22,America/Los_Angeles,1236.0,400.0,8.0,20.0,67.0,"Thu, 27 Feb 2020 22:19:16 GMT",True,"Thu, 27 Feb 2020 23:25:02 GMT",1236.0,,,,,,,,,1.3225,0 days 01:19:21,0 days 00:00:05,Continuous fall of snowflakes,23,23-24
1616,5e6d771af9af8b40886ec483,39,2020-02-27 22:49:24,2020-02-27 23:45:45,2020-02-27 23:03:39,1.161,2_39_130_31_2020-02-27 22:49:24.399869,2,CA-306,2-39-130-31,America/Los_Angeles,630.0,400.0,24.0,60.0,76.0,"Thu, 27 Feb 2020 22:49:36 GMT",True,"Fri, 28 Feb 2020 00:05:24 GMT",630.0,,,,,,,,,0.9391666666666667,0 days 00:56:21,0 days 00:42:06,Continuous fall of snowflakes,23,23-24
1617,5e6d771af9af8b40886ec484,39,2020-02-28 00:08:53,2020-02-28 02:11:14,2020-02-28 02:11:09,13.537,2_39_92_436_2020-02-28 00:08:53.492289,2,CA-318,2-39-92-436,America/Los_Angeles,1039.0,400.0,40.0,100.0,327.0,"Fri, 28 Feb 2020 00:09:09 GMT",True,"Fri, 28 Feb 2020 05:35:53 GMT",1039.0,,,,,,,,,2.0391666666666666,0 days 02:02:21,0 days 00:00:05,Continuous fall of snowflakes,2,2-3
1618,5e6d771af9af8b40886ec485,39,2020-02-28 00:21:23,2020-02-28 02:26:53,2020-02-28 01:13:39,2.472,2_39_125_21_2020-02-28 00:21:22.781455,2,CA-311,2-39-125-21,America/Los_Angeles,1920.0,600.0,12.0,20.0,105.0,"Fri, 28 Feb 2020 00:22:16 GMT",True,"Fri, 28 Feb 2020 02:06:23 GMT",1920.0,600.0,12.0,20.0,105.0,"Fri, 28 Feb 2020 00:22:20 GMT",True,"Fri, 28 Feb 2020 02:06:23 GMT",1920.0,2.091666666666667,0 days 02:05:30,0 days 01:13:14,Continuous fall of snowflakes,2,2-3
1619,5e6d771af9af8b40886ec486,39,2020-02-28 00:51:26,2020-02-28 01:48:35,2020-02-28 01:39:34,2.077,2_39_130_31_2020-02-28 00:51:26.363587,2,CA-306,2-39-130-31,America/Los_Angeles,1366.0,400.0,8.0,20.0,60.0,"Fri, 28 Feb 2020 00:51:36 GMT",True,"Fri, 28 Feb 2020 01:51:26 GMT",1366.0,,,,,,,,,0.9525,0 days 00:57:09,0 days 00:09:01,Continuous fall of snowflakes,1,1-2
1620,5e6d771af9af8b40886ec487,39,2020-02-28 01:44:25,2020-02-28 03:01:48,2020-02-28 02:14:42,0.833,2_39_131_30_2020-02-28 01:44:25.454941,2,CA-305,2-39-131-30,America/Los_Angeles,,,,,,,,,,,,,,,,,,1.2897222222222222,0 days 01:17:23,0 days 00:47:06,Continuous fall of snowflakes,3,3-4
1621,5e6d771af9af8b40886ec488,39,2020-02-28 03:20:35,2020-02-28 06:09:15,2020-02-28 06:09:10,9.559,2_39_91_437_2020-02-28 03:20:34.861142,2,CA-317,2-39-91-437,America/Los_Angeles,1108.0,400.0,20.0,50.0,163.0,"Fri, 28 Feb 2020 03:23:54 GMT",True,"Fri, 28 Feb 2020 06:03:35 GMT",1108.0,,,,,,,,,2.811111111111111,0 days 02:48:40,0 days 00:00:05,Continuous fall of snowflakes,6,6-7
1622,5e6d771af9af8b40886ec489,39,2020-02-28 04:27:33,2020-02-28 05:53:15,2020-02-28 05:16:12,2.737,2_39_139_28_2020-02-28 04:27:32.892471,2,CA-303,2-39-139-28,America/Los_Angeles,1263.0,400.0,8.0,20.0,115.0,"Fri, 28 Feb 2020 04:27:49 GMT",True,"Fri, 28 Feb 2020 06:22:33 GMT",1263.0,,,,,,,,,1.4283333333333332,0 days 01:25:42,0 days 00:37:03,Continuous fall of snowflakes,5,5-6
1623,5e6ec8a0f9af8b4466ea156b,39,2020-02-28 14:46:27,2020-02-28 22:12:33,2020-02-28 18:57:33,13.25,2_39_79_383_2020-02-28 14:46:27.514748,2,CA-492,2-39-79-383,America/Los_Angeles,4913.0,400.0,20.0,50.0,358.0,"Fri, 28 Feb 2020 14:47:04 GMT",True,"Fri, 28 Feb 2020 20:44:27 GMT",4913.0,,,,,,,,,7.435,0 days 07:26:06,0 days 03:15:00,Continuous fall of snowflakes,22,22-23
1624,5e6ec8a0f9af8b4466ea156c,39,2020-02-28 15:01:12,2020-02-29 01:09:02,2020-02-28 16:24:12,3.988,2_39_89_25_2020-02-28 14:58:14.180120,2,CA-315,2-39-89-25,America/Los_Angeles,743.0,400.0,8.0,20.0,441.0,"Fri, 28 Feb 2020 15:01:12 GMT",True,"Fri, 28 Feb 2020 22:22:12 GMT",743.0,,,,,,,,,10.130555555555556,0 days 10:07:50,0 days 08:44:50,"Rain, not freezing, continuous",1,1-2
1625,5e6ec8a0f9af8b4466ea156d,39,2020-02-28 15:39:20,2020-02-29 00:48:39,2020-02-28 16:52:26,2.786,2_39_79_382_2020-02-28 15:39:19.620945,2,CA-491,2-39-79-382,America/Los_Angeles,4701.0,300.0,9.0,30.0,416.0,"Fri, 28 Feb 2020 15:39:21 GMT",True,"Fri, 28 Feb 2020 22:35:20 GMT",4701.0,,,,,,,,,9.155277777777778,0 days 09:09:19,0 days 07:56:13,"Rain, not freezing, continuous",0,0-1
1626,5e6ec8a0f9af8b4466ea156e,39,2020-02-28 15:43:41,2020-02-29 03:08:59,2020-02-29 00:20:02,1.218,2_39_79_380_2020-02-28 15:43:41.049763,2,CA-489,2-39-79-380,America/Los_Angeles,,,,,,,,,,,,,,,,,,11.421666666666667,0 days 11:25:18,0 days 02:48:57,"Rain, not freezing, continuous",3,3-4
1627,5e6ec8a0f9af8b4466ea156f,39,2020-02-28 16:00:03,2020-02-28 20:50:05,2020-02-28 17:17:09,3.443,2_39_138_29_2020-02-28 16:00:02.806029,2,CA-304,2-39-138-29,America/Los_Angeles,1564.0,300.0,12.0,40.0,139.0,"Fri, 28 Feb 2020 16:00:18 GMT",True,"Fri, 28 Feb 2020 18:19:03 GMT",1564.0,,,,,,,,,4.833888888888889,0 days 04:50:02,0 days 03:32:56,Continuous fall of snowflakes,20,20-21
1628,5e6ec8a0f9af8b4466ea1570,39,2020-02-28 16:09:56,2020-02-29 03:08:37,2020-02-28 20:45:11,0.982,2_39_79_378_2020-02-28 16:09:56.010263,2,CA-326,2-39-79-378,America/Los_Angeles,,,,,,,,,,,,,,,,,,10.978055555555555,0 days 10:58:41,0 days 06:23:26,"Rain, not freezing, continuous",3,3-4
1629,5e6ec8a0f9af8b4466ea1571,39,2020-02-28 16:14:21,2020-02-28 20:58:17,2020-02-28 17:43:00,8.092,2_39_78_366_2020-02-28 16:14:20.648058,2,CA-323,2-39-78-366,America/Los_Angeles,3853.0,360.0,18.0,50.0,520.0,"Fri, 28 Feb 2020 16:14:24 GMT",True,"Sat, 29 Feb 2020 00:54:21 GMT",3853.0,,,,,,,,,4.732222222222222,0 days 04:43:56,0 days 03:15:17,Continuous fall of snowflakes,20,20-21
1630,5e6ec8a0f9af8b4466ea1572,39,2020-02-28 16:31:00,2020-02-29 00:20:59,2020-02-28 16:56:41,0.697,2_39_79_379_2020-02-28 16:31:00.216077,2,CA-327,2-39-79-379,America/Los_Angeles,,,,,,,,,,,,,,,,,,7.833055555555555,0 days 07:49:59,0 days 07:24:18,"Rain, not freezing, continuous",0,0-1
1631,5e6ec8a0f9af8b4466ea1573,39,2020-02-28 16:35:27,2020-02-29 01:58:51,2020-02-28 18:17:15,5.341,2_39_139_28_2020-02-28 16:35:27.446464,2,CA-303,2-39-139-28,America/Los_Angeles,562.0,325.0,6.5,20.0,196.0,"Fri, 28 Feb 2020 16:36:03 GMT",True,"Fri, 28 Feb 2020 19:51:27 GMT",562.0,,,,,,,,,9.39,0 days 09:23:24,0 days 07:41:36,"Rain, not freezing, continuous",1,1-2
1632,5e6ec8a0f9af8b4466ea1574,39,2020-02-28 16:40:09,2020-02-28 21:05:27,2020-02-28 20:57:07,11.282,2_39_78_367_2020-02-28 16:40:09.076239,2,CA-494,2-39-78-367,America/Los_Angeles,1470.0,292.0,11.68,40.0,266.0,"Fri, 28 Feb 2020 16:40:41 GMT",True,"Fri, 28 Feb 2020 21:06:09 GMT",1470.0,,,,,,,,,4.421666666666667,0 days 04:25:18,0 days 00:08:20,Continuous fall of snowflakes,21,21-22
1633,5e6ec8a0f9af8b4466ea1575,39,2020-02-28 16:40:33,2020-02-29 00:20:02,2020-02-28 19:55:48,19.455,2_39_91_437_2020-02-28 16:40:32.870689,2,CA-317,2-39-91-437,America/Los_Angeles,1039.0,400.0,40.0,100.0,327.0,"Fri, 28 Feb 2020 16:41:58 GMT",True,"Fri, 28 Feb 2020 22:07:33 GMT",1039.0,,,,,,,,,7.658055555555555,0 days 07:39:29,0 days 04:24:14,"Rain, not freezing, continuous",0,0-1
1634,5e6ec8a0f9af8b4466ea1576,39,2020-02-28 16:48:32,2020-02-28 23:03:48,2020-02-28 18:50:44,6.47,2_39_79_377_2020-02-28 16:48:31.794610,2,CA-325,2-39-79-377,America/Los_Angeles,1410.0,400.0,12.0,30.0,493.0,"Fri, 28 Feb 2020 16:49:24 GMT",True,"Sat, 29 Feb 2020 01:01:32 GMT",1410.0,,,,,,,,,6.254444444444444,0 days 06:15:16,0 days 04:13:04,Continuous fall of snowflakes,23,23-24
1635,5e6ec8a0f9af8b4466ea1577,39,2020-02-28 17:03:03,2020-02-29 01:52:22,2020-02-29 01:52:17,7.217,2_39_78_365_2020-02-28 17:03:03.229375,2,CA-321,2-39-78-365,America/Los_Angeles,714.0,400.0,32.0,80.0,412.0,"Fri, 28 Feb 2020 17:03:34 GMT",True,"Fri, 28 Feb 2020 23:55:03 GMT",714.0,,,,,,,,,8.821944444444444,0 days 08:49:19,0 days 00:00:05,"Rain, not freezing, continuous",1,1-2
1636,5e6ec8a0f9af8b4466ea1578,39,2020-02-28 17:08:22,2020-02-29 01:20:06,2020-02-28 19:19:16,14.47,2_39_125_21_2020-02-28 17:08:21.908145,2,CA-311,2-39-125-21,America/Los_Angeles,2961.0,225.0,38.25,170.0,576.0,"Fri, 28 Feb 2020 17:08:50 GMT",True,"Sat, 29 Feb 2020 02:44:22 GMT",2961.0,,,,,,,,,8.195555555555556,0 days 08:11:44,0 days 06:00:50,"Rain, not freezing, continuous",1,1-2
1637,5e6ec8a0f9af8b4466ea1579,39,2020-02-28 17:14:35,2020-02-29 01:41:53,2020-02-28 18:35:26,3.952,2_39_130_31_2020-02-28 17:14:35.090320,2,CA-306,2-39-130-31,America/Los_Angeles,1366.0,400.0,8.0,20.0,60.0,"Fri, 28 Feb 2020 17:14:48 GMT",True,"Fri, 28 Feb 2020 18:14:35 GMT",1366.0,,,,,,,,,8.455,0 days 08:27:18,0 days 07:06:27,"Rain, not freezing, continuous",1,1-2
1638,5e6ec8a0f9af8b4466ea157a,39,2020-02-28 17:24:43,2020-02-29 04:35:58,2020-02-28 18:38:53,3.979,2_39_129_17_2020-02-28 17:24:43.215664,2,CA-307,2-39-129-17,America/Los_Angeles,567.0,400.0,8.0,20.0,61.0,"Fri, 28 Feb 2020 17:24:58 GMT",True,"Fri, 28 Feb 2020 18:25:43 GMT",567.0,,,,,,,,,11.1875,0 days 11:11:15,0 days 09:57:05,"Rain, not freezing, continuous",4,4-5
1639,5e6ec8a0f9af8b4466ea157b,39,2020-02-28 17:38:54,2020-02-28 18:43:24,2020-02-28 18:43:19,3.465,2_39_127_19_2020-02-28 17:38:53.963812,2,CA-309,2-39-127-19,America/Los_Angeles,1236.0,400.0,8.0,20.0,136.0,"Fri, 28 Feb 2020 17:39:19 GMT",True,"Fri, 28 Feb 2020 19:54:54 GMT",1236.0,,,,,,,,,1.075,0 days 01:04:30,0 days 00:00:05,Continuous fall of snowflakes,18,18-19
1640,5e6ec8a0f9af8b4466ea157c,39,2020-02-28 17:40:54,2020-02-29 04:19:25,2020-02-28 19:11:34,4.262,2_39_95_27_2020-02-28 17:40:53.569867,2,CA-319,2-39-95-27,America/Los_Angeles,5594.0,360.0,7.2,20.0,198.0,"Fri, 28 Feb 2020 17:44:03 GMT",True,"Fri, 28 Feb 2020 20:58:54 GMT",5594.0,360.0,7.2,20.0,61.0,"Fri, 28 Feb 2020 22:45:49 GMT",True,"Fri, 28 Feb 2020 18:41:54 GMT",5594.0,10.641944444444444,0 days 10:38:31,0 days 09:07:51,"Rain, not freezing, continuous",4,4-5
1641,5e6ec8a0f9af8b4466ea157d,39,2020-02-28 17:42:41,2020-02-28 22:08:40,2020-02-28 18:41:27,1.865,2_39_92_436_2020-02-28 17:42:40.738571,2,CA-318,2-39-92-436,America/Los_Angeles,324.0,444.0,8.88,20.0,101.0,"Fri, 28 Feb 2020 17:42:51 GMT",True,"Fri, 28 Feb 2020 19:23:41 GMT",324.0,,,,,,,,,4.433055555555556,0 days 04:25:59,0 days 03:27:13,Continuous fall of snowflakes,22,22-23
1642,5e6ec8a0f9af8b4466ea157e,39,2020-02-28 17:50:39,2020-02-29 03:14:01,2020-02-28 19:44:35,10.807,2_39_78_360_2020-02-28 17:50:39.218090,2,CA-322,2-39-78-360,America/Los_Angeles,558.0,400.0,20.0,50.0,60.0,"Fri, 28 Feb 2020 17:50:41 GMT",True,"Fri, 28 Feb 2020 18:50:39 GMT",558.0,,,,,,,,,9.389444444444445,0 days 09:23:22,0 days 07:29:26,"Rain, not freezing, continuous",3,3-4
1643,5e6ec8a0f9af8b4466ea157f,39,2020-02-28 17:56:25,2020-02-28 19:14:25,2020-02-28 19:14:23,3.137,2_39_78_363_2020-02-28 17:56:25.246166,2,CA-320,2-39-78-363,America/Los_Angeles,1471.0,400.0,16.0,40.0,173.0,"Fri, 28 Feb 2020 17:56:49 GMT",True,"Fri, 28 Feb 2020 20:49:25 GMT",1471.0,,,,,,,,,1.3,0 days 01:18:00,0 days 00:00:02,Continuous fall of snowflakes,19,19-20
1644,5e6ec8a0f9af8b4466ea1580,39,2020-02-28 17:56:32,2020-02-28 22:01:18,2020-02-28 19:19:03,4.164,2_39_126_20_2020-02-28 17:56:32.199889,2,CA-310,2-39-126-20,America/Los_Angeles,1481.0,400.0,8.0,20.0,61.0,"Fri, 28 Feb 2020 18:09:43 GMT",True,"Fri, 28 Feb 2020 18:57:32 GMT",1481.0,,,,,,,,,4.079444444444444,0 days 04:04:46,0 days 02:42:15,Continuous fall of snowflakes,22,22-23
1645,5e6ec8a0f9af8b4466ea1581,39,2020-02-28 18:00:58,2020-02-28 22:10:48,2020-02-28 20:52:38,1.178,2_39_79_376_2020-02-28 18:00:57.638649,2,CA-324,2-39-79-376,America/Los_Angeles,,,,,,,,,,,,,,,,,,4.163888888888889,0 days 04:09:50,0 days 01:18:10,Continuous fall of snowflakes,22,22-23
1646,5e6ec8a0f9af8b4466ea1582,39,2020-02-28 18:02:56,2020-02-28 21:22:40,2020-02-28 20:52:38,1.176,2_39_123_23_2020-02-28 18:02:56.297891,2,CA-313,2-39-123-23,America/Los_Angeles,,,,,,,,,,,,,,,,,,3.328888888888889,0 days 03:19:44,0 days 00:30:02,Continuous fall of snowflakes,21,21-22
1647,5e6ec8a0f9af8b4466ea1583,39,2020-02-28 18:15:15,2020-02-29 01:39:48,2020-02-28 22:03:47,12.035,2_39_78_364_2020-02-28 18:15:15.259374,2,CA-495,2-39-78-364,America/Los_Angeles,1095.0,400.0,16.0,40.0,444.0,"Fri, 28 Feb 2020 18:15:24 GMT",True,"Sat, 29 Feb 2020 01:39:15 GMT",1095.0,,,,,,,,,7.409166666666667,0 days 07:24:33,0 days 03:36:01,"Rain, not freezing, continuous",1,1-2
1648,5e6ec8a0f9af8b4466ea1584,39,2020-02-28 18:44:38,2020-02-28 20:21:18,2020-02-28 20:21:13,10.781,2_39_88_24_2020-02-28 18:44:37.970651,2,CA-314,2-39-88-24,America/Los_Angeles,1316.0,400.0,44.0,110.0,88.0,"Fri, 28 Feb 2020 18:45:37 GMT",True,"Fri, 28 Feb 2020 20:12:38 GMT",1316.0,,,,,,,,,1.6111111111111112,0 days 01:36:40,0 days 00:00:05,Continuous fall of snowflakes,20,20-21
1649,5e6ec8a0f9af8b4466ea1585,39,2020-02-28 19:02:13,2020-02-29 01:53:34,2020-02-28 20:38:46,9.802,2_39_92_442_2020-02-28 19:02:13.450842,2,CA-498,2-39-92-442,America/Los_Angeles,3270.0,200.0,40.0,200.0,63.0,"Fri, 28 Feb 2020 19:02:58 GMT",True,"Fri, 28 Feb 2020 20:05:13 GMT",3270.0,,,,,,,,,6.855833333333333,0 days 06:51:21,0 days 05:14:48,"Rain, not freezing, continuous",1,1-2
1650,5e6ec8a0f9af8b4466ea1586,39,2020-02-28 19:11:23,2020-02-29 01:20:14,2020-02-29 00:15:51,31.417,2_39_127_19_2020-02-28 19:11:08.932994,2,CA-309,2-39-127-19,America/Los_Angeles,1244.0,600.0,48.0,80.0,477.0,"Fri, 28 Feb 2020 19:11:22 GMT",True,"Sat, 29 Feb 2020 03:08:23 GMT",1244.0,,,,,,,,,6.1475,0 days 06:08:51,0 days 01:04:23,"Rain, not freezing, continuous",1,1-2
1651,5e6ec8a0f9af8b4466ea1587,39,2020-02-28 20:06:25,2020-02-29 02:34:00,2020-02-28 22:19:32,6.983,2_39_78_363_2020-02-28 20:06:24.780373,2,CA-320,2-39-78-363,America/Los_Angeles,1124.0,400.0,8.0,20.0,60.0,"Fri, 28 Feb 2020 20:06:43 GMT",True,"Fri, 28 Feb 2020 21:06:25 GMT",1124.0,,,,,,,,,6.459722222222222,0 days 06:27:35,0 days 04:14:28,"Rain, not freezing, continuous",2,2-3
1652,5e6ec8a0f9af8b4466ea1588,39,2020-02-28 20:35:27,2020-02-28 20:54:02,2020-02-28 20:53:59,0.825,2_39_124_22_2020-02-28 20:35:26.870849,2,CA-312,2-39-124-22,America/Los_Angeles,311.0,250.0,22.5,90.0,90.0,"Fri, 28 Feb 2020 20:35:52 GMT",True,"Fri, 28 Feb 2020 22:05:27 GMT",311.0,,,,,,,,,0.30972222222222223,0 days 00:18:35,0 days 00:00:03,Continuous fall of snowflakes,20,20-21
1653,5e6ec8a0f9af8b4466ea1589,39,2020-02-28 21:17:17,2020-02-29 00:40:47,2020-02-29 00:39:38,7.888,2_39_78_366_2020-02-28 21:17:17.267956,2,CA-323,2-39-78-366,America/Los_Angeles,1089.0,400.0,8.0,20.0,114.0,"Fri, 28 Feb 2020 21:18:48 GMT",True,"Fri, 28 Feb 2020 23:11:17 GMT",1089.0,,,,,,,,,3.3916666666666666,0 days 03:23:30,0 days 00:01:09,"Rain, not freezing, continuous",0,0-1
1654,5e6ec8a0f9af8b4466ea158a,39,2020-02-28 21:36:50,2020-02-29 00:59:03,2020-02-29 00:44:55,19.881,2_39_90_26_2020-02-28 21:36:49.630607,2,CA-316,2-39-90-26,America/Los_Angeles,832.0,400.0,20.0,50.0,199.0,"Fri, 28 Feb 2020 21:37:26 GMT",True,"Sat, 29 Feb 2020 00:55:50 GMT",832.0,,,,,,,,,3.370277777777778,0 days 03:22:13,0 days 00:14:08,"Rain, not freezing, continuous",0,0-1
1655,5e6ec8a0f9af8b4466ea158b,39,2020-02-28 22:02:31,2020-02-29 00:18:31,2020-02-29 00:18:27,8.509,2_39_95_444_2020-02-28 22:02:30.691122,2,CA-497,2-39-95-444,America/Los_Angeles,6435.0,400.0,8.0,20.0,193.0,"Fri, 28 Feb 2020 22:10:31 GMT",True,"Sat, 29 Feb 2020 01:15:31 GMT",6435.0,400.0,12.0,30.0,289.0,"Sat, 29 Feb 2020 00:03:58 GMT",True,"Sat, 29 Feb 2020 02:51:31 GMT",6435.0,2.2666666666666666,0 days 02:16:00,0 days 00:00:04,"Rain, not freezing, continuous",0,0-1
1656,5e6ec8a0f9af8b4466ea158c,39,2020-02-28 23:21:53,2020-02-29 00:42:09,2020-02-29 00:39:50,0.886,2_39_126_20_2020-02-28 23:21:53.211892,2,CA-310,2-39-126-20,America/Los_Angeles,,,,,,,,,,,,,,,,,,1.3377777777777777,0 days 01:20:16,0 days 00:02:19,"Rain, not freezing, continuous",0,0-1
1657,5e6ec8a0f9af8b4466ea158d,39,2020-02-28 23:45:15,2020-02-29 02:48:22,2020-02-29 00:11:50,0.559,2_39_123_23_2020-02-28 23:45:15.428037,2,CA-313,2-39-123-23,America/Los_Angeles,,,,,,,,,,,,,,,,,,3.0519444444444446,0 days 03:03:07,0 days 02:36:32,"Rain, not freezing, continuous",2,2-3
1658,5e6ec8a0f9af8b4466ea158e,39,2020-02-29 04:26:57,2020-02-29 05:18:18,2020-02-29 05:18:13,2.997,2_39_78_363_2020-02-29 04:26:41.263220,2,CA-320,2-39-78-363,America/Los_Angeles,461.0,350.0,7.0,20.0,274.0,"Sat, 29 Feb 2020 04:26:56 GMT",True,"Sat, 29 Feb 2020 09:00:57 GMT",461.0,,,,,,,,,0.8558333333333333,0 days 00:51:21,0 days 00:00:05,"Rain, not freezing, continuous",5,5-6
1659,5e701a0df9af8b4841ae7d56,39,2020-02-29 16:40:37,2020-02-29 18:36:44,2020-02-29 18:32:39,7.346,2_39_126_20_2020-02-29 16:40:36.940912,2,CA-310,2-39-126-20,America/Los_Angeles,300.0,400.0,32.0,80.0,435.0,"Sat, 29 Feb 2020 16:40:43 GMT",True,"Sat, 29 Feb 2020 23:55:37 GMT",300.0,,,,,,,,,1.9352777777777779,0 days 01:56:07,0 days 00:04:05,"Rain, not freezing, continuous",18,18-19
1660,5e701a0df9af8b4841ae7d57,39,2020-02-29 17:37:13,2020-02-29 18:38:46,2020-02-29 18:38:41,3.297,2_39_131_30_2020-02-29 17:37:13.423046,2,CA-305,2-39-131-30,America/Los_Angeles,365.0,333.0,9.99,30.0,104.0,"Sat, 29 Feb 2020 17:37:24 GMT",True,"Sat, 29 Feb 2020 19:21:13 GMT",365.0,,,,,,,,,1.0258333333333334,0 days 01:01:33,0 days 00:00:05,"Rain, not freezing, continuous",18,18-19
1661,5e701a0df9af8b4841ae7d58,39,2020-02-29 17:59:43,2020-02-29 18:59:21,2020-02-29 18:59:16,6.688,2_39_139_28_2020-02-29 17:59:42.934382,2,CA-303,2-39-139-28,America/Los_Angeles,248.0,250.0,12.5,50.0,117.0,"Sat, 29 Feb 2020 18:00:00 GMT",True,"Sat, 29 Feb 2020 19:56:43 GMT",248.0,,,,,,,,,0.9938888888888889,0 days 00:59:38,0 days 00:00:05,"Rain, not freezing, continuous",18,18-19
1662,5e701a0df9af8b4841ae7d59,39,2020-02-29 18:06:44,2020-02-29 19:41:42,2020-02-29 19:36:53,4.46,2_39_89_25_2020-02-29 18:06:43.954085,2,CA-315,2-39-89-25,America/Los_Angeles,743.0,400.0,8.0,20.0,50.0,"Sat, 29 Feb 2020 18:07:09 GMT",True,"Sat, 29 Feb 2020 18:56:44 GMT",743.0,,,,,,,,,1.5827777777777778,0 days 01:34:58,0 days 00:04:49,"Rain, not freezing, continuous",19,19-20
1663,5e701a0df9af8b4841ae7d5b,39,2020-02-29 19:51:51,2020-02-29 21:55:19,2020-02-29 21:22:29,9.193,2_39_129_17_2020-02-29 19:52:46.437306,2,CA-307,2-39-129-17,America/Los_Angeles,2290.0,425.0,29.75,70.0,446.0,"Sat, 29 Feb 2020 19:52:56 GMT",True,"Sun, 01 Mar 2020 03:17:51 GMT",2290.0,,,,,,,,,2.057777777777778,0 days 02:03:28,0 days 00:32:50,"Rain, not freezing, continuous",21,21-22
1664,5e701a0df9af8b4841ae7d5a,39,2020-02-29 19:52:17,2020-03-01 00:45:33,2020-03-01 00:21:41,15.569,2_39_79_379_2020-02-29 19:52:17.313893,2,CA-327,2-39-79-379,America/Los_Angeles,1384.0,400.0,36.0,90.0,132.0,"Sat, 29 Feb 2020 19:52:29 GMT",True,"Sat, 29 Feb 2020 22:04:17 GMT",1384.0,,,,,,,,,4.887777777777778,0 days 04:53:16,0 days 00:23:52,"Rain, not freezing, continuous",0,0-1
1665,5e701a0df9af8b4841ae7d5c,39,2020-02-29 20:09:02,2020-02-29 22:02:04,2020-02-29 21:31:04,7.942,2_39_138_29_2020-02-29 20:09:02.329201,2,CA-304,2-39-138-29,America/Los_Angeles,798.0,400.0,16.0,40.0,87.0,"Sat, 29 Feb 2020 20:09:43 GMT",True,"Sat, 29 Feb 2020 21:36:02 GMT",798.0,,,,,,,,,1.883888888888889,0 days 01:53:02,0 days 00:31:00,"Rain, not freezing, continuous",22,22-23
1666,5e701a0df9af8b4841ae7d5d,39,2020-02-29 21:38:42,2020-03-01 00:30:15,2020-02-29 22:09:33,0.856,2_39_123_23_2020-02-29 21:38:41.676309,2,CA-313,2-39-123-23,America/Los_Angeles,,,,,,,,,,,,,,,,,,2.859166666666667,0 days 02:51:33,0 days 02:20:42,"Rain, not freezing, continuous",0,0-1
1667,5e701a0df9af8b4841ae7d5e,39,2020-02-29 23:11:35,2020-03-01 01:15:55,2020-03-01 01:15:51,6.79,2_39_127_19_2020-02-29 23:11:34.757595,2,CA-309,2-39-127-19,America/Los_Angeles,1920.0,600.0,12.0,20.0,122.0,"Sat, 29 Feb 2020 23:12:11 GMT",True,"Sun, 01 Mar 2020 01:13:35 GMT",1920.0,600.0,12.0,20.0,122.0,"Sat, 29 Feb 2020 23:12:17 GMT",True,"Sun, 01 Mar 2020 01:13:35 GMT",1920.0,2.0722222222222224,0 days 02:04:20,0 days 00:00:04,"Rain, not freezing, continuous",1,1-2
1668,5e701a0df9af8b4841ae7d5f,39,2020-02-29 23:35:14,2020-03-01 02:16:25,2020-03-01 02:16:48,10.08,2_39_131_30_2020-02-29 23:35:14.284641,2,CA-305,2-39-131-30,America/Los_Angeles,300.0,400.0,32.0,80.0,435.0,"Sat, 29 Feb 2020 23:35:20 GMT",True,"Sun, 01 Mar 2020 06:50:14 GMT",300.0,,,,,,,,,2.6863888888888887,0 days 02:41:11,-1 days +23:59:37,"Rain, not freezing, continuous",2,2-3
1669,5e716b8ff9af8b4c101331b1,39,2020-03-01 18:00:01,2020-03-01 19:46:44,2020-03-01 19:29:39,4.445,2_39_89_25_2020-03-01 18:00:00.896001,2,CA-315,2-39-89-25,America/Los_Angeles,743.0,400.0,8.0,20.0,50.0,"Sun, 01 Mar 2020 18:01:08 GMT",True,"Sun, 01 Mar 2020 18:50:01 GMT",743.0,,,,,,,,,1.7786111111111111,0 days 01:46:43,0 days 00:17:05,"Rain, not freezing, continuous",19,19-20
1670,5e716b8ff9af8b4c101331b2,39,2020-03-01 18:39:34,2020-03-01 19:43:32,2020-03-01 19:43:28,3.416,2_39_139_28_2020-03-01 18:39:34.304186,2,CA-303,2-39-139-28,America/Los_Angeles,1236.0,400.0,8.0,20.0,136.0,"Sun, 01 Mar 2020 18:43:05 GMT",True,"Sun, 01 Mar 2020 20:55:34 GMT",1236.0,,,,,,,,,1.066111111111111,0 days 01:03:58,0 days 00:00:04,"Rain, not freezing, continuous",19,19-20
1671,5e716b8ff9af8b4c101331b3,39,2020-03-02 00:05:02,2020-03-02 03:29:29,2020-03-02 03:29:24,22.251,2_39_79_377_2020-03-02 00:05:01.883847,2,CA-325,2-39-79-377,America/Los_Angeles,248.0,250.0,32.5,130.0,375.0,"Mon, 02 Mar 2020 00:05:23 GMT",True,"Mon, 02 Mar 2020 06:20:02 GMT",248.0,,,,,,,,,3.4075,0 days 03:24:27,0 days 00:00:05,"Drizzle, not freezing, continuous",3,3-4
1672,5e716b8ff9af8b4c101331b4,39,2020-03-02 00:25:28,2020-03-03 19:37:08,2020-03-02 04:26:50,13.599,2_39_79_383_2020-03-02 00:25:27.894882,2,CA-492,2-39-79-383,America/Los_Angeles,4913.0,400.0,20.0,50.0,720.0,"Mon, 02 Mar 2020 00:26:53 GMT",True,"Mon, 02 Mar 2020 12:25:28 GMT",4913.0,,,,,,,,,43.19444444444444,1 days 19:11:40,1 days 15:10:18,"Drizzle, not freezing, continuous",19,19-20
1673,5e716b8ff9af8b4c101331b5,39,2020-03-02 01:29:47,2020-03-02 01:48:58,2020-03-02 01:48:53,0.541,2_39_127_19_2020-03-02 01:29:46.877948,2,CA-309,2-39-127-19,America/Los_Angeles,,,,,,,,,,,,,,,,,,0.31972222222222224,0 days 00:19:11,0 days 00:00:05,"Drizzle, not freezing, continuous",1,1-2
1674,5e716b8ff9af8b4c101331b6,39,2020-03-02 02:00:29,2020-03-02 02:51:27,2020-03-02 02:51:23,5.659,2_39_123_23_2020-03-02 02:00:29.343031,2,CA-313,2-39-123-23,America/Los_Angeles,5855.0,400.0,20.0,50.0,73.0,"Mon, 02 Mar 2020 02:00:55 GMT",True,"Mon, 02 Mar 2020 03:13:29 GMT",5855.0,,,,,,,,,0.8494444444444444,0 days 00:50:58,0 days 00:00:04,"Drizzle, not freezing, continuous",2,2-3
1675,5e716b8ff9af8b4c101331b7,39,2020-03-02 02:41:34,2020-03-02 04:33:21,2020-03-02 03:46:46,6.472,2_39_128_18_2020-03-02 02:41:33.837334,2,CA-308,2-39-128-18,America/Los_Angeles,1099.0,400.0,16.0,40.0,94.0,"Mon, 02 Mar 2020 02:42:38 GMT",True,"Mon, 02 Mar 2020 04:15:34 GMT",1099.0,,,,,,,,,1.8630555555555555,0 days 01:51:47,0 days 00:46:35,"Drizzle, not freezing, continuous",4,4-5
1676,5e72bd1bf9af8b73fde9e375,39,2020-03-02 14:20:08,2020-03-03 01:03:19,2020-03-02 19:11:24,25.355,2_39_139_28_2020-03-02 14:20:07.586004,2,CA-303,2-39-139-28,America/Los_Angeles,710.0,400.0,52.0,130.0,316.0,"Mon, 02 Mar 2020 14:22:17 GMT",True,"Mon, 02 Mar 2020 19:36:08 GMT",710.0,,,,,,,,,10.719722222222222,0 days 10:43:11,0 days 05:51:55,"Drizzle, not freezing, continuous",1,1-2
1677,5e72bd1bf9af8b73fde9e376,39,2020-03-02 15:43:33,2020-03-02 21:36:15,2020-03-02 19:11:25,4.573,2_39_79_382_2020-03-02 15:43:33.117969,2,CA-491,2-39-79-382,America/Los_Angeles,4701.0,300.0,9.0,30.0,416.0,"Mon, 02 Mar 2020 15:43:36 GMT",True,"Mon, 02 Mar 2020 22:39:33 GMT",4701.0,,,,,,,,,5.878333333333333,0 days 05:52:42,0 days 02:24:50,"Drizzle, not freezing, continuous",21,21-22
1678,5e72bd1bf9af8b73fde9e377,39,2020-03-02 15:55:52,2020-03-02 22:26:39,2020-03-02 20:23:30,0.865,2_39_79_380_2020-03-02 15:55:52.276523,2,CA-489,2-39-79-380,America/Los_Angeles,,,,,,,,,,,,,,,,,,6.513055555555556,0 days 06:30:47,0 days 02:03:09,"Drizzle, not freezing, continuous",22,22-23
1679,5e72bd1bf9af8b73fde9e378,39,2020-03-02 16:07:11,2020-03-03 04:48:52,2020-03-02 19:11:24,4.554,2_39_90_26_2020-03-02 16:06:48.346763,2,CA-316,2-39-90-26,America/Los_Angeles,5594.0,360.0,7.2,20.0,61.0,"Mon, 02 Mar 2020 16:07:11 GMT",True,"Mon, 02 Mar 2020 17:08:11 GMT",5594.0,360.0,7.2,20.0,244.0,"Mon, 02 Mar 2020 19:10:04 GMT",True,"Mon, 02 Mar 2020 20:11:11 GMT",5594.0,12.694722222222222,0 days 12:41:41,0 days 09:37:28,"Drizzle, not freezing, continuous",4,4-5
1680,5e72bd1bf9af8b73fde9e379,39,2020-03-02 16:12:41,2020-03-03 01:09:32,2020-03-02 19:11:22,10.228,2_39_78_366_2020-03-02 16:12:40.814238,2,CA-323,2-39-78-366,America/Los_Angeles,3853.0,360.0,18.0,50.0,520.0,"Mon, 02 Mar 2020 16:13:03 GMT",True,"Tue, 03 Mar 2020 00:52:41 GMT",3853.0,,,,,,,,,8.9475,0 days 08:56:51,0 days 05:58:10,"Drizzle, not freezing, continuous",1,1-2
1681,5e72bd1bf9af8b73fde9e37a,39,2020-03-02 16:27:37,2020-03-02 19:04:19,,0.835,2_39_83_386_2020-03-02 16:27:36.677204,2,CA-212,2-39-83-386,America/Los_Angeles,4595.0,400.0,40.0,100.0,552.0,"Mon, 02 Mar 2020 19:03:45 GMT",True,"Tue, 03 Mar 2020 01:39:37 GMT",4595.0,,,,,,,,,2.611666666666667,0 days 02:36:42,,"Drizzle, not freezing, continuous",19,19-20
1682,5e72bd1bf9af8b73fde9e37b,39,2020-03-02 16:36:02,2020-03-03 00:52:53,2020-03-03 00:16:09,18.762,2_39_78_367_2020-03-02 16:36:02.224639,2,CA-494,2-39-78-367,America/Los_Angeles,1470.0,292.0,26.28,90.0,266.0,"Mon, 02 Mar 2020 16:37:00 GMT",True,"Mon, 02 Mar 2020 21:02:02 GMT",1470.0,,,,,,,,,8.280833333333334,0 days 08:16:51,0 days 00:36:44,"Drizzle, not freezing, continuous",0,0-1
1683,5e72bd1bf9af8b73fde9e37c,39,2020-03-02 16:40:08,2020-03-02 19:52:49,2020-03-02 19:25:10,4.867,2_39_78_364_2020-03-02 16:40:08.106540,2,CA-495,2-39-78-364,America/Los_Angeles,2149.0,250.0,5.0,20.0,408.0,"Mon, 02 Mar 2020 16:40:28 GMT",True,"Mon, 02 Mar 2020 23:28:08 GMT",2149.0,,,,,,,,,3.211388888888889,0 days 03:12:41,0 days 00:27:39,"Drizzle, not freezing, continuous",19,19-20
1684,5e72bd1bf9af8b73fde9e37d,39,2020-03-02 16:44:21,2020-03-03 02:07:09,2020-03-02 20:42:49,11.787,2_39_131_30_2020-03-02 16:44:21.212074,2,CA-305,2-39-131-30,America/Los_Angeles,712.0,400.0,16.0,40.0,343.0,"Mon, 02 Mar 2020 17:24:25 GMT",True,"Mon, 02 Mar 2020 22:27:21 GMT",712.0,400.0,16.0,40.0,343.0,"Mon, 02 Mar 2020 17:24:40 GMT",True,"Mon, 02 Mar 2020 22:27:21 GMT",712.0,9.38,0 days 09:22:48,0 days 05:24:20,"Drizzle, not freezing, continuous",2,2-3
1685,5e72bd1bf9af8b73fde9e37e,39,2020-03-02 16:59:38,2020-03-02 23:58:20,2020-03-02 22:29:24,22.632,2_39_79_376_2020-03-02 16:59:38.417723,2,CA-324,2-39-79-376,America/Los_Angeles,1137.0,400.0,40.0,100.0,428.0,"Mon, 02 Mar 2020 17:01:01 GMT",True,"Tue, 03 Mar 2020 00:07:38 GMT",1137.0,,,,,,,,,6.9783333333333335,0 days 06:58:42,0 days 01:28:56,"Drizzle, not freezing, continuous",23,23-24
1686,5e72bd1bf9af8b73fde9e37f,39,2020-03-02 17:01:18,2020-03-02 22:29:17,2020-03-02 19:11:24,5.089,2_39_127_19_2020-03-02 17:01:18.204032,2,CA-309,2-39-127-19,America/Los_Angeles,562.0,325.0,6.5,20.0,196.0,"Mon, 02 Mar 2020 17:01:45 GMT",True,"Mon, 02 Mar 2020 20:17:18 GMT",562.0,,,,,,,,,5.466388888888889,0 days 05:27:59,0 days 03:17:53,"Drizzle, not freezing, continuous",22,22-23
1687,5e72bd1bf9af8b73fde9e380,39,2020-03-02 17:08:09,2020-03-03 01:21:05,2020-03-03 00:18:28,9.713,2_39_126_560_2020-03-02 17:08:09.356334,2,CA-506,2-39-126-560,America/Los_Angeles,1534.0,250.0,10.0,40.0,404.0,"Mon, 02 Mar 2020 21:39:07 GMT",True,"Mon, 02 Mar 2020 23:52:09 GMT",1534.0,,,,,,,,,8.215555555555556,0 days 08:12:56,0 days 01:02:37,"Drizzle, not freezing, continuous",1,1-2
1688,5e72bd1bf9af8b73fde9e381,39,2020-03-02 17:14:13,2020-03-03 03:08:09,2020-03-02 19:11:22,3.804,2_39_125_21_2020-03-02 17:14:12.857233,2,CA-311,2-39-125-21,America/Los_Angeles,567.0,400.0,8.0,20.0,61.0,"Mon, 02 Mar 2020 17:14:22 GMT",True,"Mon, 02 Mar 2020 18:15:13 GMT",567.0,,,,,,,,,9.898888888888889,0 days 09:53:56,0 days 07:56:47,"Drizzle, not freezing, continuous",3,3-4
1689,5e72bd1bf9af8b73fde9e382,39,2020-03-02 17:22:01,2020-03-02 20:19:41,2020-03-02 19:11:22,6.596,2_39_123_23_2020-03-02 17:22:01.376767,2,CA-313,2-39-123-23,America/Los_Angeles,1912.0,400.0,20.0,50.0,368.0,"Mon, 02 Mar 2020 17:22:05 GMT",True,"Mon, 02 Mar 2020 23:30:01 GMT",1912.0,,,,,,,,,2.9611111111111112,0 days 02:57:40,0 days 01:08:19,"Drizzle, not freezing, continuous",20,20-21
1690,5e72bd1bf9af8b73fde9e383,39,2020-03-02 17:27:23,2020-03-03 01:52:15,2020-03-02 19:31:51,10.873,2_39_78_365_2020-03-02 17:27:22.776905,2,CA-321,2-39-78-365,America/Los_Angeles,714.0,400.0,32.0,80.0,412.0,"Mon, 02 Mar 2020 17:27:33 GMT",True,"Tue, 03 Mar 2020 00:19:23 GMT",714.0,400.0,32.0,80.0,461.0,"Mon, 02 Mar 2020 17:28:33 GMT",True,"Tue, 03 Mar 2020 01:08:23 GMT",714.0,8.414444444444445,0 days 08:24:52,0 days 06:20:24,"Drizzle, not freezing, continuous",1,1-2
1691,5e72bd1bf9af8b73fde9e384,39,2020-03-02 17:47:02,2020-03-02 21:54:55,2020-03-02 21:54:50,25.812,2_39_91_441_2020-03-02 17:47:02.076187,2,CA-499,2-39-91-441,America/Los_Angeles,2972.0,400.0,36.0,90.0,263.0,"Mon, 02 Mar 2020 17:47:37 GMT",True,"Mon, 02 Mar 2020 22:10:02 GMT",2972.0,400.0,36.0,90.0,263.0,"Mon, 02 Mar 2020 17:48:07 GMT",True,"Mon, 02 Mar 2020 22:10:02 GMT",2972.0,4.131388888888889,0 days 04:07:53,0 days 00:00:05,"Drizzle, not freezing, continuous",21,21-22
1692,5e72bd1bf9af8b73fde9e385,39,2020-03-02 17:47:13,2020-03-03 04:22:36,2020-03-02 19:45:02,5.889,2_39_95_444_2020-03-02 17:47:13.133758,2,CA-497,2-39-95-444,America/Los_Angeles,1222.0,400.0,8.0,20.0,72.0,"Mon, 02 Mar 2020 17:47:30 GMT",True,"Mon, 02 Mar 2020 18:59:13 GMT",1222.0,,,,,,,,,10.589722222222223,0 days 10:35:23,0 days 08:37:34,"Drizzle, not freezing, continuous",4,4-5
1693,5e72bd1bf9af8b73fde9e386,39,2020-03-02 18:19:14,2020-03-03 01:59:20,2020-03-02 20:03:24,10.084,2_39_95_27_2020-03-02 18:19:14.413624,2,CA-319,2-39-95-27,America/Los_Angeles,1095.0,400.0,16.0,40.0,444.0,"Mon, 02 Mar 2020 18:19:30 GMT",True,"Tue, 03 Mar 2020 01:43:14 GMT",1095.0,,,,,,,,,7.668333333333333,0 days 07:40:06,0 days 05:55:56,"Drizzle, not freezing, continuous",1,1-2
1694,5e72bd1bf9af8b73fde9e387,39,2020-03-02 18:27:57,2020-03-03 02:22:08,2020-03-03 01:57:45,0.925,2_39_91_437_2020-03-02 18:27:56.622806,2,CA-317,2-39-91-437,America/Los_Angeles,,,,,,,,,,,,,,,,,,7.9030555555555555,0 days 07:54:11,0 days 00:24:23,"Drizzle, not freezing, continuous",2,2-3
1695,5e72bd1bf9af8b73fde9e388,39,2020-03-02 18:33:45,2020-03-03 03:14:05,2020-03-02 21:05:27,12.992,2_39_78_360_2020-03-02 18:33:44.929553,2,CA-322,2-39-78-360,America/Los_Angeles,558.0,400.0,28.0,70.0,60.0,"Mon, 02 Mar 2020 18:33:49 GMT",True,"Mon, 02 Mar 2020 19:33:45 GMT",558.0,,,,,,,,,8.672222222222222,0 days 08:40:20,0 days 06:08:38,"Drizzle, not freezing, continuous",3,3-4
1696,5e72bd1bf9af8b73fde9e389,39,2020-03-02 18:34:07,2020-03-03 01:27:18,2020-03-02 20:15:27,4.869,2_39_90_440_2020-03-02 18:34:06.822620,2,CA-500,2-39-90-440,America/Los_Angeles,743.0,400.0,8.0,20.0,501.0,"Mon, 02 Mar 2020 18:34:17 GMT",True,"Tue, 03 Mar 2020 02:55:07 GMT",743.0,,,,,,,,,6.886388888888889,0 days 06:53:11,0 days 05:11:51,"Drizzle, not freezing, continuous",1,1-2
1697,5e72bd1bf9af8b73fde9e38a,39,2020-03-02 18:40:16,2020-03-02 23:07:43,2020-03-02 22:07:09,3.892,2_39_88_24_2020-03-02 18:40:16.161849,2,CA-314,2-39-88-24,America/Los_Angeles,668.0,400.0,4.0,10.0,424.0,"Mon, 02 Mar 2020 18:40:31 GMT",True,"Tue, 03 Mar 2020 01:44:16 GMT",668.0,,,,,,,,,4.4575,0 days 04:27:27,0 days 01:00:34,"Drizzle, not freezing, continuous",23,23-24
1698,5e72bd1bf9af8b73fde9e38b,39,2020-03-02 19:08:03,2020-03-03 01:07:31,2020-03-03 01:07:26,39.501,2_39_126_20_2020-03-02 19:08:02.816162,2,CA-310,2-39-126-20,America/Los_Angeles,4595.0,400.0,40.0,100.0,552.0,"Mon, 02 Mar 2020 19:11:15 GMT",True,"Tue, 03 Mar 2020 04:20:03 GMT",4595.0,400.0,40.0,100.0,552.0,"Tue, 03 Mar 2020 01:07:12 GMT",True,"Tue, 03 Mar 2020 04:20:03 GMT",4595.0,5.9911111111111115,0 days 05:59:28,0 days 00:00:05,"Drizzle, not freezing, continuous",1,1-2
1699,5e72bd1bf9af8b73fde9e38c,39,2020-03-02 19:21:33,2020-03-02 19:54:00,2020-03-02 19:53:55,3.391,2_39_124_22_2020-03-02 19:21:33.280101,2,CA-312,2-39-124-22,America/Los_Angeles,300.0,400.0,32.0,80.0,435.0,"Mon, 02 Mar 2020 19:21:59 GMT",True,"Tue, 03 Mar 2020 02:36:33 GMT",300.0,,,,,,,,,0.5408333333333334,0 days 00:32:27,0 days 00:00:05,"Drizzle, not freezing, continuous",19,19-20
1700,5e72bd1bf9af8b73fde9e38d,39,2020-03-02 19:57:52,2020-03-03 01:03:12,2020-03-03 00:27:16,27.87,2_39_79_378_2020-03-02 19:57:51.597945,2,CA-326,2-39-79-378,America/Los_Angeles,832.0,400.0,28.0,70.0,290.0,"Mon, 02 Mar 2020 19:58:12 GMT",True,"Tue, 03 Mar 2020 00:47:52 GMT",832.0,,,,,,,,,5.088888888888889,0 days 05:05:20,0 days 00:35:56,"Drizzle, not freezing, continuous",1,1-2
1701,5e72bd1bf9af8b73fde9e38e,39,2020-03-02 20:48:46,2020-03-02 23:27:08,2020-03-02 21:42:26,2.371,2_39_124_22_2020-03-02 20:48:46.404376,2,CA-312,2-39-124-22,America/Los_Angeles,891.0,400.0,8.0,20.0,216.0,"Mon, 02 Mar 2020 20:49:21 GMT",True,"Tue, 03 Mar 2020 00:24:46 GMT",891.0,,,,,,,,,2.6394444444444445,0 days 02:38:22,0 days 01:44:42,"Drizzle, not freezing, continuous",23,23-24
1702,5e72bd1bf9af8b73fde9e38f,39,2020-03-02 21:14:25,2020-03-03 02:20:05,2020-03-02 23:49:32,6.604,2_39_92_436_2020-03-02 21:14:24.595868,2,CA-318,2-39-92-436,America/Los_Angeles,1124.0,400.0,8.0,20.0,60.0,"Mon, 02 Mar 2020 21:15:06 GMT",True,"Mon, 02 Mar 2020 22:14:25 GMT",1124.0,,,,,,,,,5.094444444444444,0 days 05:05:40,0 days 02:30:33,"Drizzle, not freezing, continuous",2,2-3
1703,5e72bd1bf9af8b73fde9e390,39,2020-03-02 21:32:55,2020-03-03 01:15:42,2020-03-02 22:24:04,2.257,2_39_123_23_2020-03-02 21:32:54.816304,2,CA-313,2-39-123-23,America/Los_Angeles,1366.0,400.0,8.0,20.0,60.0,"Mon, 02 Mar 2020 21:33:11 GMT",True,"Mon, 02 Mar 2020 22:32:55 GMT",1366.0,,,,,,,,,3.7130555555555556,0 days 03:42:47,0 days 02:51:38,"Drizzle, not freezing, continuous",1,1-2
1704,5e72bd1bf9af8b73fde9e391,39,2020-03-02 21:43:54,2020-03-03 03:02:18,2020-03-02 22:50:13,2.2,2_39_79_381_2020-03-02 21:43:54.214145,2,CA-490,2-39-79-381,America/Los_Angeles,1082.0,400.0,8.0,20.0,64.0,"Mon, 02 Mar 2020 21:44:25 GMT",True,"Mon, 02 Mar 2020 22:47:54 GMT",1082.0,,,,,,,,,5.306666666666667,0 days 05:18:24,0 days 04:12:05,"Drizzle, not freezing, continuous",3,3-4
1705,5e72bd1bf9af8b73fde9e392,39,2020-03-02 21:46:04,2020-03-02 22:59:31,2020-03-02 22:59:26,3.839,2_39_78_364_2020-03-02 21:46:04.312567,2,CA-495,2-39-78-364,America/Los_Angeles,1236.0,400.0,8.0,20.0,136.0,"Mon, 02 Mar 2020 21:49:27 GMT",True,"Tue, 03 Mar 2020 00:02:04 GMT",1236.0,,,,,,,,,1.2241666666666666,0 days 01:13:27,0 days 00:00:05,"Drizzle, not freezing, continuous",22,22-23
1706,5e72bd1bf9af8b73fde9e393,39,2020-03-02 22:01:24,2020-03-03 02:52:17,2020-03-03 00:26:28,8.341,2_39_79_382_2020-03-02 22:01:24.185088,2,CA-491,2-39-79-382,America/Los_Angeles,515.0,400.0,12.0,30.0,250.0,"Mon, 02 Mar 2020 22:01:55 GMT",True,"Tue, 03 Mar 2020 02:11:24 GMT",515.0,,,,,,,,,4.848055555555556,0 days 04:50:53,0 days 02:25:49,"Drizzle, not freezing, continuous",2,2-3
1707,5e72bd1bf9af8b73fde9e394,39,2020-03-02 22:34:06,2020-03-03 01:02:29,2020-03-02 23:04:49,0.893,2_39_83_386_2020-03-02 22:34:05.806745,2,CA-212,2-39-83-386,America/Los_Angeles,,,,,,,,,,,,,,,,,,2.4730555555555553,0 days 02:28:23,0 days 01:57:40,"Drizzle, not freezing, continuous",1,1-2
1708,5e72bd1bf9af8b73fde9e395,39,2020-03-02 23:29:24,2020-03-03 00:48:25,2020-03-03 00:37:34,6.789,2_39_127_19_2020-03-02 23:29:24.003257,2,CA-309,2-39-127-19,America/Los_Angeles,2290.0,425.0,29.75,70.0,446.0,"Mon, 02 Mar 2020 23:29:32 GMT",True,"Tue, 03 Mar 2020 06:55:24 GMT",2290.0,,,,,,,,,1.3169444444444445,0 days 01:19:01,0 days 00:10:51,"Drizzle, not freezing, continuous",0,0-1
1709,5e72bd1bf9af8b73fde9e396,39,2020-03-02 23:49:17,2020-03-03 01:04:37,2020-03-03 01:04:28,3.787,2_39_79_380_2020-03-02 23:49:16.660483,2,CA-489,2-39-79-380,America/Los_Angeles,2291.0,400.0,8.0,20.0,408.0,"Mon, 02 Mar 2020 23:58:29 GMT",True,"Tue, 03 Mar 2020 06:37:17 GMT",2291.0,,,,,,,,,1.2555555555555555,0 days 01:15:20,0 days 00:00:09,"Drizzle, not freezing, continuous",1,1-2
1710,5e72bd1bf9af8b73fde9e397,39,2020-03-03 00:57:16,2020-03-03 02:52:12,2020-03-03 02:12:44,3.728,2_39_88_24_2020-03-03 00:57:15.967922,2,CA-314,2-39-88-24,America/Los_Angeles,1920.0,600.0,12.0,20.0,116.0,"Tue, 03 Mar 2020 00:58:43 GMT",True,"Tue, 03 Mar 2020 02:53:16 GMT",1920.0,600.0,12.0,20.0,116.0,"Tue, 03 Mar 2020 00:58:48 GMT",True,"Tue, 03 Mar 2020 02:53:16 GMT",1920.0,1.9155555555555555,0 days 01:54:56,0 days 00:39:28,"Drizzle, not freezing, continuous",2,2-3
1711,5e72bd1bf9af8b73fde9e398,39,2020-03-03 01:12:59,2020-03-03 03:27:49,2020-03-03 03:12:30,6.096,2_39_127_19_2020-03-03 01:12:46.554916,2,CA-309,2-39-127-19,America/Los_Angeles,3577.0,400.0,8.0,20.0,184.0,"Tue, 03 Mar 2020 01:12:58 GMT",True,"Tue, 03 Mar 2020 04:16:59 GMT",3577.0,,,,,,,,,2.2472222222222222,0 days 02:14:50,0 days 00:15:19,"Drizzle, not freezing, continuous",3,3-4
1712,5e72bd1bf9af8b73fde9e399,39,2020-03-03 01:40:16,2020-03-03 04:09:26,2020-03-03 04:10:24,0.904,2_39_129_17_2020-03-03 01:40:16.076284,2,CA-307,2-39-129-17,America/Los_Angeles,,,,,,,,,,,,,,,,,,2.486111111111111,0 days 02:29:10,-1 days +23:59:02,"Drizzle, not freezing, continuous",4,4-5
1713,5e72bd1bf9af8b73fde9e39a,39,2020-03-03 04:10:38,2020-03-03 05:12:38,2020-03-03 05:12:57,0.898,2_39_128_18_2020-03-03 04:10:37.910882,2,CA-308,2-39-128-18,America/Los_Angeles,,,,,,,,,,,,,,,,,,1.0333333333333334,0 days 01:02:00,-1 days +23:59:41,"Drizzle, not freezing, continuous",5,5-6
1714,5e740e9ff9af8b7848854fc2,39,2020-03-03 14:23:35,2020-03-04 01:03:56,2020-03-03 15:29:11,3.259,2_39_79_381_2020-03-03 14:23:34.551179,2,CA-490,2-39-79-381,America/Los_Angeles,1007.0,400.0,16.0,40.0,466.0,"Tue, 03 Mar 2020 14:23:52 GMT",True,"Tue, 03 Mar 2020 22:09:35 GMT",1007.0,400.0,16.0,40.0,466.0,"Wed, 04 Mar 2020 01:02:50 GMT",True,"Tue, 03 Mar 2020 22:09:35 GMT",1007.0,10.6725,0 days 10:40:21,0 days 09:34:45,"Drizzle, not freezing, continuous",1,1-2
1715,5e740e9ff9af8b7848854fc3,39,2020-03-03 15:54:43,2020-03-04 00:25:37,2020-03-03 18:40:16,11.41,2_39_79_382_2020-03-03 15:54:42.538253,2,CA-491,2-39-79-382,America/Los_Angeles,4701.0,300.0,12.0,40.0,441.0,"Tue, 03 Mar 2020 15:54:50 GMT",True,"Tue, 03 Mar 2020 23:15:43 GMT",4701.0,,,,,,,,,8.515,0 days 08:30:54,0 days 05:45:21,"Drizzle, not freezing, continuous",0,0-1
1716,5e740e9ff9af8b7848854fc4,39,2020-03-03 16:01:26,2020-03-03 23:46:15,2020-03-03 23:47:13,0.815,2_39_79_380_2020-03-03 16:01:26.391749,2,CA-489,2-39-79-380,America/Los_Angeles,,,,,,,,,,,,,,,,,,7.746944444444445,0 days 07:44:49,-1 days +23:59:02,"Drizzle, not freezing, continuous",23,23-24
1717,5e740e9ff9af8b7848854fc5,39,2020-03-03 16:10:31,2020-03-04 00:41:02,2020-03-03 17:41:17,3.993,2_39_139_28_2020-03-03 16:10:31.120263,2,CA-303,2-39-139-28,America/Los_Angeles,1564.0,300.0,12.0,40.0,83.0,"Tue, 03 Mar 2020 16:10:35 GMT",True,"Tue, 03 Mar 2020 17:33:31 GMT",1564.0,,,,,,,,,8.508611111111112,0 days 08:30:31,0 days 06:59:45,"Drizzle, not freezing, continuous",0,0-1
1718,5e740e9ff9af8b7848854fc6,39,2020-03-03 16:14:56,2020-03-04 01:38:08,2020-03-03 20:34:23,0.855,2_39_78_366_2020-03-03 16:14:55.559738,2,CA-323,2-39-78-366,America/Los_Angeles,,,,,,,,,,,,,,,,,,9.386666666666667,0 days 09:23:12,0 days 05:03:45,"Drizzle, not freezing, continuous",1,1-2
1719,5e740e9ff9af8b7848854fc7,39,2020-03-03 16:32:54,2020-03-04 01:07:53,2020-03-03 17:48:30,4.745,2_39_79_379_2020-03-03 16:32:54.489023,2,CA-327,2-39-79-379,America/Los_Angeles,751.0,400.0,28.0,70.0,720.0,"Tue, 03 Mar 2020 16:33:17 GMT",True,"Wed, 04 Mar 2020 04:32:54 GMT",751.0,,,,,,,,,8.583055555555555,0 days 08:34:59,0 days 07:19:23,"Drizzle, not freezing, continuous",1,1-2
1720,5e740e9ff9af8b7848854fc8,39,2020-03-03 16:35:09,2020-03-04 02:32:14,2020-03-03 18:10:35,5.039,2_39_131_30_2020-03-03 16:35:09.355798,2,CA-305,2-39-131-30,America/Los_Angeles,562.0,325.0,6.5,20.0,196.0,"Tue, 03 Mar 2020 16:35:30 GMT",True,"Tue, 03 Mar 2020 19:51:09 GMT",562.0,,,,,,,,,9.95138888888889,0 days 09:57:05,0 days 08:21:39,"Drizzle, not freezing, continuous",2,2-3
1721,5e740e9ff9af8b7848854fc9,39,2020-03-03 16:49:48,2020-03-04 02:12:24,2020-03-03 19:03:07,4.587,2_39_91_437_2020-03-03 16:49:48.114129,2,CA-317,2-39-91-437,America/Los_Angeles,712.0,400.0,16.0,40.0,343.0,"Tue, 03 Mar 2020 17:53:17 GMT",True,"Tue, 03 Mar 2020 22:32:48 GMT",712.0,,,,,,,,,9.376666666666667,0 days 09:22:36,0 days 07:09:17,"Drizzle, not freezing, continuous",2,2-3
1722,5e740e9ff9af8b7848854fca,39,2020-03-03 16:57:02,2020-03-04 02:21:48,2020-03-03 19:56:00,7.312,2_39_79_378_2020-03-03 16:57:02.205699,2,CA-326,2-39-79-378,America/Los_Angeles,677.0,325.0,19.5,60.0,71.0,"Tue, 03 Mar 2020 18:09:37 GMT",True,"Tue, 03 Mar 2020 18:08:02 GMT",677.0,325.0,19.5,60.0,71.0,"Tue, 03 Mar 2020 18:12:53 GMT",True,"Tue, 03 Mar 2020 18:08:02 GMT",677.0,9.412777777777778,0 days 09:24:46,0 days 06:25:48,"Drizzle, not freezing, continuous",2,2-3
1723,5e740e9ff9af8b7848854fcb,39,2020-03-03 17:05:47,2020-03-04 00:47:38,2020-03-03 18:35:21,9.869,2_39_95_444_2020-03-03 17:05:46.563708,2,CA-497,2-39-95-444,America/Los_Angeles,1470.0,292.0,14.6,50.0,266.0,"Tue, 03 Mar 2020 17:05:57 GMT",True,"Tue, 03 Mar 2020 21:31:47 GMT",1470.0,,,,,,,,,7.6975,0 days 07:41:51,0 days 06:12:17,"Drizzle, not freezing, continuous",0,0-1
1724,5e740e9ff9af8b7848854fcc,39,2020-03-03 17:06:44,2020-03-04 02:35:14,2020-03-03 18:26:11,7.529,2_39_89_25_2020-03-03 17:06:43.591988,2,CA-315,2-39-89-25,America/Los_Angeles,431.0,300.0,21.0,70.0,270.0,"Tue, 03 Mar 2020 17:07:02 GMT",True,"Tue, 03 Mar 2020 21:36:44 GMT",431.0,,,,,,,,,9.475,0 days 09:28:30,0 days 08:09:03,"Drizzle, not freezing, continuous",2,2-3
1725,5e740e9ff9af8b7848854fcd,39,2020-03-03 17:17:40,2020-03-04 03:14:34,2020-03-03 19:03:32,5.742,2_39_127_19_2020-03-03 17:17:40.203845,2,CA-309,2-39-127-19,America/Los_Angeles,567.0,400.0,8.0,20.0,61.0,"Tue, 03 Mar 2020 17:17:48 GMT",True,"Tue, 03 Mar 2020 18:18:40 GMT",567.0,400.0,8.0,20.0,418.0,"Tue, 03 Mar 2020 17:19:01 GMT",True,"Wed, 04 Mar 2020 00:15:40 GMT",567.0,9.948333333333334,0 days 09:56:54,0 days 08:11:02,"Drizzle, not freezing, continuous",3,3-4
1726,5e740e9ff9af8b7848854fce,39,2020-03-03 17:26:16,2020-03-04 00:01:43,2020-03-03 18:52:38,4.269,2_39_90_440_2020-03-03 17:26:16.114497,2,CA-500,2-39-90-440,America/Los_Angeles,743.0,400.0,8.0,20.0,501.0,"Tue, 03 Mar 2020 17:26:33 GMT",True,"Wed, 04 Mar 2020 01:47:16 GMT",743.0,,,,,,,,,6.590833333333333,0 days 06:35:27,0 days 05:09:05,"Drizzle, not freezing, continuous",0,0-1
1727,5e740e9ff9af8b7848854fcf,39,2020-03-03 17:36:37,2020-03-04 00:05:53,2020-03-03 18:32:45,5.6,2_39_125_21_2020-03-03 17:36:36.589144,2,CA-311,2-39-125-21,America/Los_Angeles,1912.0,400.0,20.0,50.0,368.0,"Tue, 03 Mar 2020 17:36:39 GMT",True,"Tue, 03 Mar 2020 23:44:37 GMT",1912.0,,,,,,,,,6.487777777777778,0 days 06:29:16,0 days 05:33:08,"Drizzle, not freezing, continuous",0,0-1
1728,5e740e9ff9af8b7848854fd0,39,2020-03-03 18:08:28,2020-03-04 02:03:31,2020-03-03 19:31:13,7.974,2_39_92_436_2020-03-03 18:08:28.178149,2,CA-318,2-39-92-436,America/Los_Angeles,1095.0,400.0,16.0,40.0,444.0,"Tue, 03 Mar 2020 18:08:39 GMT",True,"Wed, 04 Mar 2020 01:32:28 GMT",1095.0,,,,,,,,,7.9175,0 days 07:55:03,0 days 06:32:18,"Drizzle, not freezing, continuous",2,2-3
1729,5e740e9ff9af8b7848854fd1,39,2020-03-03 18:08:47,2020-03-04 01:10:30,2020-03-03 20:32:53,9.604,2_39_79_376_2020-03-03 18:08:47.338861,2,CA-324,2-39-79-376,America/Los_Angeles,1137.0,400.0,28.0,70.0,368.0,"Tue, 03 Mar 2020 18:09:02 GMT",True,"Wed, 04 Mar 2020 00:16:47 GMT",1137.0,,,,,,,,,7.028611111111111,0 days 07:01:43,0 days 04:37:37,"Drizzle, not freezing, continuous",1,1-2
1730,5e740e9ff9af8b7848854fd2,39,2020-03-03 18:31:42,2020-03-03 19:46:39,2020-03-03 19:44:05,6.77,2_39_123_23_2020-03-03 18:31:42.466906,2,CA-313,2-39-123-23,America/Los_Angeles,798.0,400.0,16.0,40.0,102.0,"Tue, 03 Mar 2020 18:32:27 GMT",True,"Tue, 03 Mar 2020 20:13:42 GMT",798.0,,,,,,,,,1.2491666666666668,0 days 01:14:57,0 days 00:02:34,"Drizzle, not freezing, continuous",19,19-20
1731,5e740e9ff9af8b7848854fd3,39,2020-03-03 18:35:15,2020-03-04 02:44:27,2020-03-04 02:44:22,7.106,2_39_78_360_2020-03-03 18:35:15.123216,2,CA-322,2-39-78-360,America/Los_Angeles,714.0,400.0,32.0,80.0,461.0,"Tue, 03 Mar 2020 18:35:31 GMT",True,"Wed, 04 Mar 2020 02:16:15 GMT",714.0,,,,,,,,,8.153333333333334,0 days 08:09:12,0 days 00:00:05,"Drizzle, not freezing, continuous",2,2-3
1732,5e740e9ff9af8b7848854fd4,39,2020-03-03 18:52:41,2020-03-04 00:53:19,2020-03-03 19:57:02,2.154,2_39_88_24_2020-03-03 18:52:40.707815,2,CA-314,2-39-88-24,America/Los_Angeles,1082.0,400.0,8.0,20.0,64.0,"Tue, 03 Mar 2020 18:52:49 GMT",True,"Tue, 03 Mar 2020 19:56:41 GMT",1082.0,,,,,,,,,6.010555555555555,0 days 06:00:38,0 days 04:56:17,"Drizzle, not freezing, continuous",0,0-1
1733,5e740e9ff9af8b7848854fd5,39,2020-03-03 19:06:54,2020-03-03 20:34:38,2020-03-03 19:37:14,0.908,2_39_124_22_2020-03-03 19:06:54.389470,2,CA-312,2-39-124-22,America/Los_Angeles,,,,,,,,,,,,,,,,,,1.4622222222222223,0 days 01:27:44,0 days 00:57:24,"Drizzle, not freezing, continuous",20,20-21
1734,5e740e9ff9af8b7848854fd6,39,2020-03-03 19:20:20,2020-03-03 21:12:11,2020-03-03 19:51:24,0.776,2_39_90_26_2020-03-03 19:20:20.265476,2,CA-316,2-39-90-26,America/Los_Angeles,,,,,,,,,,,,,,,,,,1.8641666666666667,0 days 01:51:51,0 days 01:20:47,"Drizzle, not freezing, continuous",21,21-22
1735,5e740e9ff9af8b7848854fd7,39,2020-03-03 19:48:21,2020-03-04 00:12:31,2020-03-04 00:12:26,14.845,2_39_79_383_2020-03-03 19:48:21.440417,2,CA-492,2-39-79-383,America/Los_Angeles,671.0,267.0,26.7,100.0,352.0,"Tue, 03 Mar 2020 19:48:43 GMT",True,"Wed, 04 Mar 2020 01:40:21 GMT",671.0,,,,,,,,,4.402777777777778,0 days 04:24:10,0 days 00:00:05,"Drizzle, not freezing, continuous",0,0-1
1736,5e740e9ff9af8b7848854fd8,39,2020-03-03 19:52:02,2020-03-03 20:47:56,2020-03-03 20:47:51,2.582,2_39_123_23_2020-03-03 19:51:46.814877,2,CA-313,2-39-123-23,America/Los_Angeles,1093.0,333.0,9.99,30.0,438.0,"Tue, 03 Mar 2020 19:52:01 GMT",True,"Wed, 04 Mar 2020 03:10:02 GMT",1093.0,,,,,,,,,0.9316666666666666,0 days 00:55:54,0 days 00:00:05,"Drizzle, not freezing, continuous",20,20-21
1737,5e740e9ff9af8b7848854fd9,39,2020-03-03 20:19:34,2020-03-04 02:23:25,2020-03-03 22:28:48,7.225,2_39_92_442_2020-03-03 20:19:33.762130,2,CA-498,2-39-92-442,America/Los_Angeles,515.0,400.0,12.0,30.0,250.0,"Tue, 03 Mar 2020 20:20:05 GMT",True,"Wed, 04 Mar 2020 00:29:34 GMT",515.0,,,,,,,,,6.064166666666667,0 days 06:03:51,0 days 03:54:37,"Drizzle, not freezing, continuous",2,2-3
1738,5e740e9ff9af8b7848854fda,39,2020-03-03 20:38:51,2020-03-04 00:30:34,2020-03-03 22:04:26,4.211,2_39_124_22_2020-03-03 20:38:51.453407,2,CA-312,2-39-124-22,America/Los_Angeles,1366.0,400.0,8.0,20.0,60.0,"Tue, 03 Mar 2020 20:39:00 GMT",True,"Tue, 03 Mar 2020 21:38:51 GMT",1366.0,,,,,,,,,3.8619444444444446,0 days 03:51:43,0 days 02:26:08,"Drizzle, not freezing, continuous",0,0-1
1739,5e740e9ff9af8b7848854fdb,39,2020-03-03 20:57:27,2020-03-04 02:53:38,2020-03-04 00:27:53,22.948,2_39_123_23_2020-03-03 20:57:26.977715,2,CA-313,2-39-123-23,America/Los_Angeles,3270.0,200.0,40.0,200.0,63.0,"Tue, 03 Mar 2020 21:00:03 GMT",True,"Tue, 03 Mar 2020 22:00:27 GMT",3270.0,,,,,,,,,5.936388888888889,0 days 05:56:11,0 days 02:25:45,"Drizzle, not freezing, continuous",2,2-3
1740,5e740e9ff9af8b7848854fdc,39,2020-03-03 20:59:57,2020-03-04 00:55:57,2020-03-03 21:30:53,0.864,2_39_95_27_2020-03-03 20:59:57.468559,2,CA-319,2-39-95-27,America/Los_Angeles,,,,,,,,,,,,,,,,,,3.933333333333333,0 days 03:56:00,0 days 03:25:04,"Drizzle, not freezing, continuous",0,0-1
1741,5e740e9ff9af8b7848854fdd,39,2020-03-03 21:26:35,2020-03-04 03:14:23,2020-03-04 01:33:58,0.901,2_39_78_363_2020-03-03 21:26:35.303907,2,CA-320,2-39-78-363,America/Los_Angeles,,,,,,,,,,,,,,,,,,5.796666666666667,0 days 05:47:48,0 days 01:40:25,"Drizzle, not freezing, continuous",3,3-4
1742,5e740e9ff9af8b7848854fde,39,2020-03-03 21:54:31,2020-03-04 02:44:53,2020-03-03 23:42:41,0.895,2_39_91_441_2020-03-03 21:54:31.104781,2,CA-499,2-39-91-441,America/Los_Angeles,,,,,,,,,,,,,,,,,,4.839444444444444,0 days 04:50:22,0 days 03:02:12,"Drizzle, not freezing, continuous",2,2-3
1743,5e740e9ff9af8b7848854fdf,39,2020-03-03 22:09:18,2020-03-04 02:23:09,2020-03-03 22:40:22,0.882,2_39_123_557_2020-03-03 22:09:18.122500,2,CA-503,2-39-123-557,America/Los_Angeles,,,,,,,,,,,,,,,,,,4.230833333333333,0 days 04:13:51,0 days 03:42:47,"Drizzle, not freezing, continuous",2,2-3
1744,5e740e9ff9af8b7848854fe0,39,2020-03-03 23:46:34,2020-03-04 00:47:47,2020-03-04 00:47:39,2.766,2_39_79_380_2020-03-03 23:46:34.296620,2,CA-489,2-39-79-380,America/Los_Angeles,3389.0,400.0,8.0,20.0,198.0,"Tue, 03 Mar 2020 23:46:54 GMT",True,"Wed, 04 Mar 2020 03:04:34 GMT",3389.0,,,,,,,,,1.0202777777777778,0 days 01:01:13,0 days 00:00:08,"Drizzle, not freezing, continuous",0,0-1
1745,5e740e9ff9af8b7848854fe1,39,2020-03-04 01:14:32,2020-03-04 02:42:05,2020-03-04 02:42:00,4.572,2_39_139_28_2020-03-04 01:14:31.692921,2,CA-303,2-39-139-28,America/Los_Angeles,365.0,333.0,9.99,30.0,104.0,"Wed, 04 Mar 2020 01:14:44 GMT",True,"Wed, 04 Mar 2020 02:58:32 GMT",365.0,,,,,,,,,1.4591666666666667,0 days 01:27:33,0 days 00:00:05,"Drizzle, not freezing, continuous",2,2-3
1746,5e740e9ff9af8b7848854fe2,39,2020-03-04 04:21:03,2020-03-04 05:47:45,2020-03-04 05:47:40,4.813,2_39_139_28_2020-03-04 04:21:03.232138,2,CA-303,2-39-139-28,America/Los_Angeles,1263.0,400.0,8.0,20.0,115.0,"Wed, 04 Mar 2020 04:22:30 GMT",True,"Wed, 04 Mar 2020 06:16:03 GMT",1263.0,,,,,,,,,1.445,0 days 01:26:42,0 days 00:00:05,"Drizzle, not freezing, continuous",5,5-6
1747,5e756020f9af8b7bfd91e205,39,2020-03-04 14:44:53,2020-03-05 21:02:14,2020-03-04 18:48:58,13.595,2_39_79_383_2020-03-04 14:44:52.748157,2,CA-492,2-39-79-383,America/Los_Angeles,4913.0,400.0,20.0,50.0,634.0,"Wed, 04 Mar 2020 14:45:18 GMT",True,"Thu, 05 Mar 2020 01:18:53 GMT",4913.0,,,,,,,,,30.289166666666667,1 days 06:17:21,1 days 02:13:16,"Drizzle, not freezing, continuous",21,21-22
1748,5e756020f9af8b7bfd91e206,39,2020-03-04 15:19:13,2020-03-05 01:04:24,2020-03-04 17:00:17,10.441,2_39_139_28_2020-03-04 15:19:12.758016,2,CA-303,2-39-139-28,America/Los_Angeles,630.0,400.0,24.0,60.0,244.0,"Wed, 04 Mar 2020 15:19:22 GMT",True,"Wed, 04 Mar 2020 19:23:13 GMT",630.0,,,,,,,,,9.753055555555555,0 days 09:45:11,0 days 08:04:07,"Drizzle, not freezing, continuous",1,1-2
1749,5e756020f9af8b7bfd91e207,39,2020-03-04 16:09:11,2020-03-04 21:13:00,2020-03-04 16:39:39,0.819,2_39_79_380_2020-03-04 16:09:10.712036,2,CA-489,2-39-79-380,America/Los_Angeles,,,,,,,,,,,,,,,,,,5.063611111111111,0 days 05:03:49,0 days 04:33:21,"Drizzle, not freezing, continuous",21,21-22
1750,5e756020f9af8b7bfd91e208,39,2020-03-04 16:16:24,2020-03-05 04:03:38,2020-03-04 16:47:28,0.838,2_39_89_25_2020-03-04 16:16:24.466221,2,CA-315,2-39-89-25,America/Los_Angeles,,,,,,,,,,,,,,,,,,11.787222222222223,0 days 11:47:14,0 days 11:16:10,"Drizzle, not freezing, continuous",4,4-5
1751,5e756020f9af8b7bfd91e209,39,2020-03-04 16:35:44,2020-03-04 20:24:00,2020-03-04 18:54:47,5.591,2_39_78_365_2020-03-04 16:35:43.530631,2,CA-321,2-39-78-365,America/Los_Angeles,562.0,325.0,6.5,20.0,196.0,"Wed, 04 Mar 2020 16:36:19 GMT",True,"Wed, 04 Mar 2020 19:51:44 GMT",562.0,,,,,,,,,3.8044444444444445,0 days 03:48:16,0 days 01:29:13,"Drizzle, not freezing, continuous",20,20-21
1752,5e756020f9af8b7bfd91e20a,39,2020-03-04 16:45:47,2020-03-05 01:36:47,2020-03-04 18:02:52,4.298,2_39_129_17_2020-03-04 16:45:46.830825,2,CA-307,2-39-129-17,America/Los_Angeles,712.0,400.0,16.0,40.0,343.0,"Wed, 04 Mar 2020 16:46:14 GMT",True,"Wed, 04 Mar 2020 22:28:47 GMT",712.0,,,,,,,,,8.85,0 days 08:51:00,0 days 07:33:55,"Drizzle, not freezing, continuous",1,1-2
1753,5e756020f9af8b7bfd91e20b,39,2020-03-04 16:49:00,2020-03-05 01:24:07,2020-03-04 17:15:35,0.92,2_39_138_29_2020-03-04 16:48:59.825542,2,CA-304,2-39-138-29,America/Los_Angeles,1366.0,400.0,8.0,20.0,60.0,"Wed, 04 Mar 2020 16:49:22 GMT",True,"Wed, 04 Mar 2020 17:49:00 GMT",1366.0,,,,,,,,,8.585277777777778,0 days 08:35:07,0 days 08:08:32,"Drizzle, not freezing, continuous",1,1-2
1754,5e756020f9af8b7bfd91e20c,39,2020-03-04 16:50:40,2020-03-05 00:34:26,2020-03-05 00:35:25,9.016,2_39_78_362_2020-03-04 16:50:40.054426,2,CA-496,2-39-78-362,America/Los_Angeles,1470.0,292.0,17.52,60.0,266.0,"Wed, 04 Mar 2020 16:51:14 GMT",True,"Wed, 04 Mar 2020 21:16:40 GMT",1470.0,,,,,,,,,7.729444444444445,0 days 07:43:46,-1 days +23:59:01,"Drizzle, not freezing, continuous",0,0-1
1755,5e756020f9af8b7bfd91e20d,39,2020-03-04 16:59:49,2020-03-05 00:57:21,2020-03-04 17:29:57,0.829,2_39_79_376_2020-03-04 16:59:48.844435,2,CA-324,2-39-79-376,America/Los_Angeles,,,,,,,,,,,,,,,,,,7.958888888888889,0 days 07:57:32,0 days 07:27:24,"Drizzle, not freezing, continuous",0,0-1
1756,5e756020f9af8b7bfd91e20e,39,2020-03-04 17:03:36,2020-03-05 00:07:33,2020-03-04 19:11:24,13.189,2_39_128_18_2020-03-04 17:03:36.056633,2,CA-308,2-39-128-18,America/Los_Angeles,1912.0,400.0,20.0,50.0,368.0,"Wed, 04 Mar 2020 17:03:46 GMT",True,"Wed, 04 Mar 2020 23:11:36 GMT",1912.0,,,,,,,,,7.065833333333333,0 days 07:03:57,0 days 04:56:09,"Drizzle, not freezing, continuous",0,0-1
1757,5e756020f9af8b7bfd91e20f,39,2020-03-04 17:10:27,2020-03-05 00:33:42,2020-03-04 18:38:15,4.307,2_39_90_440_2020-03-04 17:10:26.694118,2,CA-500,2-39-90-440,America/Los_Angeles,743.0,400.0,8.0,20.0,501.0,"Wed, 04 Mar 2020 17:10:34 GMT",True,"Thu, 05 Mar 2020 01:31:27 GMT",743.0,,,,,,,,,7.3875,0 days 07:23:15,0 days 05:55:27,"Drizzle, not freezing, continuous",0,0-1
1758,5e756020f9af8b7bfd91e210,39,2020-03-04 17:13:21,2020-03-04 23:19:50,2020-03-04 17:43:37,0.857,2_39_127_19_2020-03-04 17:13:20.955784,2,CA-309,2-39-127-19,America/Los_Angeles,,,,,,,,,,,,,,,,,,6.108055555555556,0 days 06:06:29,0 days 05:36:13,"Drizzle, not freezing, continuous",23,23-24
1759,5e756020f9af8b7bfd91e211,39,2020-03-04 17:14:13,2020-03-04 22:04:54,2020-03-04 21:11:06,0.864,2_39_123_23_2020-03-04 17:14:12.794268,2,CA-313,2-39-123-23,America/Los_Angeles,,,,,,,,,,,,,,,,,,4.844722222222222,0 days 04:50:41,0 days 00:53:48,"Drizzle, not freezing, continuous",22,22-23
1760,5e756020f9af8b7bfd91e212,39,2020-03-04 17:15:32,2020-03-05 03:24:06,2020-03-04 19:03:18,5.806,2_39_125_21_2020-03-04 17:15:31.712825,2,CA-311,2-39-125-21,America/Los_Angeles,567.0,400.0,8.0,20.0,418.0,"Wed, 04 Mar 2020 17:15:41 GMT",True,"Thu, 05 Mar 2020 00:13:32 GMT",567.0,,,,,,,,,10.142777777777777,0 days 10:08:34,0 days 08:20:48,"Drizzle, not freezing, continuous",3,3-4
1761,5e756020f9af8b7bfd91e213,39,2020-03-04 17:22:15,2020-03-05 00:00:03,2020-03-04 18:41:22,2.969,2_39_79_382_2020-03-04 17:22:14.527339,2,CA-491,2-39-79-382,America/Los_Angeles,4701.0,300.0,9.0,30.0,352.0,"Wed, 04 Mar 2020 17:22:21 GMT",True,"Wed, 04 Mar 2020 23:14:15 GMT",4701.0,,,,,,,,,6.63,0 days 06:37:48,0 days 05:18:41,"Drizzle, not freezing, continuous",0,0-1
1762,5e756020f9af8b7bfd91e214,39,2020-03-04 17:29:44,2020-03-05 01:12:07,2020-03-04 19:16:07,3.948,2_39_91_437_2020-03-04 17:29:44.133912,2,CA-317,2-39-91-437,America/Los_Angeles,1364.0,400.0,28.0,70.0,182.0,"Wed, 04 Mar 2020 17:29:50 GMT",True,"Wed, 04 Mar 2020 20:31:44 GMT",1364.0,,,,,,,,,7.706388888888889,0 days 07:42:23,0 days 05:56:00,"Drizzle, not freezing, continuous",1,1-2
1763,5e756020f9af8b7bfd91e215,39,2020-03-04 17:30:02,2020-03-05 01:08:55,2020-03-05 00:17:25,1.132,2_39_79_377_2020-03-04 17:30:02.092903,2,CA-325,2-39-79-377,America/Los_Angeles,,,,,,,,,,,,,,,,,,7.648055555555556,0 days 07:38:53,0 days 00:51:30,"Drizzle, not freezing, continuous",1,1-2
1764,5e756020f9af8b7bfd91e216,39,2020-03-04 17:31:31,2020-03-05 01:21:10,2020-03-04 20:56:46,15.391,2_39_78_360_2020-03-04 17:31:31.052383,2,CA-322,2-39-78-360,America/Los_Angeles,3853.0,360.0,32.4,90.0,452.0,"Wed, 04 Mar 2020 17:32:01 GMT",True,"Thu, 05 Mar 2020 01:03:31 GMT",3853.0,,,,,,,,,7.8275,0 days 07:49:39,0 days 04:24:24,"Drizzle, not freezing, continuous",1,1-2
1765,5e756020f9af8b7bfd91e217,39,2020-03-04 17:35:49,2020-03-05 02:07:49,2020-03-04 20:37:46,10.313,2_39_78_366_2020-03-04 17:35:49.188099,2,CA-323,2-39-78-366,America/Los_Angeles,677.0,325.0,19.5,60.0,71.0,"Wed, 04 Mar 2020 17:36:53 GMT",True,"Wed, 04 Mar 2020 18:46:49 GMT",677.0,325.0,19.5,60.0,301.0,"Wed, 04 Mar 2020 21:27:36 GMT",True,"Wed, 04 Mar 2020 22:36:49 GMT",677.0,8.533333333333333,0 days 08:32:00,0 days 05:30:03,"Drizzle, not freezing, continuous",2,2-3
1766,5e756020f9af8b7bfd91e218,39,2020-03-04 17:36:02,2020-03-05 02:18:46,2020-03-04 19:42:23,14.226,2_39_95_27_2020-03-04 17:36:01.718496,2,CA-319,2-39-95-27,America/Los_Angeles,714.0,400.0,32.0,80.0,461.0,"Wed, 04 Mar 2020 17:36:12 GMT",True,"Thu, 05 Mar 2020 01:17:02 GMT",714.0,400.0,32.0,80.0,403.0,"Wed, 04 Mar 2020 17:36:26 GMT",True,"Thu, 05 Mar 2020 00:19:02 GMT",714.0,8.712222222222222,0 days 08:42:44,0 days 06:36:23,"Drizzle, not freezing, continuous",2,2-3
1767,5e756020f9af8b7bfd91e219,39,2020-03-04 17:45:01,2020-03-05 01:16:38,2020-03-04 20:00:34,7.547,2_39_126_20_2020-03-04 17:45:00.945264,2,CA-310,2-39-126-20,America/Los_Angeles,620.0,400.0,8.0,20.0,441.0,"Wed, 04 Mar 2020 17:45:26 GMT",True,"Thu, 05 Mar 2020 01:06:01 GMT",620.0,,,,,,,,,7.526944444444444,0 days 07:31:37,0 days 05:16:04,"Drizzle, not freezing, continuous",1,1-2
1768,5e756020f9af8b7bfd91e21a,39,2020-03-04 17:50:16,2020-03-04 23:20:30,2020-03-04 19:49:16,12.519,2_39_123_557_2020-03-04 17:50:15.939787,2,CA-503,2-39-123-557,America/Los_Angeles,668.0,400.0,16.0,40.0,424.0,"Wed, 04 Mar 2020 17:51:06 GMT",True,"Thu, 05 Mar 2020 00:54:16 GMT",668.0,400.0,16.0,40.0,424.0,"Wed, 04 Mar 2020 18:19:55 GMT",True,"Thu, 05 Mar 2020 00:54:16 GMT",668.0,5.503888888888889,0 days 05:30:14,0 days 03:31:14,"Drizzle, not freezing, continuous",23,23-24
1769,5e756020f9af8b7bfd91e21b,39,2020-03-04 17:50:40,2020-03-05 03:15:30,2020-03-04 19:43:46,11.64,2_39_92_436_2020-03-04 17:50:39.997512,2,CA-318,2-39-92-436,America/Los_Angeles,558.0,400.0,24.0,60.0,60.0,"Wed, 04 Mar 2020 17:50:43 GMT",True,"Wed, 04 Mar 2020 18:50:40 GMT",558.0,,,,,,,,,9.41388888888889,0 days 09:24:50,0 days 07:31:44,"Drizzle, not freezing, continuous",3,3-4
1770,5e756020f9af8b7bfd91e21c,39,2020-03-04 18:09:39,2020-03-05 02:09:18,2020-03-04 20:12:16,12.317,2_39_88_24_2020-03-04 18:09:39.495323,2,CA-314,2-39-88-24,America/Los_Angeles,1095.0,400.0,16.0,40.0,444.0,"Wed, 04 Mar 2020 18:09:47 GMT",True,"Thu, 05 Mar 2020 01:33:39 GMT",1095.0,,,,,,,,,7.994166666666667,0 days 07:59:39,0 days 05:57:02,"Drizzle, not freezing, continuous",2,2-3
1771,5e756020f9af8b7bfd91e21d,39,2020-03-04 18:26:07,2020-03-04 19:29:22,2020-03-04 19:22:44,5.524,2_39_124_22_2020-03-04 18:26:07.211283,2,CA-312,2-39-124-22,America/Los_Angeles,710.0,400.0,24.0,60.0,94.0,"Wed, 04 Mar 2020 18:26:38 GMT",True,"Wed, 04 Mar 2020 20:00:07 GMT",710.0,,,,,,,,,1.0541666666666667,0 days 01:03:15,0 days 00:06:38,"Drizzle, not freezing, continuous",19,19-20
1772,5e756020f9af8b7bfd91e21e,39,2020-03-04 20:28:05,2020-03-05 01:38:21,2020-03-04 20:41:05,0.896,2_39_124_22_2020-03-04 20:28:05.170797,2,CA-312,2-39-124-22,America/Los_Angeles,710.0,400.0,24.0,60.0,94.0,"Wed, 04 Mar 2020 20:28:34 GMT",True,"Wed, 04 Mar 2020 22:02:05 GMT",710.0,,,,,,,,,5.171111111111111,0 days 05:10:16,0 days 04:57:16,"Drizzle, not freezing, continuous",1,1-2
1773,5e756020f9af8b7bfd91e21f,39,2020-03-04 20:57:56,2020-03-04 23:59:28,2020-03-04 22:19:38,4.115,2_39_78_367_2020-03-04 20:57:55.806549,2,CA-494,2-39-78-367,America/Los_Angeles,891.0,400.0,8.0,20.0,216.0,"Wed, 04 Mar 2020 20:58:00 GMT",True,"Thu, 05 Mar 2020 00:33:56 GMT",891.0,,,,,,,,,3.0255555555555556,0 days 03:01:32,0 days 01:39:50,"Drizzle, not freezing, continuous",23,23-24
1774,5e756020f9af8b7bfd91e220,39,2020-03-04 21:09:28,2020-03-05 03:29:02,2020-03-04 23:07:29,6.489,2_39_91_441_2020-03-04 21:09:28.255011,2,CA-499,2-39-91-441,America/Los_Angeles,1124.0,400.0,8.0,20.0,60.0,"Wed, 04 Mar 2020 21:09:49 GMT",True,"Wed, 04 Mar 2020 22:09:28 GMT",1124.0,,,,,,,,,6.3261111111111115,0 days 06:19:34,0 days 04:21:33,"Drizzle, not freezing, continuous",3,3-4
1775,5e756020f9af8b7bfd91e221,39,2020-03-04 22:09:38,2020-03-05 03:50:03,2020-03-05 03:49:58,38.057,2_39_123_23_2020-03-04 22:09:28.431781,2,CA-313,2-39-123-23,America/Los_Angeles,2743.0,240.0,60.0,250.0,577.0,"Wed, 04 Mar 2020 22:09:38 GMT",True,"Thu, 05 Mar 2020 07:46:38 GMT",2743.0,,,,,,,,,5.673611111111111,0 days 05:40:25,0 days 00:00:05,"Drizzle, not freezing, continuous",3,3-4
1776,5e756020f9af8b7bfd91e222,39,2020-03-04 22:13:48,2020-03-05 01:38:39,2020-03-04 23:45:01,4.762,2_39_90_26_2020-03-04 22:13:47.805247,2,CA-316,2-39-90-26,America/Los_Angeles,2170.0,400.0,28.0,70.0,417.0,"Wed, 04 Mar 2020 22:14:14 GMT",True,"Thu, 05 Mar 2020 05:10:48 GMT",2170.0,,,,,,,,,3.4141666666666666,0 days 03:24:51,0 days 01:53:38,"Drizzle, not freezing, continuous",1,1-2
1777,5e756020f9af8b7bfd91e223,39,2020-03-05 04:48:55,2020-03-05 05:58:44,2020-03-05 05:58:39,3.885,2_39_131_30_2020-03-05 04:48:55.007446,2,CA-305,2-39-131-30,America/Los_Angeles,4622.0,300.0,6.0,20.0,61.0,"Thu, 05 Mar 2020 04:49:21 GMT",True,"Thu, 05 Mar 2020 05:49:55 GMT",4622.0,,,,,,,,,1.1636111111111112,0 days 01:09:49,0 days 00:00:05,"Drizzle, not freezing, continuous",5,5-6
1778,5e76b19ff9af8b7fd368f9c7,39,2020-03-05 15:41:47,2020-03-05 17:05:12,2020-03-05 17:03:58,0.885,2_39_78_366_2020-03-05 15:41:47.502212,2,CA-323,2-39-78-366,America/Los_Angeles,,,,,,,,,,,,,,,,,,1.3902777777777777,0 days 01:23:25,0 days 00:01:14,"Drizzle, not freezing, continuous",17,17-18
1779,5e76b19ff9af8b7fd368f9c8,39,2020-03-05 15:47:51,2020-03-06 01:30:11,2020-03-05 17:55:23,6.69,2_39_79_382_2020-03-05 15:47:51.518370,2,CA-491,2-39-79-382,America/Los_Angeles,4701.0,300.0,9.0,30.0,480.0,"Thu, 05 Mar 2020 15:48:05 GMT",True,"Thu, 05 Mar 2020 23:47:51 GMT",4701.0,,,,,,,,,9.705555555555556,0 days 09:42:20,0 days 07:34:48,"Drizzle, not freezing, continuous",1,1-2
1780,5e76b19ff9af8b7fd368f9c9,39,2020-03-05 16:15:36,2020-03-05 23:20:44,2020-03-05 22:06:35,35.069,2_39_79_376_2020-03-05 16:15:36.067823,2,CA-324,2-39-79-376,America/Los_Angeles,3424.0,295.0,50.15,170.0,503.0,"Thu, 05 Mar 2020 16:15:54 GMT",True,"Fri, 06 Mar 2020 00:38:36 GMT",3424.0,,,,,,,,,7.085555555555556,0 days 07:05:08,0 days 01:14:09,"Drizzle, not freezing, continuous",23,23-24
1781,5e76b19ff9af8b7fd368f9ca,39,2020-03-05 16:22:46,2020-03-05 22:13:14,2020-03-05 22:10:20,1.253,2_39_79_380_2020-03-05 16:22:46.031798,2,CA-489,2-39-79-380,America/Los_Angeles,,,,,,,,,,,,,,,,,,5.841111111111111,0 days 05:50:28,0 days 00:02:54,"Drizzle, not freezing, continuous",22,22-23
1782,5e76b19ff9af8b7fd368f9cb,39,2020-03-05 16:42:38,2020-03-06 01:42:51,2020-03-05 18:04:58,4.313,2_39_139_28_2020-03-05 16:42:38.146343,2,CA-303,2-39-139-28,America/Los_Angeles,712.0,400.0,12.0,30.0,343.0,"Thu, 05 Mar 2020 16:42:46 GMT",True,"Thu, 05 Mar 2020 22:25:38 GMT",712.0,,,,,,,,,9.00361111111111,0 days 09:00:13,0 days 07:37:53,"Drizzle, not freezing, continuous",1,1-2
1783,5e76b19ff9af8b7fd368f9cc,39,2020-03-05 16:43:10,2020-03-05 19:06:03,2020-03-05 19:07:02,9.817213261647105,2_39_78_362_2020-03-05 16:43:10.433942,2,CA-496,2-39-78-362,America/Los_Angeles,1470.0,292.0,20.44,70.0,266.0,"Thu, 05 Mar 2020 16:45:39 GMT",True,"Thu, 05 Mar 2020 21:09:10 GMT",1470.0,,,,,,,,,2.381388888888889,0 days 02:22:53,-1 days +23:59:01,"Drizzle, not freezing, continuous",19,19-20
1784,5e76b19ff9af8b7fd368f9cd,39,2020-03-05 16:46:27,2020-03-06 01:06:20,2020-03-05 18:14:53,3.946,2_39_131_30_2020-03-05 16:46:27.193339,2,CA-305,2-39-131-30,America/Los_Angeles,1366.0,400.0,8.0,20.0,60.0,"Thu, 05 Mar 2020 16:46:41 GMT",True,"Thu, 05 Mar 2020 17:46:27 GMT",1366.0,,,,,,,,,8.331388888888888,0 days 08:19:53,0 days 06:51:27,"Drizzle, not freezing, continuous",1,1-2
1785,5e76b19ff9af8b7fd368f9ce,39,2020-03-05 16:50:46,2020-03-05 18:05:58,2020-03-05 17:59:33,1.368629032257786,2_39_78_363_2020-03-05 16:50:45.843167,2,CA-320,2-39-78-363,America/Los_Angeles,,,,,,,,,,,,,,,,,,1.2533333333333334,0 days 01:15:12,0 days 00:06:25,"Drizzle, not freezing, continuous",18,18-19
1786,5e76b19ff9af8b7fd368f9cf,39,2020-03-05 17:00:11,2020-03-06 01:20:19,2020-03-05 19:45:41,14.619,2_39_91_437_2020-03-05 17:00:11.265388,2,CA-317,2-39-91-437,America/Los_Angeles,431.0,300.0,21.0,70.0,270.0,"Thu, 05 Mar 2020 17:00:31 GMT",True,"Thu, 05 Mar 2020 21:30:11 GMT",431.0,,,,,,,,,8.335555555555555,0 days 08:20:08,0 days 05:34:38,"Drizzle, not freezing, continuous",1,1-2
1787,5e76b19ff9af8b7fd368f9d0,39,2020-03-05 17:06:22,2020-03-06 01:22:30,2020-03-05 17:36:11,0.823,2_39_79_379_2020-03-05 17:06:22.562956,2,CA-327,2-39-79-379,America/Los_Angeles,,,,,,,,,,,,,,,,,,8.268888888888888,0 days 08:16:08,0 days 07:46:19,"Drizzle, not freezing, continuous",1,1-2
1788,5e76b19ff9af8b7fd368f9d1,39,2020-03-05 17:09:24,2020-03-06 01:17:15,2020-03-05 18:57:29,5.224,2_39_89_25_2020-03-05 17:09:24.354256,2,CA-315,2-39-89-25,America/Los_Angeles,743.0,400.0,8.0,20.0,457.0,"Thu, 05 Mar 2020 17:10:23 GMT",True,"Fri, 06 Mar 2020 00:46:24 GMT",743.0,,,,,,,,,8.130833333333333,0 days 08:07:51,0 days 06:19:46,"Drizzle, not freezing, continuous",1,1-2
1789,5e76b19ff9af8b7fd368f9d2,39,2020-03-05 17:20:28,2020-03-06 00:43:22,2020-03-05 17:59:05,1.485,2_39_90_440_2020-03-05 17:20:28.100396,2,CA-500,2-39-90-440,America/Los_Angeles,3447.0,375.0,15.0,40.0,420.0,"Thu, 05 Mar 2020 17:21:53 GMT",True,"Fri, 06 Mar 2020 00:20:28 GMT",3447.0,,,,,,,,,7.381666666666667,0 days 07:22:54,0 days 06:44:17,"Drizzle, not freezing, continuous",0,0-1
1790,5e76b19ff9af8b7fd368f9d3,39,2020-03-05 17:33:44,2020-03-06 02:21:39,2020-03-06 02:21:15,1.195,2_39_95_27_2020-03-05 17:33:44.518940,2,CA-319,2-39-95-27,America/Los_Angeles,,,,,,,,,,,,,,,,,,8.79861111111111,0 days 08:47:55,0 days 00:00:24,"Drizzle, not freezing, continuous",2,2-3
1791,5e76b19ff9af8b7fd368f9d4,39,2020-03-05 17:34:28,2020-03-06 01:10:13,2020-03-06 01:05:21,1.19,2_39_125_21_2020-03-05 17:34:29.789062,2,CA-311,2-39-125-21,America/Los_Angeles,,,,,,,,,,,,,,,,,,7.595833333333333,0 days 07:35:45,0 days 00:04:52,"Drizzle, not freezing, continuous",1,1-2
1792,5e76b19ff9af8b7fd368f9d5,39,2020-03-05 17:37:09,2020-03-06 00:37:10,2020-03-06 00:35:29,1.395,2_39_78_365_2020-03-05 17:37:09.405216,2,CA-321,2-39-78-365,America/Los_Angeles,,,,,,,,,,,,,,,,,,7.000277777777778,0 days 07:00:01,0 days 00:01:41,"Drizzle, not freezing, continuous",0,0-1
1793,5e76b19ff9af8b7fd368f9d6,39,2020-03-05 17:39:47,2020-03-05 18:57:59,2020-03-05 18:54:08,0.928,2_39_78_366_2020-03-05 17:39:47.343016,2,CA-323,2-39-78-366,America/Los_Angeles,,,,,,,,,,,,,,,,,,1.3033333333333332,0 days 01:18:12,0 days 00:03:51,"Drizzle, not freezing, continuous",18,18-19
1794,5e76b19ff9af8b7fd368f9d7,39,2020-03-05 17:42:39,2020-03-06 01:39:47,2020-03-06 01:24:58,1.354,2_39_79_381_2020-03-05 17:42:39.019243,2,CA-490,2-39-79-381,America/Los_Angeles,,,,,,,,,,,,,,,,,,7.952222222222222,0 days 07:57:08,0 days 00:14:49,"Drizzle, not freezing, continuous",1,1-2
1795,5e76b19ff9af8b7fd368f9d8,39,2020-03-05 17:43:24,2020-03-06 02:53:16,2020-03-05 18:35:27,1.521,2_39_90_26_2020-03-05 17:43:23.827125,2,CA-316,2-39-90-26,America/Los_Angeles,324.0,444.0,8.88,20.0,101.0,"Thu, 05 Mar 2020 17:44:44 GMT",True,"Thu, 05 Mar 2020 19:24:24 GMT",324.0,444.0,8.88,20.0,101.0,"Thu, 05 Mar 2020 17:45:19 GMT",True,"Thu, 05 Mar 2020 19:24:24 GMT",324.0,9.164444444444445,0 days 09:09:52,0 days 08:17:49,"Drizzle, not freezing, continuous",2,2-3
1796,5e76b19ff9af8b7fd368f9d9,39,2020-03-05 17:45:29,2020-03-06 01:45:12,2020-03-05 21:55:38,17.762,2_39_78_361_2020-03-05 17:45:29.132151,2,CA-493,2-39-78-361,America/Los_Angeles,1137.0,400.0,40.0,100.0,401.0,"Thu, 05 Mar 2020 17:45:49 GMT",True,"Fri, 06 Mar 2020 00:26:29 GMT",1137.0,,,,,,,,,7.995277777777778,0 days 07:59:43,0 days 03:49:34,"Drizzle, not freezing, continuous",1,1-2
1797,5e76b19ff9af8b7fd368f9da,39,2020-03-05 17:55:33,2020-03-06 01:11:30,2020-03-05 20:05:38,6.293,2_39_123_23_2020-03-05 17:55:33.434004,2,CA-313,2-39-123-23,America/Los_Angeles,5594.0,360.0,7.2,20.0,244.0,"Thu, 05 Mar 2020 17:56:02 GMT",True,"Thu, 05 Mar 2020 21:59:33 GMT",5594.0,,,,,,,,,7.265833333333333,0 days 07:15:57,0 days 05:05:52,"Drizzle, not freezing, continuous",1,1-2
1798,5e76b19ff9af8b7fd368f9db,39,2020-03-05 18:17:21,2020-03-05 18:53:09,2020-03-05 18:52:09,0.948,2_39_78_363_2020-03-05 18:17:21.082226,2,CA-320,2-39-78-363,America/Los_Angeles,,,,,,,,,,,,,,,,,,0.5966666666666667,0 days 00:35:48,0 days 00:01:00,"Drizzle, not freezing, continuous",18,18-19
1799,5e76b19ff9af8b7fd368f9dc,39,2020-03-05 18:20:39,2020-03-06 02:16:46,2020-03-05 20:31:52,7.078,2_39_95_444_2020-03-05 18:20:22.677540,2,CA-497,2-39-95-444,America/Los_Angeles,515.0,400.0,12.0,30.0,250.0,"Thu, 05 Mar 2020 18:20:39 GMT",True,"Thu, 05 Mar 2020 22:30:39 GMT",515.0,400.0,12.0,30.0,250.0,"Thu, 05 Mar 2020 18:20:43 GMT",True,"Thu, 05 Mar 2020 22:30:39 GMT",515.0,7.935277777777777,0 days 07:56:07,0 days 05:44:54,"Drizzle, not freezing, continuous",2,2-3
1800,5e76b19ff9af8b7fd368f9dd,39,2020-03-05 18:21:20,2020-03-06 01:42:03,2020-03-05 20:14:49,3.5,2_39_91_441_2020-03-05 18:21:20.576347,2,CA-499,2-39-91-441,America/Los_Angeles,1095.0,400.0,16.0,40.0,444.0,"Thu, 05 Mar 2020 18:21:25 GMT",True,"Fri, 06 Mar 2020 01:45:20 GMT",1095.0,,,,,,,,,7.345277777777778,0 days 07:20:43,0 days 05:27:14,"Drizzle, not freezing, continuous",1,1-2
1801,5e76b19ff9af8b7fd368f9de,39,2020-03-05 18:25:12,2020-03-05 18:59:43,2020-03-05 18:59:11,3.071,2_39_124_22_2020-03-05 18:25:11.923981,2,CA-312,2-39-124-22,America/Los_Angeles,668.0,400.0,12.0,30.0,424.0,"Thu, 05 Mar 2020 18:25:20 GMT",True,"Fri, 06 Mar 2020 01:29:12 GMT",668.0,,,,,,,,,0.5752777777777778,0 days 00:34:31,0 days 00:00:32,"Drizzle, not freezing, continuous",18,18-19
1802,5e76b19ff9af8b7fd368f9df,39,2020-03-05 18:40:19,2020-03-06 02:46:13,2020-03-05 21:00:04,3.622,2_39_88_24_2020-03-05 18:40:18.887502,2,CA-314,2-39-88-24,America/Los_Angeles,567.0,400.0,8.0,20.0,418.0,"Thu, 05 Mar 2020 18:40:20 GMT",True,"Fri, 06 Mar 2020 01:38:19 GMT",567.0,,,,,,,,,8.098333333333333,0 days 08:05:54,0 days 05:46:09,"Drizzle, not freezing, continuous",2,2-3
1803,5e76b19ff9af8b7fd368f9e0,39,2020-03-05 19:10:11,2020-03-05 20:25:13,2020-03-05 20:22:45,0.893,2_39_78_363_2020-03-05 19:10:11.143508,2,CA-320,2-39-78-363,America/Los_Angeles,,,,,,,,,,,,,,,,,,1.2505555555555556,0 days 01:15:02,0 days 00:02:28,"Drizzle, not freezing, continuous",20,20-21
1804,5e76b19ff9af8b7fd368f9e1,39,2020-03-05 19:13:00,2020-03-05 22:15:25,2020-03-05 22:13:36,1.028,2_39_78_366_2020-03-05 19:13:00.153424,2,CA-323,2-39-78-366,America/Los_Angeles,,,,,,,,,,,,,,,,,,3.040277777777778,0 days 03:02:25,0 days 00:01:49,"Drizzle, not freezing, continuous",22,22-23
1805,5e76b19ff9af8b7fd368f9e2,39,2020-03-05 19:19:22,2020-03-06 00:09:58,2020-03-06 00:09:44,15.705,2_39_92_436_2020-03-05 19:17:47.102205,2,CA-318,2-39-92-436,America/Los_Angeles,1090.0,400.0,20.0,50.0,317.0,"Thu, 05 Mar 2020 19:19:21 GMT",True,"Fri, 06 Mar 2020 00:36:22 GMT",1090.0,,,,,,,,,4.843333333333334,0 days 04:50:36,0 days 00:00:14,"Drizzle, not freezing, continuous",0,0-1
1806,5e76b19ff9af8b7fd368f9e3,39,2020-03-05 19:20:44,2020-03-06 00:02:19,2020-03-06 00:03:14,1.2034707287894952,2_39_78_362_2020-03-05 19:20:43.853899,2,CA-496,2-39-78-362,America/Los_Angeles,,,,,,,,,,,,,,,,,,4.6930555555555555,0 days 04:41:35,-1 days +23:59:05,"Drizzle, not freezing, continuous",0,0-1
1807,5e76b19ff9af8b7fd368f9e4,39,2020-03-05 19:26:29,2020-03-05 20:31:46,2020-03-05 20:31:29,6.033,2_39_124_22_2020-03-05 19:26:28.848051,2,CA-312,2-39-124-22,America/Los_Angeles,2284.0,250.0,10.0,40.0,93.0,"Thu, 05 Mar 2020 19:32:10 GMT",True,"Thu, 05 Mar 2020 20:59:29 GMT",2284.0,250.0,20.0,80.0,93.0,"Thu, 05 Mar 2020 19:32:56 GMT",True,"Thu, 05 Mar 2020 20:59:29 GMT",2284.0,1.0880555555555556,0 days 01:05:17,0 days 00:00:17,"Drizzle, not freezing, continuous",20,20-21
1808,5e76b19ff9af8b7fd368f9e5,39,2020-03-05 19:54:59,2020-03-05 23:15:17,2020-03-05 23:14:23,21.349,2_39_78_364_2020-03-05 19:54:58.660376,2,CA-495,2-39-78-364,America/Los_Angeles,1208.0,364.0,40.04,110.0,353.0,"Thu, 05 Mar 2020 19:55:18 GMT",True,"Fri, 06 Mar 2020 01:47:59 GMT",1208.0,,,,,,,,,3.3383333333333334,0 days 03:20:18,0 days 00:00:54,"Drizzle, not freezing, continuous",23,23-24
1809,5e76b19ff9af8b7fd368f9e6,39,2020-03-05 20:41:30,2020-03-05 21:20:21,2020-03-05 21:19:55,0.976,2_39_78_363_2020-03-05 20:41:29.805142,2,CA-320,2-39-78-363,America/Los_Angeles,,,,,,,,,,,,,,,,,,0.6475,0 days 00:38:51,0 days 00:00:26,"Drizzle, not freezing, continuous",21,21-22
1810,5e76b19ff9af8b7fd368f9e7,39,2020-03-05 21:06:03,2020-03-05 21:40:12,2020-03-05 21:39:59,0.932,2_39_79_383_2020-03-05 21:06:02.765577,2,CA-492,2-39-79-383,America/Los_Angeles,,,,,,,,,,,,,,,,,,0.5691666666666667,0 days 00:34:09,0 days 00:00:13,"Drizzle, not freezing, continuous",21,21-22
1811,5e76b19ff9af8b7fd368f9e8,39,2020-03-05 21:26:07,2020-03-06 00:46:10,2020-03-06 00:00:12,14.034,2_39_78_363_2020-03-05 21:26:06.514484,2,CA-320,2-39-78-363,America/Los_Angeles,630.0,400.0,24.0,60.0,244.0,"Thu, 05 Mar 2020 21:26:46 GMT",True,"Fri, 06 Mar 2020 01:30:07 GMT",630.0,,,,,,,,,3.3341666666666665,0 days 03:20:03,0 days 00:45:58,"Drizzle, not freezing, continuous",0,0-1
1812,5e76b19ff9af8b7fd368f9e9,39,2020-03-05 22:19:25,2020-03-06 01:44:22,2020-03-06 00:43:35,7.771,2_39_127_19_2020-03-05 22:19:07.028718,2,CA-309,2-39-127-19,America/Los_Angeles,6481.0,429.0,8.58,20.0,264.0,"Thu, 05 Mar 2020 22:19:26 GMT",True,"Fri, 06 Mar 2020 02:43:25 GMT",6481.0,429.0,8.58,20.0,264.0,"Thu, 05 Mar 2020 22:20:14 GMT",True,"Fri, 06 Mar 2020 02:43:25 GMT",6481.0,3.4158333333333335,0 days 03:24:57,0 days 01:00:47,"Drizzle, not freezing, continuous",1,1-2
1813,5e76b19ff9af8b7fd368f9ea,39,2020-03-05 22:32:31,2020-03-05 23:33:01,2020-03-05 23:29:33,0.983,2_39_78_366_2020-03-05 22:32:31.431426,2,CA-323,2-39-78-366,America/Los_Angeles,,,,,,,,,,,,,,,,,,1.0083333333333333,0 days 01:00:30,0 days 00:03:28,"Drizzle, not freezing, continuous",23,23-24
1814,5e76b19ff9af8b7fd368f9eb,39,2020-03-05 23:12:33,2020-03-06 01:41:37,2020-03-06 01:41:33,15.876,2_39_79_380_2020-03-05 23:12:32.852119,2,CA-489,2-39-79-380,America/Los_Angeles,3176.0,400.0,20.0,50.0,260.0,"Thu, 05 Mar 2020 23:13:41 GMT",True,"Fri, 06 Mar 2020 03:32:33 GMT",3176.0,,,,,,,,,2.4844444444444442,0 days 02:29:04,0 days 00:00:04,"Drizzle, not freezing, continuous",1,1-2
1815,5e76b19ff9af8b7fd368f9ec,39,2020-03-06 00:03:09,2020-03-06 02:30:39,2020-03-06 02:06:57,6.038,2_39_78_360_2020-03-06 00:03:08.606001,2,CA-322,2-39-78-360,America/Los_Angeles,2244.0,400.0,8.0,20.0,60.0,"Fri, 06 Mar 2020 00:03:56 GMT",True,"Fri, 06 Mar 2020 01:03:09 GMT",2244.0,,,,,,,,,2.4583333333333335,0 days 02:27:30,0 days 00:23:42,"Drizzle, not freezing, continuous",2,2-3
1816,5e76b19ff9af8b7fd368f9ed,39,2020-03-06 00:05:11,2020-03-06 00:49:34,2020-03-06 00:40:43,0.9712305854238584,2_39_78_366_2020-03-06 00:05:11.258948,2,CA-323,2-39-78-366,America/Los_Angeles,,,,,,,,,,,,,,,,,,0.7397222222222222,0 days 00:44:23,0 days 00:08:51,"Drizzle, not freezing, continuous",0,0-1
1817,5e76b19ff9af8b7fd368f9ee,39,2020-03-06 01:38:03,2020-03-06 03:06:50,2020-03-06 02:30:15,0.937,2_39_138_29_2020-03-06 01:38:02.701987,2,CA-304,2-39-138-29,America/Los_Angeles,,,,,,,,,,,,,,,,,,1.4797222222222222,0 days 01:28:47,0 days 00:36:35,"Drizzle, not freezing, continuous",3,3-4
1818,5e76b19ff9af8b7fd368f9ef,39,2020-03-06 03:01:57,2020-03-06 04:38:05,2020-03-06 04:14:48,3.443,2_39_127_19_2020-03-06 03:01:12.636495,2,CA-309,2-39-127-19,America/Los_Angeles,4622.0,300.0,6.0,20.0,61.0,"Fri, 06 Mar 2020 03:01:57 GMT",True,"Fri, 06 Mar 2020 04:02:57 GMT",4622.0,,,,,,,,,1.6022222222222222,0 days 01:36:08,0 days 00:23:17,"Drizzle, not freezing, continuous",4,4-5
1819,5e76b19ff9af8b7fd368f9f0,39,2020-03-06 04:22:26,2020-03-06 05:57:15,2020-03-06 05:21:54,3.361,2_39_139_28_2020-03-06 04:22:25.588652,2,CA-303,2-39-139-28,America/Los_Angeles,1263.0,400.0,8.0,20.0,115.0,"Fri, 06 Mar 2020 04:22:42 GMT",True,"Fri, 06 Mar 2020 06:17:26 GMT",1263.0,,,,,,,,,1.5802777777777777,0 days 01:34:49,0 days 00:35:21,"Drizzle, not freezing, continuous",5,5-6
1820,5e7954a3f9af8b090600ec50,39,2020-03-06 14:04:41,2020-03-06 15:40:14,2020-03-06 15:32:03,4.335,2_39_89_25_2020-03-06 14:05:10.041864,2,CA-315,2-39-89-25,America/Los_Angeles,743.0,400.0,8.0,20.0,72.0,"Fri, 06 Mar 2020 14:05:25 GMT",True,"Fri, 06 Mar 2020 15:16:41 GMT",743.0,,,,,,,,,1.5925,0 days 01:35:33,0 days 00:08:11,"Drizzle, not freezing, continuous",15,15-16
1821,5e7954a3f9af8b090600ec51,39,2020-03-06 15:03:53,2020-03-06 16:23:09,2020-03-06 16:15:27,0.879,2_39_79_380_2020-03-06 15:03:53.472625,2,CA-489,2-39-79-380,America/Los_Angeles,,,,,,,,,,,,,,,,,,1.3211111111111111,0 days 01:19:16,0 days 00:07:42,"Drizzle, not freezing, continuous",16,16-17
1822,5e7954a3f9af8b090600ec52,39,2020-03-06 15:38:51,2020-03-07 00:25:27,2020-03-06 16:28:47,0.873,2_39_79_382_2020-03-06 15:38:51.237894,2,CA-491,2-39-79-382,America/Los_Angeles,,,,,,,,,,,,,,,,,,8.776666666666667,0 days 08:46:36,0 days 07:56:40,"Drizzle, not freezing, continuous",0,0-1
1823,5e7954a3f9af8b090600ec53,39,2020-03-06 15:45:46,2020-03-06 19:22:25,2020-03-06 17:45:21,7.158,2_39_78_366_2020-03-06 15:45:46.103519,2,CA-323,2-39-78-366,America/Los_Angeles,3853.0,360.0,18.0,50.0,452.0,"Fri, 06 Mar 2020 15:46:46 GMT",True,"Fri, 06 Mar 2020 23:17:46 GMT",3853.0,,,,,,,,,3.6108333333333333,0 days 03:36:39,0 days 01:37:04,"Drizzle, not freezing, continuous",19,19-20
1824,5e7954a3f9af8b090600ec54,39,2020-03-06 15:56:14,2020-03-07 00:15:08,2020-03-06 17:14:27,3.649078888888889,2_39_139_28_2020-03-06 15:56:14.105947,2,CA-303,2-39-139-28,America/Los_Angeles,1564.0,300.0,12.0,40.0,341.0,"Fri, 06 Mar 2020 15:56:24 GMT",True,"Fri, 06 Mar 2020 21:37:14 GMT",1564.0,,,,,,,,,8.315,0 days 08:18:54,0 days 07:00:41,"Drizzle, not freezing, continuous",0,0-1
1825,5e7954a3f9af8b090600ec55,39,2020-03-06 16:10:57,2020-03-07 02:00:41,2020-03-06 17:26:28,2.827,2_39_79_383_2020-03-06 16:10:56.932602,2,CA-492,2-39-79-383,America/Los_Angeles,4701.0,300.0,9.0,30.0,480.0,"Fri, 06 Mar 2020 16:10:58 GMT",True,"Sat, 07 Mar 2020 00:10:57 GMT",4701.0,300.0,9.0,30.0,480.0,"Sat, 07 Mar 2020 02:00:35 GMT",True,"Sat, 07 Mar 2020 00:10:57 GMT",4701.0,9.828888888888889,0 days 09:49:44,0 days 08:34:13,"Drizzle, not freezing, continuous",2,2-3
1826,5e7954a3f9af8b090600ec56,39,2020-03-06 16:13:04,2020-03-07 00:58:23,2020-03-06 17:58:29,5.668,2_39_131_30_2020-03-06 16:12:51.264116,2,CA-305,2-39-131-30,America/Los_Angeles,4947.0,380.0,7.6,20.0,414.0,"Fri, 06 Mar 2020 16:13:04 GMT",True,"Fri, 06 Mar 2020 23:07:04 GMT",4947.0,,,,,,,,,8.755277777777778,0 days 08:45:19,0 days 06:59:54,"Drizzle, not freezing, continuous",0,0-1
1827,5e7954a3f9af8b090600ec57,39,2020-03-06 16:29:18,2020-03-07 02:01:58,2020-03-07 01:40:22,1.324,2_39_79_379_2020-03-06 16:29:19.071796,2,CA-327,2-39-79-379,America/Los_Angeles,,,,,,,,,,,,,,,,,,9.544444444444444,0 days 09:32:40,0 days 00:21:36,"Drizzle, not freezing, continuous",2,2-3
1828,5e7954a3f9af8b090600ec58,39,2020-03-06 16:34:42,2020-03-06 23:21:31,2020-03-06 23:18:21,1.278,2_39_127_19_2020-03-06 16:34:41.899920,2,CA-309,2-39-127-19,America/Los_Angeles,,,,,,,,,,,,,,,,,,6.780277777777778,0 days 06:46:49,0 days 00:03:10,"Drizzle, not freezing, continuous",23,23-24
1829,5e7954a3f9af8b090600ec59,39,2020-03-06 16:59:41,2020-03-06 19:20:14,2020-03-06 18:30:11,8.829,2_39_91_437_2020-03-06 16:59:34.723239,2,CA-317,2-39-91-437,America/Los_Angeles,2461.0,400.0,12.0,30.0,273.0,"Fri, 06 Mar 2020 16:59:41 GMT",True,"Fri, 06 Mar 2020 21:32:41 GMT",2461.0,,,,,,,,,2.3425,0 days 02:20:33,0 days 00:50:03,"Drizzle, not freezing, continuous",19,19-20
1830,5e7954a3f9af8b090600ec5a,39,2020-03-06 17:00:12,2020-03-06 17:08:12,2020-03-06 17:07:56,0.751,2_39_130_31_2020-03-06 17:00:11.609325,2,CA-306,2-39-130-31,America/Los_Angeles,311.0,250.0,52.5,210.0,90.0,"Fri, 06 Mar 2020 17:01:14 GMT",True,"Fri, 06 Mar 2020 18:30:12 GMT",311.0,,,,,,,,,0.13333333333333333,0 days 00:08:00,0 days 00:00:16,"Drizzle, not freezing, continuous",17,17-18
1831,5e7954a3f9af8b090600ec5b,39,2020-03-06 17:12:42,2020-03-07 02:03:58,2020-03-07 02:03:55,7.369,2_39_78_365_2020-03-06 17:12:41.604361,2,CA-321,2-39-78-365,America/Los_Angeles,714.0,400.0,32.0,80.0,403.0,"Fri, 06 Mar 2020 17:12:48 GMT",True,"Fri, 06 Mar 2020 23:55:42 GMT",714.0,400.0,32.0,80.0,440.0,"Fri, 06 Mar 2020 17:13:23 GMT",True,"Sat, 07 Mar 2020 00:32:42 GMT",714.0,8.854444444444445,0 days 08:51:16,0 days 00:00:03,"Drizzle, not freezing, continuous",2,2-3
1832,5e7954a3f9af8b090600ec5c,39,2020-03-06 17:15:59,2020-03-07 04:28:05,2020-03-06 18:21:48,3.143,2_39_123_23_2020-03-06 17:15:59.416916,2,CA-313,2-39-123-23,America/Los_Angeles,2170.0,400.0,28.0,70.0,417.0,"Fri, 06 Mar 2020 17:16:07 GMT",True,"Sat, 07 Mar 2020 00:12:59 GMT",2170.0,,,,,,,,,11.201666666666666,0 days 11:12:06,0 days 10:06:17,"Drizzle, not freezing, continuous",4,4-5
1833,5e7954a3f9af8b090600ec5d,39,2020-03-06 17:18:20,2020-03-07 01:45:23,2020-03-06 21:49:01,19.63,2_39_79_377_2020-03-06 17:18:19.958220,2,CA-325,2-39-79-377,America/Los_Angeles,515.0,400.0,24.0,60.0,250.0,"Fri, 06 Mar 2020 17:19:33 GMT",True,"Fri, 06 Mar 2020 21:28:20 GMT",515.0,400.0,24.0,60.0,250.0,"Fri, 06 Mar 2020 17:20:32 GMT",True,"Fri, 06 Mar 2020 21:28:20 GMT",515.0,8.450833333333334,0 days 08:27:03,0 days 03:56:22,"Drizzle, not freezing, continuous",1,1-2
1834,5e7954a3f9af8b090600ec5e,39,2020-03-06 17:22:21,2020-03-07 02:31:32,2020-03-06 21:29:55,20.986,2_39_78_363_2020-03-06 17:22:20.995894,2,CA-320,2-39-78-363,America/Los_Angeles,1274.0,400.0,32.0,80.0,330.0,"Fri, 06 Mar 2020 17:23:34 GMT",True,"Fri, 06 Mar 2020 22:52:21 GMT",1274.0,,,,,,,,,9.153055555555556,0 days 09:09:11,0 days 05:01:37,"Drizzle, not freezing, continuous",2,2-3
1835,5e7954a3f9af8b090600ec5f,39,2020-03-06 17:25:45,2020-03-07 02:06:34,2020-03-06 19:50:14,15.581,2_39_89_25_2020-03-06 17:25:44.841953,2,CA-315,2-39-89-25,America/Los_Angeles,2961.0,225.0,38.25,170.0,720.0,"Fri, 06 Mar 2020 17:25:53 GMT",True,"Sat, 07 Mar 2020 05:25:45 GMT",2961.0,,,,,,,,,8.680277777777778,0 days 08:40:49,0 days 06:16:20,"Drizzle, not freezing, continuous",2,2-3
1836,5e7954a3f9af8b090600ec60,39,2020-03-06 17:32:55,2020-03-07 03:53:13,2020-03-06 18:48:02,3.609,2_39_125_21_2020-03-06 17:32:55.226086,2,CA-311,2-39-125-21,America/Los_Angeles,567.0,400.0,8.0,20.0,418.0,"Fri, 06 Mar 2020 17:35:30 GMT",True,"Sat, 07 Mar 2020 00:30:55 GMT",567.0,,,,,,,,,10.338333333333333,0 days 10:20:18,0 days 09:05:11,"Drizzle, not freezing, continuous",3,3-4
1837,5e7954a3f9af8b090600ec61,39,2020-03-06 17:50:15,2020-03-07 01:42:58,2020-03-06 19:23:00,4.293,2_39_90_440_2020-03-06 17:50:14.659026,2,CA-500,2-39-90-440,America/Los_Angeles,743.0,400.0,8.0,20.0,395.0,"Fri, 06 Mar 2020 17:50:33 GMT",True,"Sat, 07 Mar 2020 00:25:15 GMT",743.0,,,,,,,,,7.878611111111111,0 days 07:52:43,0 days 06:19:58,"Drizzle, not freezing, continuous",1,1-2
1838,5e7954a3f9af8b090600ec62,39,2020-03-06 17:55:16,2020-03-06 20:21:39,2020-03-06 20:14:44,3.465,2_39_126_20_2020-03-06 17:55:15.961878,2,CA-310,2-39-126-20,America/Los_Angeles,620.0,400.0,8.0,20.0,441.0,"Fri, 06 Mar 2020 17:55:27 GMT",True,"Sat, 07 Mar 2020 01:16:16 GMT",620.0,,,,,,,,,2.439722222222222,0 days 02:26:23,0 days 00:06:55,"Drizzle, not freezing, continuous",20,20-21
1839,5e7954a3f9af8b090600ec63,39,2020-03-06 17:55:19,2020-03-07 00:01:29,2020-03-07 00:02:29,12.666,2_39_78_362_2020-03-06 17:55:19.756813,2,CA-496,2-39-78-362,America/Los_Angeles,1470.0,292.0,17.52,60.0,266.0,"Fri, 06 Mar 2020 17:55:56 GMT",True,"Fri, 06 Mar 2020 22:21:19 GMT",1470.0,,,,,,,,,6.102777777777778,0 days 06:06:10,-1 days +23:59:00,"Drizzle, not freezing, continuous",0,0-1
1840,5e7954a3f9af8b090600ec64,39,2020-03-06 18:00:16,2020-03-07 05:01:41,2020-03-06 18:51:00,1.582142222222222,2_39_90_26_2020-03-06 18:00:15.548597,2,CA-316,2-39-90-26,America/Los_Angeles,324.0,444.0,8.88,20.0,101.0,"Fri, 06 Mar 2020 18:00:47 GMT",True,"Fri, 06 Mar 2020 19:41:16 GMT",324.0,444.0,8.88,20.0,101.0,"Sat, 07 Mar 2020 05:01:35 GMT",True,"Fri, 06 Mar 2020 19:41:16 GMT",324.0,11.02361111111111,0 days 11:01:25,0 days 10:10:41,"Drizzle, not freezing, continuous",5,5-6
1841,5e7954a3f9af8b090600ec65,39,2020-03-06 18:14:47,2020-03-06 22:17:28,2020-03-06 19:30:46,2.444,2_39_95_27_2020-03-06 18:14:46.900800,2,CA-319,2-39-95-27,America/Los_Angeles,1082.0,400.0,8.0,20.0,64.0,"Fri, 06 Mar 2020 18:16:03 GMT",True,"Fri, 06 Mar 2020 19:18:47 GMT",1082.0,,,,,,,,,4.044722222222222,0 days 04:02:41,0 days 02:46:42,"Drizzle, not freezing, continuous",22,22-23
1842,5e7954a3f9af8b090600ec66,39,2020-03-06 18:15:32,2020-03-06 19:47:48,2020-03-06 19:24:14,5.753,2_39_124_22_2020-03-06 18:15:19.926207,2,CA-312,2-39-124-22,America/Los_Angeles,798.0,400.0,16.0,40.0,102.0,"Fri, 06 Mar 2020 18:15:31 GMT",True,"Fri, 06 Mar 2020 19:57:32 GMT",798.0,,,,,,,,,1.5377777777777777,0 days 01:32:16,0 days 00:23:34,"Drizzle, not freezing, continuous",19,19-20
1843,5e7954a3f9af8b090600ec67,39,2020-03-06 18:20:32,2020-03-07 02:13:46,2020-03-06 20:11:09,5.518,2_39_88_24_2020-03-06 18:20:31.911549,2,CA-314,2-39-88-24,America/Los_Angeles,1366.0,400.0,8.0,20.0,60.0,"Fri, 06 Mar 2020 18:21:15 GMT",True,"Fri, 06 Mar 2020 19:20:32 GMT",1366.0,,,,,,,,,7.887222222222222,0 days 07:53:14,0 days 06:02:37,"Drizzle, not freezing, continuous",2,2-3
1844,5e7954a3f9af8b090600ec68,39,2020-03-06 18:21:03,2020-03-06 23:14:49,2020-03-06 23:08:54,13.455773596177268,2_39_78_360_2020-03-06 18:20:58.532817,2,CA-322,2-39-78-360,America/Los_Angeles,1095.0,400.0,16.0,40.0,444.0,"Fri, 06 Mar 2020 18:21:02 GMT",True,"Sat, 07 Mar 2020 01:45:03 GMT",1095.0,400.0,16.0,40.0,382.0,"Fri, 06 Mar 2020 18:21:08 GMT",True,"Sat, 07 Mar 2020 00:43:03 GMT",1095.0,4.896111111111111,0 days 04:53:46,0 days 00:05:55,"Drizzle, not freezing, continuous",23,23-24
1845,5e7954a3f9af8b090600ec69,39,2020-03-06 18:37:00,2020-03-06 20:27:06,2020-03-06 20:25:28,7.618,2_39_123_557_2020-03-06 18:36:59.836528,2,CA-503,2-39-123-557,America/Los_Angeles,668.0,400.0,16.0,40.0,424.0,"Fri, 06 Mar 2020 18:37:16 GMT",True,"Sat, 07 Mar 2020 01:41:00 GMT",668.0,400.0,16.0,40.0,424.0,"Fri, 06 Mar 2020 19:51:29 GMT",True,"Sat, 07 Mar 2020 01:41:00 GMT",668.0,1.835,0 days 01:50:06,0 days 00:01:38,"Drizzle, not freezing, continuous",20,20-21
1846,5e7954a3f9af8b090600ec6a,39,2020-03-06 18:40:27,2020-03-07 04:33:03,2020-03-06 21:05:24,13.607,2_39_79_381_2020-03-06 18:40:27.645098,2,CA-490,2-39-79-381,America/Los_Angeles,1471.0,400.0,16.0,40.0,94.0,"Fri, 06 Mar 2020 18:40:36 GMT",True,"Fri, 06 Mar 2020 20:14:27 GMT",1471.0,400.0,16.0,40.0,94.0,"Sat, 07 Mar 2020 03:40:33 GMT",True,"Fri, 06 Mar 2020 20:14:27 GMT",1471.0,9.876666666666667,0 days 09:52:36,0 days 07:27:39,"Drizzle, not freezing, continuous",4,4-5
1847,5e7954a3f9af8b090600ec6b,39,2020-03-06 19:26:12,2020-03-06 23:09:48,2020-03-06 23:05:40,8.473,2_39_78_366_2020-03-06 19:26:11.743706,2,CA-323,2-39-78-366,America/Los_Angeles,1953.0,400.0,8.0,20.0,265.0,"Fri, 06 Mar 2020 19:28:29 GMT",True,"Fri, 06 Mar 2020 23:51:12 GMT",1953.0,,,,,,,,,3.7266666666666666,0 days 03:43:36,0 days 00:04:08,"Drizzle, not freezing, continuous",23,23-24
1848,5e7954a3f9af8b090600ec6c,39,2020-03-06 20:01:03,2020-03-06 22:12:26,2020-03-06 21:24:19,3.841,2_39_91_441_2020-03-06 20:01:02.646107,2,CA-499,2-39-91-441,America/Los_Angeles,3389.0,400.0,8.0,20.0,198.0,"Fri, 06 Mar 2020 20:01:23 GMT",True,"Fri, 06 Mar 2020 23:19:03 GMT",3389.0,,,,,,,,,2.189722222222222,0 days 02:11:23,0 days 00:48:07,"Drizzle, not freezing, continuous",22,22-23
1849,5e7954a3f9af8b090600ec6d,39,2020-03-06 20:25:28,2020-03-07 00:06:58,2020-03-06 20:55:49,0.791,2_39_91_437_2020-03-06 20:25:28.060696,2,CA-317,2-39-91-437,America/Los_Angeles,,,,,,,,,,,,,,,,,,3.691666666666667,0 days 03:41:30,0 days 03:11:09,"Drizzle, not freezing, continuous",0,0-1
1850,5e7954a3f9af8b090600ec6e,39,2020-03-06 20:32:35,2020-03-06 23:59:52,2020-03-06 21:36:47,1.759,2_39_92_436_2020-03-06 20:32:34.779763,2,CA-318,2-39-92-436,America/Los_Angeles,560.0,400.0,12.0,30.0,132.0,"Fri, 06 Mar 2020 20:33:55 GMT",True,"Fri, 06 Mar 2020 22:44:35 GMT",560.0,,,,,,,,,3.4547222222222222,0 days 03:27:17,0 days 02:23:05,"Drizzle, not freezing, continuous",23,23-24
1851,5e7954a3f9af8b090600ec6f,39,2020-03-06 20:50:32,2020-03-07 01:07:33,2020-03-07 00:37:08,23.424200555555554,2_39_89_439_2020-03-06 20:50:31.818203,2,CA-501,2-39-89-439,America/Los_Angeles,832.0,400.0,28.0,70.0,251.0,"Fri, 06 Mar 2020 20:50:51 GMT",True,"Sat, 07 Mar 2020 01:01:32 GMT",832.0,,,,,,,,,4.283611111111111,0 days 04:17:01,0 days 00:30:25,"Drizzle, not freezing, continuous",1,1-2
1852,5e7954a3f9af8b090600ec70,39,2020-03-06 20:58:34,2020-03-07 01:22:47,2020-03-06 22:57:14,6.349,2_39_88_438_2020-03-06 20:58:34.368356,2,CA-502,2-39-88-438,America/Los_Angeles,1124.0,400.0,8.0,20.0,60.0,"Fri, 06 Mar 2020 21:00:16 GMT",True,"Fri, 06 Mar 2020 21:58:34 GMT",1124.0,,,,,,,,,4.403611111111111,0 days 04:24:13,0 days 02:25:33,"Drizzle, not freezing, continuous",1,1-2
1853,5e7954a3f9af8b090600ec71,39,2020-03-06 21:35:18,2020-03-06 22:55:13,2020-03-06 22:54:53,4.223,2_39_79_380_2020-03-06 21:35:18.422439,2,CA-489,2-39-79-380,America/Los_Angeles,6481.0,429.0,8.58,20.0,234.0,"Fri, 06 Mar 2020 21:36:53 GMT",True,"Sat, 07 Mar 2020 01:29:18 GMT",6481.0,,,,,,,,,1.3319444444444444,0 days 01:19:55,0 days 00:00:20,"Drizzle, not freezing, continuous",22,22-23
1854,5e7954a3f9af8b090600ec72,39,2020-03-06 23:23:49,2020-03-07 00:12:33,2020-03-07 00:12:15,1.06,2_39_78_366_2020-03-06 23:23:49.546338,2,CA-323,2-39-78-366,America/Los_Angeles,,,,,,,,,,,,,,,,,,0.8122222222222222,0 days 00:48:44,0 days 00:00:18,"Drizzle, not freezing, continuous",0,0-1
1855,5e7954a3f9af8b090600ec73,39,2020-03-07 00:12:29,2020-03-07 01:17:14,2020-03-07 01:10:00,0.976,2_39_127_19_2020-03-07 00:12:29.418156,2,CA-309,2-39-127-19,America/Los_Angeles,,,,,,,,,,,,,,,,,,1.0791666666666666,0 days 01:04:45,0 days 00:07:14,"Drizzle, not freezing, continuous",1,1-2
1856,5e7954a3f9af8b090600ec74,39,2020-03-07 00:33:20,2020-03-07 02:08:00,2020-03-07 02:07:52,9.397,2_39_91_437_2020-03-07 00:33:20.365569,2,CA-317,2-39-91-437,America/Los_Angeles,300.0,400.0,8.0,20.0,63.0,"Sat, 07 Mar 2020 00:33:41 GMT",True,"Sat, 07 Mar 2020 01:36:20 GMT",300.0,400.0,32.0,80.0,480.0,"Sat, 07 Mar 2020 00:36:02 GMT",True,"Sat, 07 Mar 2020 08:33:20 GMT",300.0,1.5777777777777777,0 days 01:34:40,0 days 00:00:08,"Drizzle, not freezing, continuous",2,2-3
1857,5e7954a3f9af8b090600ec75,39,2020-03-07 00:40:03,2020-03-07 01:11:28,2020-03-07 01:11:03,0.875,2_39_79_380_2020-03-07 00:40:03.817654,2,CA-489,2-39-79-380,America/Los_Angeles,,,,,,,,,,,,,,,,,,0.5236111111111111,0 days 00:31:25,0 days 00:00:25,"Drizzle, not freezing, continuous",1,1-2
1858,5e7954a3f9af8b090600ec76,39,2020-03-07 01:45:11,2020-03-07 22:10:35,2020-03-07 09:47:38,52.302,2_39_131_30_2020-03-07 01:45:11.184994,2,CA-305,2-39-131-30,America/Los_Angeles,489.0,446.0,107.04,240.0,424.0,"Sat, 07 Mar 2020 01:45:32 GMT",True,"Sat, 07 Mar 2020 08:49:11 GMT",489.0,446.0,107.04,240.0,476.0,"Sat, 07 Mar 2020 01:45:36 GMT",True,"Sat, 07 Mar 2020 09:41:11 GMT",489.0,20.423333333333332,0 days 20:25:24,0 days 12:22:57,"Drizzle, not freezing, continuous",22,22-23
1859,5e7954a3f9af8b090600ec77,39,2020-03-07 02:17:29,2020-03-07 02:54:22,2020-03-07 02:51:20,0.939,2_39_129_17_2020-03-07 02:17:28.577610,2,CA-307,2-39-129-17,America/Los_Angeles,,,,,,,,,,,,,,,,,,0.6147222222222222,0 days 00:36:53,0 days 00:03:02,"Drizzle, not freezing, continuous",2,2-3
1860,5e7954a3f9af8b090600ec78,39,2020-03-07 02:20:14,2020-03-07 03:21:07,2020-03-07 03:21:03,4.606,2_39_139_28_2020-03-07 02:20:13.568329,2,CA-303,2-39-139-28,America/Los_Angeles,1564.0,300.0,12.0,40.0,341.0,"Sat, 07 Mar 2020 02:20:28 GMT",True,"Sat, 07 Mar 2020 08:01:14 GMT",1564.0,,,,,,,,,1.0147222222222223,0 days 01:00:53,0 days 00:00:04,"Drizzle, not freezing, continuous",3,3-4
1861,5e7954a3f9af8b090600ec79,39,2020-03-07 06:09:08,2020-03-07 14:54:04,2020-03-07 09:35:26,23.162,2_39_79_378_2020-03-07 06:09:08.345942,2,CA-326,2-39-79-378,America/Los_Angeles,300.0,333.0,29.97,90.0,454.0,"Sat, 07 Mar 2020 06:09:41 GMT",True,"Sat, 07 Mar 2020 13:43:08 GMT",300.0,,,,,,,,,8.748888888888889,0 days 08:44:56,0 days 05:18:38,"Drizzle, not freezing, continuous",14,14-15
1862,5e7954b0f9af8b090600ec7e,39,2020-03-07 15:45:03,2020-03-07 16:18:51,2020-03-07 16:18:47,3.662,2_39_78_366_2020-03-07 15:45:02.870788,2,CA-323,2-39-78-366,America/Los_Angeles,3853.0,360.0,57.6,160.0,562.0,"Sat, 07 Mar 2020 15:46:27 GMT",True,"Sun, 08 Mar 2020 01:07:03 GMT",3853.0,,,,,,,,,0.5633333333333334,0 days 00:33:48,0 days 00:00:04,"Drizzle, not freezing, continuous",16,16-17
1863,5e7954b0f9af8b090600ec7f,39,2020-03-07 18:04:06,2020-03-07 19:21:24,2020-03-07 19:21:19,4.239,2_39_89_25_2020-03-07 18:04:05.710896,2,CA-315,2-39-89-25,America/Los_Angeles,743.0,400.0,8.0,20.0,46.0,"Sat, 07 Mar 2020 18:04:24 GMT",True,"Sat, 07 Mar 2020 18:50:06 GMT",743.0,400.0,8.0,20.0,46.0,"Sat, 07 Mar 2020 18:04:36 GMT",True,"Sat, 07 Mar 2020 18:50:06 GMT",743.0,1.2883333333333333,0 days 01:17:18,0 days 00:00:05,"Drizzle, not freezing, continuous",19,19-20
1864,5e7954b0f9af8b090600ec80,39,2020-03-07 18:13:06,2020-03-07 19:06:54,2020-03-07 19:06:45,2.854,2_39_139_28_2020-03-07 18:13:05.812655,2,CA-303,2-39-139-28,America/Los_Angeles,1236.0,400.0,8.0,20.0,136.0,"Sat, 07 Mar 2020 18:15:59 GMT",True,"Sat, 07 Mar 2020 20:29:06 GMT",1236.0,,,,,,,,,0.8966666666666666,0 days 00:53:48,0 days 00:00:09,"Drizzle, not freezing, continuous",19,19-20
1865,5e7954b0f9af8b090600ec81,39,2020-03-07 18:25:45,2020-03-07 19:09:10,2020-03-07 19:09:01,4.937,2_39_125_21_2020-03-07 18:25:44.802764,2,CA-311,2-39-125-21,America/Los_Angeles,248.0,250.0,10.0,40.0,101.0,"Sat, 07 Mar 2020 18:25:56 GMT",True,"Sat, 07 Mar 2020 20:06:45 GMT",248.0,,,,,,,,,0.7236111111111111,0 days 00:43:25,0 days 00:00:09,"Drizzle, not freezing, continuous",19,19-20
1866,5e7954b0f9af8b090600ec82,39,2020-03-07 22:15:50,2020-03-08 00:01:15,2020-03-07 22:45:54,0.822,2_39_79_380_2020-03-07 22:15:49.811975,2,CA-489,2-39-79-380,America/Los_Angeles,,,,,,,,,,,,,,,,,,1.7569444444444444,0 days 01:45:25,0 days 01:15:21,"Drizzle, not freezing, continuous",0,0-1
1867,5e7954b0f9af8b090600ec83,39,2020-03-07 23:18:50,2020-03-08 00:32:19,2020-03-08 00:32:15,6.249,2_39_139_28_2020-03-07 23:18:49.614945,2,CA-303,2-39-139-28,America/Los_Angeles,1564.0,300.0,12.0,40.0,341.0,"Sat, 07 Mar 2020 23:18:57 GMT",True,"Sun, 08 Mar 2020 04:59:50 GMT",1564.0,,,,,,,,,1.2247222222222223,0 days 01:13:29,0 days 00:00:04,"Drizzle, not freezing, continuous",0,0-1
1868,5e7954b0f9af8b090600ec84,39,2020-03-08 01:19:33,2020-03-08 02:56:21,2020-03-08 03:56:13,5.428,2_39_139_28_2020-03-08 01:19:32.578632,2,CA-303,2-39-139-28,America/Los_Angeles,365.0,333.0,9.99,30.0,104.0,"Sun, 08 Mar 2020 01:19:51 GMT",True,"Sun, 08 Mar 2020 03:03:33 GMT",365.0,,,,,,,,,1.6133333333333333,0 days 01:36:48,-1 days +23:00:08,"Drizzle, not freezing, continuous",2,2-3
1869,5e7aa60df9af8b0e99a953e6,39,2020-03-08 16:04:09,2020-03-08 17:41:06,2020-03-08 17:31:22,4.31,2_39_89_25_2020-03-08 16:04:09.383163,2,CA-315,2-39-89-25,America/Los_Angeles,743.0,400.0,8.0,20.0,46.0,"Sun, 08 Mar 2020 16:04:29 GMT",True,"Sun, 08 Mar 2020 16:50:09 GMT",743.0,400.0,8.0,20.0,64.0,"Sun, 08 Mar 2020 16:04:40 GMT",True,"Sun, 08 Mar 2020 17:08:09 GMT",743.0,1.6158333333333332,0 days 01:36:57,0 days 00:09:44,"Drizzle, not freezing, continuous",17,17-18
1870,5e7aa60df9af8b0e99a953e7,39,2020-03-08 18:28:12,2020-03-08 19:40:31,2020-03-08 19:25:20,4.959,2_39_126_20_2020-03-08 18:28:12.287448,2,CA-310,2-39-126-20,America/Los_Angeles,798.0,400.0,16.0,40.0,79.0,"Sun, 08 Mar 2020 18:28:53 GMT",True,"Sun, 08 Mar 2020 19:47:12 GMT",798.0,,,,,,,,,1.2052777777777777,0 days 01:12:19,0 days 00:15:11,"Drizzle, not freezing, continuous",19,19-20
1871,5e7aa60df9af8b0e99a953e8,39,2020-03-08 18:29:46,2020-03-09 00:33:57,2020-03-08 20:31:47,6.161,2_39_131_30_2020-03-08 18:29:29.186995,2,CA-305,2-39-131-30,America/Los_Angeles,5594.0,360.0,7.2,20.0,244.0,"Sun, 08 Mar 2020 18:29:46 GMT",True,"Sun, 08 Mar 2020 22:33:46 GMT",5594.0,,,,,,,,,6.0697222222222225,0 days 06:04:11,0 days 04:02:10,"Drizzle, not freezing, continuous",0,0-1
1872,5e7aa60df9af8b0e99a953e9,39,2020-03-08 18:39:29,2020-03-08 19:49:10,2020-03-08 19:49:06,3.786,2_39_139_28_2020-03-08 18:39:29.220241,2,CA-303,2-39-139-28,America/Los_Angeles,1564.0,300.0,12.0,40.0,341.0,"Sun, 08 Mar 2020 18:39:52 GMT",True,"Mon, 09 Mar 2020 00:20:29 GMT",1564.0,,,,,,,,,1.1613888888888888,0 days 01:09:41,0 days 00:00:04,"Drizzle, not freezing, continuous",19,19-20
1873,5e7aa60df9af8b0e99a953ea,39,2020-03-08 18:58:53,2020-03-09 04:03:02,2020-03-09 01:21:27,41.348,2_39_90_440_2020-03-08 18:58:53.314916,2,CA-500,2-39-90-440,America/Los_Angeles,292.0,200.0,48.0,240.0,685.0,"Sun, 08 Mar 2020 18:59:16 GMT",True,"Mon, 09 Mar 2020 06:23:53 GMT",292.0,,,,,,,,,9.069166666666666,0 days 09:04:09,0 days 02:41:35,"Drizzle, not freezing, continuous",4,4-5
1874,5e7aa60df9af8b0e99a953eb,39,2020-03-08 20:16:38,2020-03-09 00:39:16,2020-03-08 22:34:01,0.901,2_39_139_28_2020-03-08 20:16:37.580762,2,CA-303,2-39-139-28,America/Los_Angeles,,,,,,,,,,,,,,,,,,4.377222222222223,0 days 04:22:38,0 days 02:05:15,"Drizzle, not freezing, continuous",0,0-1
1875,5e7aa60df9af8b0e99a953ec,39,2020-03-08 21:20:23,2020-03-08 23:12:46,2020-03-08 23:12:41,5.708,2_39_129_17_2020-03-08 21:20:23.053404,2,CA-307,2-39-129-17,America/Los_Angeles,4622.0,300.0,6.0,20.0,61.0,"Sun, 08 Mar 2020 21:20:39 GMT",True,"Sun, 08 Mar 2020 22:21:23 GMT",4622.0,,,,,,,,,1.8730555555555555,0 days 01:52:23,0 days 00:00:05,"Drizzle, not freezing, continuous",23,23-24
1876,5e7aa60df9af8b0e99a953ed,39,2020-03-09 00:10:49,2020-03-09 02:59:13,2020-03-09 02:59:28,0.795,2_39_123_23_2020-03-09 00:10:49.282379,2,CA-313,2-39-123-23,America/Los_Angeles,,,,,,,,,,,,,,,,,,2.8066666666666666,0 days 02:48:24,-1 days +23:59:45,"Drizzle, not freezing, continuous",2,2-3
1877,5e7aa60df9af8b0e99a953ee,39,2020-03-09 04:29:21,2020-03-09 06:37:33,2020-03-09 06:37:28,7.353,2_39_139_28_2020-03-09 04:29:20.504010,2,CA-303,2-39-139-28,America/Los_Angeles,781.0,400.0,16.0,40.0,211.0,"Mon, 09 Mar 2020 04:29:46 GMT",True,"Mon, 09 Mar 2020 08:00:21 GMT",781.0,,,,,,,,,2.1366666666666667,0 days 02:08:12,0 days 00:00:05,"Drizzle, not freezing, continuous",6,6-7
1878,5e7bf7a1f9af8b13e5be0c92,39,2020-03-09 13:53:04,2020-03-10 19:58:57,2020-03-09 18:17:29,14.034,2_39_79_383_2020-03-09 13:53:04.436432,2,CA-492,2-39-79-383,America/Los_Angeles,4913.0,400.0,20.0,50.0,634.0,"Mon, 09 Mar 2020 13:53:32 GMT",True,"Tue, 10 Mar 2020 00:27:04 GMT",4913.0,,,,,,,,,30.098055555555554,1 days 06:05:53,1 days 01:41:28,"Drizzle, not freezing, continuous",19,19-20
1879,5e7bf7a1f9af8b13e5be0c93,39,2020-03-09 14:33:27,2020-03-09 20:26:01,2020-03-09 15:20:12,3.904,2_39_91_437_2020-03-09 14:33:27.128461,2,CA-317,2-39-91-437,America/Los_Angeles,431.0,300.0,21.0,70.0,270.0,"Mon, 09 Mar 2020 14:33:46 GMT",True,"Mon, 09 Mar 2020 19:03:27 GMT",431.0,,,,,,,,,5.876111111111111,0 days 05:52:34,0 days 05:05:49,"Drizzle, not freezing, continuous",20,20-21
1880,5e7bf7a1f9af8b13e5be0c94,39,2020-03-09 14:51:59,2020-03-09 23:36:13,2020-03-09 16:13:17,2.657,2_39_79_382_2020-03-09 14:51:58.665657,2,CA-491,2-39-79-382,America/Los_Angeles,4701.0,300.0,9.0,30.0,480.0,"Mon, 09 Mar 2020 14:52:01 GMT",True,"Mon, 09 Mar 2020 22:51:59 GMT",4701.0,,,,,,,,,8.737222222222222,0 days 08:44:14,0 days 07:22:56,"Drizzle, not freezing, continuous",23,23-24
1881,5e7bf7a1f9af8b13e5be0c95,39,2020-03-09 15:09:22,2020-03-09 15:30:58,2020-03-09 15:30:53,0.572,2_39_79_380_2020-03-09 15:09:21.542105,2,CA-489,2-39-79-380,America/Los_Angeles,,,,,,,,,,,,,,,,,,0.36,0 days 00:21:36,0 days 00:00:05,"Drizzle, not freezing, continuous",15,15-16
1882,5e7bf7a1f9af8b13e5be0c96,39,2020-03-09 15:09:22,2020-03-10 00:28:38,2020-03-09 23:53:10,0.849,2_39_78_366_2020-03-09 15:09:22.014418,2,CA-323,2-39-78-366,America/Los_Angeles,,,,,,,,,,,,,,,,,,9.321111111111112,0 days 09:19:16,0 days 00:35:28,"Drizzle, not freezing, continuous",0,0-1
1883,5e7bf7a1f9af8b13e5be0c97,39,2020-03-09 15:31:25,2020-03-09 21:20:38,2020-03-09 19:01:43,5.754,2_39_130_31_2020-03-09 15:31:25.447885,2,CA-306,2-39-130-31,America/Los_Angeles,376.0,400.0,8.0,20.0,351.0,"Mon, 09 Mar 2020 15:31:44 GMT",True,"Mon, 09 Mar 2020 21:22:25 GMT",376.0,,,,,,,,,5.820277777777778,0 days 05:49:13,0 days 02:18:55,"Drizzle, not freezing, continuous",21,21-22
1884,5e7bf7a1f9af8b13e5be0c98,39,2020-03-09 15:33:07,2020-03-09 22:29:11,2020-03-09 16:40:21,4.092,2_39_79_379_2020-03-09 15:33:06.884187,2,CA-327,2-39-79-379,America/Los_Angeles,751.0,400.0,28.0,70.0,720.0,"Mon, 09 Mar 2020 15:33:49 GMT",True,"Tue, 10 Mar 2020 03:33:07 GMT",751.0,,,,,,,,,6.934444444444445,0 days 06:56:04,0 days 05:48:50,"Drizzle, not freezing, continuous",22,22-23
1885,5e7bf7a1f9af8b13e5be0c99,39,2020-03-09 15:36:34,2020-03-09 22:42:53,2020-03-09 20:03:30,27.412,2_39_78_364_2020-03-09 15:36:33.772986,2,CA-495,2-39-78-364,America/Los_Angeles,1470.0,292.0,29.2,100.0,393.0,"Mon, 09 Mar 2020 15:37:44 GMT",True,"Mon, 09 Mar 2020 22:09:34 GMT",1470.0,,,,,,,,,7.105277777777777,0 days 07:06:19,0 days 02:39:23,"Drizzle, not freezing, continuous",22,22-23
1886,5e7bf7a1f9af8b13e5be0c9a,39,2020-03-09 15:37:18,2020-03-10 01:18:06,2020-03-09 17:15:13,5.218,2_39_131_30_2020-03-09 15:37:17.829685,2,CA-305,2-39-131-30,America/Los_Angeles,562.0,325.0,6.5,20.0,196.0,"Mon, 09 Mar 2020 15:37:36 GMT",True,"Mon, 09 Mar 2020 18:53:18 GMT",562.0,,,,,,,,,9.68,0 days 09:40:48,0 days 08:02:53,"Drizzle, not freezing, continuous",1,1-2
1887,5e7bf7a1f9af8b13e5be0c9b,39,2020-03-09 15:39:17,2020-03-09 15:56:50,2020-03-09 15:56:45,0.67,2_39_128_18_2020-03-09 15:39:17.303807,2,CA-308,2-39-128-18,America/Los_Angeles,1366.0,400.0,8.0,20.0,60.0,"Mon, 09 Mar 2020 15:40:01 GMT",True,"Mon, 09 Mar 2020 16:39:17 GMT",1366.0,,,,,,,,,0.2925,0 days 00:17:33,0 days 00:00:05,"Drizzle, not freezing, continuous",15,15-16
1888,5e7bf7a1f9af8b13e5be0c9c,39,2020-03-09 15:41:05,2020-03-10 01:21:44,2020-03-09 17:41:39,11.633,2_39_79_380_2020-03-09 15:41:04.871328,2,CA-489,2-39-79-380,America/Los_Angeles,69.0,400.0,40.0,100.0,363.0,"Mon, 09 Mar 2020 15:41:55 GMT",True,"Mon, 09 Mar 2020 21:44:05 GMT",69.0,,,,,,,,,9.6775,0 days 09:40:39,0 days 07:40:05,"Drizzle, not freezing, continuous",1,1-2
1889,5e7bf7a1f9af8b13e5be0c9d,39,2020-03-09 15:47:54,2020-03-09 23:42:49,2020-03-09 17:16:21,4.241,2_39_95_444_2020-03-09 15:47:53.648976,2,CA-497,2-39-95-444,America/Los_Angeles,686.0,400.0,8.0,20.0,95.0,"Mon, 09 Mar 2020 15:48:16 GMT",True,"Mon, 09 Mar 2020 17:22:54 GMT",686.0,,,,,,,,,7.915277777777778,0 days 07:54:55,0 days 06:26:28,"Drizzle, not freezing, continuous",23,23-24
1890,5e7bf7a1f9af8b13e5be0c9e,39,2020-03-09 15:55:13,2020-03-10 00:35:07,2020-03-09 18:05:07,12.925,2_39_89_25_2020-03-09 15:55:01.584618,2,CA-315,2-39-89-25,America/Los_Angeles,1153.0,600.0,24.0,40.0,434.0,"Mon, 09 Mar 2020 15:55:12 GMT",True,"Mon, 09 Mar 2020 23:09:13 GMT",1153.0,,,,,,,,,8.665,0 days 08:39:54,0 days 06:30:00,"Drizzle, not freezing, continuous",0,0-1
1891,5e7bf7a1f9af8b13e5be0c9f,39,2020-03-09 16:09:20,2020-03-10 02:19:53,2020-03-09 17:36:21,4.624,2_39_125_21_2020-03-09 16:09:20.032173,2,CA-311,2-39-125-21,America/Los_Angeles,567.0,400.0,8.0,20.0,418.0,"Mon, 09 Mar 2020 16:09:25 GMT",True,"Mon, 09 Mar 2020 23:07:20 GMT",567.0,400.0,8.0,20.0,418.0,"Mon, 09 Mar 2020 16:09:33 GMT",True,"Mon, 09 Mar 2020 23:07:20 GMT",567.0,10.175833333333333,0 days 10:10:33,0 days 08:43:32,"Drizzle, not freezing, continuous",2,2-3
1892,5e7bf7a1f9af8b13e5be0ca0,39,2020-03-09 16:32:32,2020-03-10 01:01:41,2020-03-09 18:03:18,3.857,2_39_88_438_2020-03-09 16:32:32.410050,2,CA-502,2-39-88-438,America/Los_Angeles,1534.0,250.0,7.5,30.0,404.0,"Mon, 09 Mar 2020 16:35:12 GMT",True,"Mon, 09 Mar 2020 23:16:32 GMT",1534.0,,,,,,,,,8.485833333333334,0 days 08:29:09,0 days 06:58:23,"Drizzle, not freezing, continuous",1,1-2
1893,5e7bf7a1f9af8b13e5be0ca1,39,2020-03-09 16:38:17,2020-03-09 20:08:43,2020-03-09 19:24:08,12.679,2_39_88_24_2020-03-09 16:38:16.588726,2,CA-314,2-39-88-24,America/Los_Angeles,6606.0,400.0,16.0,40.0,336.0,"Mon, 09 Mar 2020 16:40:21 GMT",True,"Mon, 09 Mar 2020 22:14:17 GMT",6606.0,400.0,16.0,40.0,164.0,"Mon, 09 Mar 2020 18:37:54 GMT",True,"Mon, 09 Mar 2020 19:22:17 GMT",6606.0,3.507222222222222,0 days 03:30:26,0 days 00:44:35,"Drizzle, not freezing, continuous",20,20-21
1894,5e7bf7a1f9af8b13e5be0ca2,39,2020-03-09 16:51:29,2020-03-10 01:16:22,2020-03-09 18:30:38,11.007,2_39_78_360_2020-03-09 16:51:28.835296,2,CA-322,2-39-78-360,America/Los_Angeles,714.0,400.0,32.0,80.0,440.0,"Mon, 09 Mar 2020 16:51:40 GMT",True,"Tue, 10 Mar 2020 00:11:29 GMT",714.0,,,,,,,,,8.414722222222222,0 days 08:24:53,0 days 06:45:44,"Drizzle, not freezing, continuous",1,1-2
1895,5e7bf7a1f9af8b13e5be0ca3,39,2020-03-09 16:56:28,2020-03-10 02:14:36,2020-03-09 19:45:11,17.001,2_39_92_436_2020-03-09 16:56:27.941262,2,CA-318,2-39-92-436,America/Los_Angeles,558.0,400.0,36.0,90.0,60.0,"Mon, 09 Mar 2020 16:56:30 GMT",True,"Mon, 09 Mar 2020 17:56:28 GMT",558.0,,,,,,,,,9.302222222222222,0 days 09:18:08,0 days 06:29:25,"Drizzle, not freezing, continuous",2,2-3
1896,5e7bf7a1f9af8b13e5be0ca4,39,2020-03-09 17:00:21,2020-03-09 22:08:59,2020-03-09 19:25:18,13.217,2_39_126_20_2020-03-09 17:00:20.832772,2,CA-310,2-39-126-20,America/Los_Angeles,6049.0,267.0,13.35,50.0,270.0,"Mon, 09 Mar 2020 17:01:47 GMT",True,"Mon, 09 Mar 2020 21:30:21 GMT",6049.0,,,,,,,,,5.143888888888889,0 days 05:08:38,0 days 02:43:41,"Drizzle, not freezing, continuous",22,22-23
1897,5e7bf7a1f9af8b13e5be0ca5,39,2020-03-09 17:02:58,2020-03-09 22:42:16,2020-03-09 18:40:14,4.466,2_39_90_440_2020-03-09 17:02:58.172757,2,CA-500,2-39-90-440,America/Los_Angeles,743.0,400.0,8.0,20.0,64.0,"Mon, 09 Mar 2020 17:03:11 GMT",True,"Mon, 09 Mar 2020 18:06:58 GMT",743.0,400.0,8.0,20.0,338.0,"Mon, 09 Mar 2020 17:03:19 GMT",True,"Mon, 09 Mar 2020 22:40:58 GMT",743.0,5.655,0 days 05:39:18,0 days 04:02:02,"Drizzle, not freezing, continuous",22,22-23
1898,5e7bf7a1f9af8b13e5be0ca6,39,2020-03-09 17:06:37,2020-03-10 01:27:56,2020-03-09 19:04:10,6.103,2_39_79_378_2020-03-09 17:06:36.905234,2,CA-326,2-39-79-378,America/Los_Angeles,5368.0,400.0,8.0,20.0,73.0,"Mon, 09 Mar 2020 17:10:40 GMT",True,"Mon, 09 Mar 2020 18:19:37 GMT",5368.0,,,,,,,,,8.355277777777777,0 days 08:21:19,0 days 06:23:46,"Drizzle, not freezing, continuous",1,1-2
1899,5e7bf7a1f9af8b13e5be0ca7,39,2020-03-09 17:20:31,2020-03-10 01:19:14,2020-03-09 19:40:01,10.932,2_39_78_365_2020-03-09 17:20:30.790656,2,CA-321,2-39-78-365,America/Los_Angeles,1095.0,400.0,16.0,40.0,447.0,"Mon, 09 Mar 2020 17:20:40 GMT",True,"Tue, 10 Mar 2020 00:47:31 GMT",1095.0,,,,,,,,,7.978611111111111,0 days 07:58:43,0 days 05:39:13,"Drizzle, not freezing, continuous",1,1-2
1900,5e7bf7a1f9af8b13e5be0ca8,39,2020-03-09 17:39:21,2020-03-09 20:48:18,2020-03-09 19:36:07,8.577,2_39_79_381_2020-03-09 17:39:21.300829,2,CA-490,2-39-79-381,America/Los_Angeles,832.0,400.0,12.0,30.0,366.0,"Mon, 09 Mar 2020 17:40:33 GMT",True,"Mon, 09 Mar 2020 23:45:21 GMT",832.0,400.0,12.0,30.0,366.0,"Mon, 09 Mar 2020 20:48:06 GMT",True,"Mon, 09 Mar 2020 23:45:21 GMT",832.0,3.1491666666666664,0 days 03:08:57,0 days 01:12:11,"Drizzle, not freezing, continuous",20,20-21
1901,5e7bf7a1f9af8b13e5be0ca9,39,2020-03-09 17:44:50,2020-03-09 18:22:36,2020-03-09 18:22:32,4.196,2_39_95_27_2020-03-09 17:44:50.298199,2,CA-319,2-39-95-27,America/Los_Angeles,668.0,600.0,12.0,20.0,424.0,"Mon, 09 Mar 2020 17:45:05 GMT",True,"Tue, 10 Mar 2020 00:48:50 GMT",668.0,,,,,,,,,0.6294444444444445,0 days 00:37:46,0 days 00:00:04,"Drizzle, not freezing, continuous",18,18-19
1902,5e7bf7a1f9af8b13e5be0caa,39,2020-03-09 17:56:46,2020-03-09 23:36:27,2020-03-09 20:31:06,4.681,2_39_79_377_2020-03-09 17:56:46.117245,2,CA-325,2-39-79-377,America/Los_Angeles,3389.0,400.0,8.0,20.0,198.0,"Mon, 09 Mar 2020 17:57:07 GMT",True,"Mon, 09 Mar 2020 21:14:46 GMT",3389.0,,,,,,,,,5.661388888888889,0 days 05:39:41,0 days 03:05:21,"Drizzle, not freezing, continuous",23,23-24
1903,5e7bf7a1f9af8b13e5be0cab,39,2020-03-09 18:30:54,2020-03-10 01:48:55,2020-03-09 20:24:11,5.773,2_39_89_439_2020-03-09 18:30:54.021409,2,CA-501,2-39-89-439,America/Los_Angeles,1222.0,400.0,8.0,20.0,72.0,"Mon, 09 Mar 2020 18:31:14 GMT",True,"Mon, 09 Mar 2020 19:42:54 GMT",1222.0,,,,,,,,,7.300277777777778,0 days 07:18:01,0 days 05:24:44,"Drizzle, not freezing, continuous",1,1-2
1904,5e7bf7a1f9af8b13e5be0cac,39,2020-03-09 18:49:40,2020-03-09 20:12:09,2020-03-09 20:12:05,9.237,2_39_95_27_2020-03-09 18:49:23.667281,2,CA-319,2-39-95-27,America/Los_Angeles,2461.0,400.0,20.0,50.0,273.0,"Mon, 09 Mar 2020 18:49:39 GMT",True,"Mon, 09 Mar 2020 23:22:40 GMT",2461.0,,,,,,,,,1.3747222222222222,0 days 01:22:29,0 days 00:00:04,"Drizzle, not freezing, continuous",20,20-21
1905,5e7bf7a1f9af8b13e5be0cad,39,2020-03-09 20:00:50,2020-03-09 23:44:00,2020-03-09 21:02:14,2.847,2_39_124_22_2020-03-09 20:00:49.776033,2,CA-312,2-39-124-22,America/Los_Angeles,891.0,400.0,8.0,20.0,216.0,"Mon, 09 Mar 2020 20:01:05 GMT",True,"Mon, 09 Mar 2020 23:36:50 GMT",891.0,,,,,,,,,3.7194444444444446,0 days 03:43:10,0 days 02:41:46,"Drizzle, not freezing, continuous",23,23-24
1906,5e7bf7a1f9af8b13e5be0cae,39,2020-03-09 20:34:30,2020-03-09 23:53:06,2020-03-09 22:37:02,13.155,2_39_91_441_2020-03-09 20:34:29.662995,2,CA-499,2-39-91-441,America/Los_Angeles,668.0,600.0,12.0,20.0,94.0,"Mon, 09 Mar 2020 20:35:06 GMT",True,"Mon, 09 Mar 2020 22:08:30 GMT",668.0,600.0,24.0,40.0,114.0,"Mon, 09 Mar 2020 21:59:56 GMT",True,"Mon, 09 Mar 2020 22:28:30 GMT",668.0,3.31,0 days 03:18:36,0 days 01:16:04,"Drizzle, not freezing, continuous",23,23-24
1907,5e7bf7a1f9af8b13e5be0caf,39,2020-03-09 20:36:55,2020-03-10 02:45:22,2020-03-09 21:46:28,2.246,2_39_91_437_2020-03-09 20:36:54.957109,2,CA-317,2-39-91-437,America/Los_Angeles,1082.0,400.0,8.0,20.0,64.0,"Mon, 09 Mar 2020 20:38:41 GMT",True,"Mon, 09 Mar 2020 21:40:55 GMT",1082.0,,,,,,,,,6.140833333333333,0 days 06:08:27,0 days 04:58:54,"Drizzle, not freezing, continuous",2,2-3
1908,5e7bf7a1f9af8b13e5be0cb0,39,2020-03-09 20:39:44,2020-03-09 23:40:06,2020-03-09 22:50:34,6.553,2_39_95_27_2020-03-09 20:39:44.491383,2,CA-319,2-39-95-27,America/Los_Angeles,1124.0,400.0,8.0,20.0,60.0,"Mon, 09 Mar 2020 20:40:20 GMT",True,"Mon, 09 Mar 2020 21:39:44 GMT",1124.0,,,,,,,,,3.006111111111111,0 days 03:00:22,0 days 00:49:32,"Drizzle, not freezing, continuous",23,23-24
1909,5e7bf7a1f9af8b13e5be0cb1,39,2020-03-09 21:26:45,2020-03-10 00:10:38,2020-03-09 23:34:49,7.03,2_39_123_23_2020-03-09 21:26:32.294892,2,CA-313,2-39-123-23,America/Los_Angeles,6481.0,429.0,8.58,20.0,234.0,"Mon, 09 Mar 2020 21:26:45 GMT",True,"Tue, 10 Mar 2020 01:20:45 GMT",6481.0,,,,,,,,,2.731388888888889,0 days 02:43:53,0 days 00:35:49,"Drizzle, not freezing, continuous",0,0-1
1910,5e7bf7a1f9af8b13e5be0cb2,39,2020-03-10 00:50:33,2020-03-10 07:31:16,2020-03-10 07:28:44,43.811,2_39_139_28_2020-03-10 00:50:33.412166,2,CA-303,2-39-139-28,America/Los_Angeles,67.0,250.0,50.0,200.0,472.0,"Tue, 10 Mar 2020 00:50:54 GMT",True,"Tue, 10 Mar 2020 08:42:33 GMT",67.0,,,,,,,,,6.6786111111111115,0 days 06:40:43,0 days 00:02:32,"Drizzle, not freezing, continuous",7,7-8
1911,5e7bf7a1f9af8b13e5be0cb3,39,2020-03-10 01:04:06,2020-03-10 04:42:50,2020-03-10 02:43:33,8.866,2_39_78_367_2020-03-10 01:04:06.486825,2,CA-494,2-39-78-367,America/Los_Angeles,4701.0,300.0,9.0,30.0,480.0,"Tue, 10 Mar 2020 01:05:53 GMT",True,"Tue, 10 Mar 2020 09:04:06 GMT",4701.0,,,,,,,,,3.6455555555555557,0 days 03:38:44,0 days 01:59:17,"Drizzle, not freezing, continuous",4,4-5
1912,5e7bf7a1f9af8b13e5be0cb4,39,2020-03-10 01:29:05,2020-03-10 03:48:35,2020-03-10 02:30:57,2.804,2_39_88_24_2020-03-10 01:28:49.126740,2,CA-314,2-39-88-24,America/Los_Angeles,5594.0,360.0,7.2,20.0,244.0,"Tue, 10 Mar 2020 01:29:05 GMT",True,"Tue, 10 Mar 2020 05:33:05 GMT",5594.0,360.0,7.2,20.0,383.0,"Tue, 10 Mar 2020 03:47:56 GMT",True,"Tue, 10 Mar 2020 07:52:05 GMT",5594.0,2.325,0 days 02:19:30,0 days 01:17:38,"Drizzle, not freezing, continuous",3,3-4
1913,5e7bf7a1f9af8b13e5be0cb5,39,2020-03-10 03:44:09,2020-03-10 04:56:55,2020-03-10 04:56:51,4.06,2_39_125_21_2020-03-10 03:44:08.797997,2,CA-311,2-39-125-21,America/Los_Angeles,4622.0,300.0,6.0,20.0,61.0,"Tue, 10 Mar 2020 03:44:20 GMT",True,"Tue, 10 Mar 2020 04:45:09 GMT",4622.0,,,,,,,,,1.2127777777777777,0 days 01:12:46,0 days 00:00:04,"Drizzle, not freezing, continuous",4,4-5
1914,5e7bf7a1f9af8b13e5be0cb6,39,2020-03-10 04:08:58,2020-03-10 10:53:33,2020-03-10 04:50:04,1.765,2_39_130_31_2020-03-10 04:08:57.873996,2,CA-306,2-39-130-31,America/Los_Angeles,1366.0,400.0,8.0,20.0,60.0,"Tue, 10 Mar 2020 04:09:10 GMT",True,"Tue, 10 Mar 2020 05:08:58 GMT",1366.0,,,,,,,,,6.743055555555555,0 days 06:44:35,0 days 06:03:29,"Drizzle, not freezing, continuous",10,10-11
1915,5e7d4915f9af8b180cda61ac,39,2020-03-10 12:54:59,2020-03-10 20:53:09,,5.061,2_39_131_30_2020-03-10 12:54:59.181618,2,CA-305,2-39-131-30,America/Los_Angeles,620.0,400.0,12.0,30.0,672.0,"Tue, 10 Mar 2020 12:55:23 GMT",True,"Wed, 11 Mar 2020 00:06:59 GMT",620.0,,,,,,,,,7.969444444444444,0 days 07:58:10,,"Drizzle, not freezing, continuous",20,20-21
1916,5e7d4915f9af8b180cda61ad,39,2020-03-10 14:27:54,2020-03-10 15:20:20,,2.833,2_39_127_19_2020-03-10 14:27:54.122422,2,CA-309,2-39-127-19,America/Los_Angeles,4622.0,300.0,6.0,20.0,61.0,"Tue, 10 Mar 2020 14:28:53 GMT",True,"Tue, 10 Mar 2020 15:28:54 GMT",4622.0,300.0,6.0,20.0,61.0,"Tue, 10 Mar 2020 14:29:15 GMT",True,"Tue, 10 Mar 2020 15:28:54 GMT",4622.0,0.8738888888888889,0 days 00:52:26,,"Drizzle, not freezing, continuous",15,15-16
1917,5e7d4915f9af8b180cda61ae,39,2020-03-10 14:50:16,2020-03-11 00:44:00,,3.263,2_39_79_382_2020-03-10 14:50:16.497330,2,CA-491,2-39-79-382,America/Los_Angeles,4701.0,300.0,9.0,30.0,480.0,"Tue, 10 Mar 2020 14:50:21 GMT",True,"Tue, 10 Mar 2020 22:50:16 GMT",4701.0,,,,,,,,,9.895555555555555,0 days 09:53:44,,"Drizzle, not freezing, continuous",0,0-1
1918,5e7d4915f9af8b180cda61af,39,2020-03-10 15:01:53,2020-03-10 23:10:12,,4.386,2_39_139_28_2020-03-10 15:01:52.561290,2,CA-303,2-39-139-28,America/Los_Angeles,1564.0,300.0,12.0,40.0,341.0,"Tue, 10 Mar 2020 15:02:08 GMT",True,"Tue, 10 Mar 2020 20:42:53 GMT",1564.0,,,,,,,,,8.13861111111111,0 days 08:08:19,,"Drizzle, not freezing, continuous",23,23-24
1919,5e7d4915f9af8b180cda61b0,39,2020-03-10 15:06:04,2020-03-10 18:56:05,,1.103,2_39_79_380_2020-03-10 15:06:03.924135,2,CA-489,2-39-79-380,America/Los_Angeles,,,,,,,,,,,,,,,,,,3.8336111111111113,0 days 03:50:01,,"Drizzle, not freezing, continuous",18,18-19
1920,5e7d4915f9af8b180cda61b1,39,2020-03-10 15:23:22,2020-03-11 00:56:41,2020-03-11 00:49:01,1.103,2_39_79_379_2020-03-10 15:23:22.415260,2,CA-327,2-39-79-379,America/Los_Angeles,,,,,,,,,,,,,,,,,,9.555277777777778,0 days 09:33:19,0 days 00:07:40,"Drizzle, not freezing, continuous",0,0-1
1921,5e7d4915f9af8b180cda61b2,39,2020-03-10 15:27:20,2020-03-11 03:03:38,2020-03-11 00:49:01,11.455,2_39_79_377_2020-03-10 15:27:03.529111,2,CA-325,2-39-79-377,America/Los_Angeles,3556.0,500.0,40.0,80.0,229.0,"Tue, 10 Mar 2020 15:27:20 GMT",True,"Tue, 10 Mar 2020 19:16:20 GMT",3556.0,500.0,40.0,80.0,230.0,"Tue, 10 Mar 2020 19:27:17 GMT",True,"Tue, 10 Mar 2020 19:17:20 GMT",3556.0,11.605,0 days 11:36:18,0 days 02:14:37,"Drizzle, not freezing, continuous",3,3-4
1922,5e7d4915f9af8b180cda61b3,39,2020-03-10 15:30:14,2020-03-10 23:22:47,,5.002,2_39_124_558_2020-03-10 15:30:13.641133,2,CA-504,2-39-124-558,America/Los_Angeles,1534.0,250.0,7.5,30.0,404.0,"Tue, 10 Mar 2020 15:30:59 GMT",True,"Tue, 10 Mar 2020 22:14:14 GMT",1534.0,,,,,,,,,7.8758333333333335,0 days 07:52:33,,"Drizzle, not freezing, continuous",23,23-24
1923,5e7d4915f9af8b180cda61b4,39,2020-03-10 15:31:26,2020-03-11 00:02:15,,12.276,2_39_78_366_2020-03-10 15:31:26.393479,2,CA-323,2-39-78-366,America/Los_Angeles,3853.0,360.0,32.4,90.0,460.0,"Tue, 10 Mar 2020 15:31:55 GMT",True,"Tue, 10 Mar 2020 23:11:26 GMT",3853.0,360.0,32.4,90.0,460.0,"Tue, 10 Mar 2020 15:32:19 GMT",True,"Tue, 10 Mar 2020 23:11:26 GMT",3853.0,8.51361111111111,0 days 08:30:49,,"Drizzle, not freezing, continuous",0,0-1
1924,5e7d4915f9af8b180cda61b5,39,2020-03-10 15:45:21,2020-03-10 20:55:49,,5.758,2_39_129_17_2020-03-10 15:45:21.332710,2,CA-307,2-39-129-17,America/Los_Angeles,376.0,400.0,8.0,20.0,336.0,"Tue, 10 Mar 2020 15:46:17 GMT",True,"Tue, 10 Mar 2020 21:21:21 GMT",376.0,,,,,,,,,5.174444444444444,0 days 05:10:28,,"Drizzle, not freezing, continuous",20,20-21
1925,5e7d4915f9af8b180cda61b6,39,2020-03-10 15:56:09,2020-03-11 00:07:05,,0.601,2_39_89_25_2020-03-10 15:56:09.066487,2,CA-315,2-39-89-25,America/Los_Angeles,1153.0,600.0,24.0,40.0,434.0,"Tue, 10 Mar 2020 15:56:25 GMT",True,"Tue, 10 Mar 2020 23:10:09 GMT",1153.0,,,,,,,,,8.182222222222222,0 days 08:10:56,,"Drizzle, not freezing, continuous",0,0-1
1926,5e7d4915f9af8b180cda61b7,39,2020-03-10 15:56:18,2020-03-11 01:19:45,2020-03-11 00:49:01,11.408,2_39_90_440_2020-03-10 15:56:18.414194,2,CA-500,2-39-90-440,America/Los_Angeles,69.0,400.0,40.0,100.0,363.0,"Tue, 10 Mar 2020 15:56:31 GMT",True,"Tue, 10 Mar 2020 21:59:18 GMT",69.0,,,,,,,,,9.390833333333333,0 days 09:23:27,0 days 00:30:44,"Drizzle, not freezing, continuous",1,1-2
1927,5e7d4915f9af8b180cda61b8,39,2020-03-10 16:16:01,2020-03-11 02:15:11,2020-03-11 00:49:01,6.409,2_39_127_19_2020-03-10 16:16:01.001034,2,CA-309,2-39-127-19,America/Los_Angeles,567.0,400.0,8.0,20.0,459.0,"Tue, 10 Mar 2020 16:16:07 GMT",True,"Tue, 10 Mar 2020 23:55:01 GMT",567.0,400.0,8.0,20.0,459.0,"Tue, 10 Mar 2020 16:16:13 GMT",True,"Tue, 10 Mar 2020 23:55:01 GMT",567.0,9.98611111111111,0 days 09:59:10,0 days 01:26:10,"Drizzle, not freezing, continuous",2,2-3
1928,5e7d4915f9af8b180cda61b9,39,2020-03-10 16:25:15,2020-03-11 00:31:25,,14.516,2_39_79_376_2020-03-10 16:25:15.278378,2,CA-324,2-39-79-376,America/Los_Angeles,1137.0,400.0,36.0,90.0,401.0,"Tue, 10 Mar 2020 16:25:40 GMT",True,"Tue, 10 Mar 2020 23:06:15 GMT",1137.0,,,,,,,,,8.102777777777778,0 days 08:06:10,,"Drizzle, not freezing, continuous",0,0-1
1929,5e7d4915f9af8b180cda61ba,39,2020-03-10 16:42:55,2020-03-11 00:57:57,2020-03-11 00:57:52,7.893,2_39_78_365_2020-03-10 16:42:55.496658,2,CA-321,2-39-78-365,America/Los_Angeles,714.0,400.0,32.0,80.0,440.0,"Tue, 10 Mar 2020 16:45:25 GMT",True,"Wed, 11 Mar 2020 00:02:55 GMT",714.0,400.0,32.0,80.0,420.0,"Tue, 10 Mar 2020 16:45:56 GMT",True,"Tue, 10 Mar 2020 23:42:55 GMT",714.0,8.250555555555556,0 days 08:15:02,0 days 00:00:05,"Drizzle, not freezing, continuous",0,0-1
1930,5e7d4915f9af8b180cda61bb,39,2020-03-10 16:49:20,2020-03-11 03:06:24,2020-03-11 00:49:01,1.375,2_39_91_437_2020-03-10 16:49:20.237805,2,CA-317,2-39-91-437,America/Los_Angeles,324.0,444.0,8.88,20.0,101.0,"Tue, 10 Mar 2020 16:50:27 GMT",True,"Tue, 10 Mar 2020 18:30:20 GMT",324.0,,,,,,,,,10.284444444444444,0 days 10:17:04,0 days 02:17:23,"Drizzle, not freezing, continuous",3,3-4
1931,5e7d4915f9af8b180cda61bc,39,2020-03-10 17:05:45,2020-03-10 19:53:30,,11.945,2_39_78_360_2020-03-10 17:05:44.570542,2,CA-322,2-39-78-360,America/Los_Angeles,558.0,400.0,28.0,70.0,60.0,"Tue, 10 Mar 2020 17:05:44 GMT",True,"Tue, 10 Mar 2020 18:05:45 GMT",558.0,,,,,,,,,2.7958333333333334,0 days 02:47:45,,"Drizzle, not freezing, continuous",19,19-20
1932,5e7d4915f9af8b180cda61bd,39,2020-03-10 17:14:15,2020-03-11 01:09:20,2020-03-11 00:49:01,10.78,2_39_95_444_2020-03-10 17:14:15.471226,2,CA-497,2-39-95-444,America/Los_Angeles,1095.0,400.0,16.0,40.0,447.0,"Tue, 10 Mar 2020 17:15:53 GMT",True,"Wed, 11 Mar 2020 00:41:15 GMT",1095.0,,,,,,,,,7.918055555555555,0 days 07:55:05,0 days 00:20:19,"Drizzle, not freezing, continuous",1,1-2
1933,5e7d4915f9af8b180cda61be,39,2020-03-10 17:15:23,2020-03-10 23:16:17,,2.368,2_39_78_364_2020-03-10 17:15:22.955215,2,CA-495,2-39-78-364,America/Los_Angeles,,,,,,,,,,,,,,,,,,6.015,0 days 06:00:54,,"Drizzle, not freezing, continuous",23,23-24
1934,5e7d4915f9af8b180cda61bf,39,2020-03-10 17:42:53,2020-03-10 21:46:25,,4.41,2_39_92_442_2020-03-10 17:42:53.260397,2,CA-498,2-39-92-442,America/Los_Angeles,3447.0,375.0,15.0,40.0,420.0,"Tue, 10 Mar 2020 17:43:23 GMT",True,"Wed, 11 Mar 2020 00:42:53 GMT",3447.0,,,,,,,,,4.058888888888889,0 days 04:03:32,,"Drizzle, not freezing, continuous",21,21-22
1935,5e7d4915f9af8b180cda61c0,39,2020-03-10 18:14:43,2020-03-11 00:14:40,,2.235,2_39_125_21_2020-03-10 18:14:43.075359,2,CA-311,2-39-125-21,America/Los_Angeles,891.0,400.0,8.0,20.0,216.0,"Tue, 10 Mar 2020 18:15:30 GMT",True,"Tue, 10 Mar 2020 21:50:43 GMT",891.0,,,,,,,,,5.9991666666666665,0 days 05:59:57,,"Drizzle, not freezing, continuous",0,0-1
1936,5e7d4915f9af8b180cda61c1,39,2020-03-10 18:21:35,2020-03-11 00:11:13,,10.601,2_39_124_22_2020-03-10 18:21:35.374304,2,CA-312,2-39-124-22,America/Los_Angeles,668.0,600.0,12.0,20.0,114.0,"Tue, 10 Mar 2020 18:22:06 GMT",True,"Tue, 10 Mar 2020 20:15:35 GMT",668.0,600.0,18.0,30.0,86.0,"Tue, 10 Mar 2020 18:49:09 GMT",True,"Tue, 10 Mar 2020 19:47:35 GMT",668.0,5.827222222222222,0 days 05:49:38,,"Drizzle, not freezing, continuous",0,0-1
1937,5e7d4915f9af8b180cda61c2,39,2020-03-10 20:17:13,2020-03-10 21:02:54,,0.955,2_39_126_20_2020-03-10 20:16:56.284313,2,CA-310,2-39-126-20,America/Los_Angeles,1093.0,333.0,9.99,30.0,438.0,"Tue, 10 Mar 2020 20:17:13 GMT",True,"Wed, 11 Mar 2020 03:35:13 GMT",1093.0,333.0,9.99,30.0,438.0,"Tue, 10 Mar 2020 20:19:13 GMT",True,"Wed, 11 Mar 2020 03:35:13 GMT",1093.0,0.7613888888888889,0 days 00:45:41,,"Drizzle, not freezing, continuous",21,21-22
1938,5e7d4915f9af8b180cda61c3,39,2020-03-10 20:50:11,2020-03-10 23:42:51,,1.076,2_39_79_381_2020-03-10 20:50:10.803035,2,CA-490,2-39-79-381,America/Los_Angeles,,,,,,,,,,,,,,,,,,2.8777777777777778,0 days 02:52:40,,"Drizzle, not freezing, continuous",23,23-24
1939,5e7d4915f9af8b180cda61c4,39,2020-03-10 21:18:39,2020-03-11 01:23:33,2020-03-11 00:49:01,4.918,2_39_88_438_2020-03-10 21:18:39.239130,2,CA-502,2-39-88-438,America/Los_Angeles,515.0,400.0,12.0,30.0,250.0,"Tue, 10 Mar 2020 21:20:28 GMT",True,"Wed, 11 Mar 2020 01:28:39 GMT",515.0,400.0,12.0,30.0,250.0,"Tue, 10 Mar 2020 21:20:41 GMT",True,"Wed, 11 Mar 2020 01:28:39 GMT",515.0,4.081666666666667,0 days 04:04:54,0 days 00:34:32,"Drizzle, not freezing, continuous",1,1-2
1940,5e7d4915f9af8b180cda61c5,39,2020-03-11 00:17:51,2020-03-11 01:40:17,2020-03-11 01:40:14,4.54,2_39_130_31_2020-03-11 00:17:51.003635,2,CA-306,2-39-130-31,America/Los_Angeles,365.0,333.0,9.99,30.0,104.0,"Wed, 11 Mar 2020 00:18:55 GMT",True,"Wed, 11 Mar 2020 02:01:51 GMT",365.0,,,,,,,,,1.373888888888889,0 days 01:22:26,0 days 00:00:03,"Drizzle, not freezing, continuous",1,1-2
1941,5e7d4915f9af8b180cda61c6,39,2020-03-11 03:23:11,2020-03-11 04:45:12,2020-03-11 04:45:00,4.487,2_39_139_28_2020-03-11 03:23:11.033605,2,CA-303,2-39-139-28,America/Los_Angeles,1263.0,400.0,8.0,20.0,115.0,"Wed, 11 Mar 2020 03:24:11 GMT",True,"Wed, 11 Mar 2020 05:18:11 GMT",1263.0,,,,,,,,,1.3669444444444445,0 days 01:22:01,0 days 00:00:12,"Drizzle, not freezing, continuous",4,4-5
1942,5e7e9a9bf9af8b1be143ed70,39,2020-03-11 14:53:58,2020-03-11 23:05:59,2020-03-11 16:24:53,3.953,2_39_79_382_2020-03-11 14:53:57.898101,2,CA-491,2-39-79-382,America/Los_Angeles,4701.0,300.0,9.0,30.0,480.0,"Wed, 11 Mar 2020 14:54:35 GMT",True,"Wed, 11 Mar 2020 22:53:58 GMT",4701.0,,,,,,,,,8.200277777777778,0 days 08:12:01,0 days 06:41:06,"Drizzle, not freezing, continuous",23,23-24
1943,5e7e9a9bf9af8b1be143ed71,39,2020-03-11 15:04:17,2020-03-11 15:12:57,2020-03-11 15:12:54,0.777,2_39_78_366_2020-03-11 15:04:17.021151,2,CA-323,2-39-78-366,America/Los_Angeles,3853.0,360.0,39.6,110.0,460.0,"Wed, 11 Mar 2020 15:05:21 GMT",True,"Wed, 11 Mar 2020 22:44:17 GMT",3853.0,,,,,,,,,0.14444444444444443,0 days 00:08:40,0 days 00:00:03,"Drizzle, not freezing, continuous",15,15-16
1944,5e7e9a9bf9af8b1be143ed72,39,2020-03-11 15:29:19,2020-03-12 01:37:18,2020-03-11 17:29:13,5.745480277777777,2_39_130_31_2020-03-11 15:29:18.995862,2,CA-306,2-39-130-31,America/Los_Angeles,1366.0,400.0,8.0,20.0,60.0,"Wed, 11 Mar 2020 15:30:21 GMT",True,"Wed, 11 Mar 2020 16:29:19 GMT",1366.0,,,,,,,,,10.133055555555556,0 days 10:07:59,0 days 08:08:05,"Rain, not freezing, continuous",1,1-2
1945,5e7e9a9bf9af8b1be143ed73,39,2020-03-11 15:30:21,2020-03-11 16:10:25,2020-03-11 16:09:05,0.9649417562722108,2_39_78_366_2020-03-11 15:30:21.437009,2,CA-323,2-39-78-366,America/Los_Angeles,,,,,,,,,,,,,,,,,,0.6677777777777778,0 days 00:40:04,0 days 00:01:20,"Drizzle, not freezing, continuous",16,16-17
1946,5e7e9a9bf9af8b1be143ed74,39,2020-03-11 15:40:15,2020-03-12 00:56:06,2020-03-12 00:54:52,4.041,2_39_126_560_2020-03-11 15:40:14.729663,2,CA-506,2-39-126-560,America/Los_Angeles,1534.0,250.0,7.5,30.0,404.0,"Wed, 11 Mar 2020 15:40:15 GMT",True,"Wed, 11 Mar 2020 22:24:15 GMT",1534.0,,,,,,,,,9.264166666666666,0 days 09:15:51,0 days 00:01:14,"Rain, not freezing, continuous",0,0-1
1947,5e7e9a9bf9af8b1be143ed75,39,2020-03-11 15:45:17,2020-03-12 03:23:01,2020-03-11 17:32:46,4.56,2_39_129_17_2020-03-11 15:45:16.937391,2,CA-307,2-39-129-17,America/Los_Angeles,712.0,400.0,12.0,30.0,343.0,"Wed, 11 Mar 2020 16:21:11 GMT",True,"Wed, 11 Mar 2020 21:28:17 GMT",712.0,,,,,,,,,11.62888888888889,0 days 11:37:44,0 days 09:50:15,"Rain, not freezing, continuous",3,3-4
1948,5e7e9a9bf9af8b1be143ed76,39,2020-03-11 15:46:57,2020-03-12 00:25:24,2020-03-12 00:25:13,8.185,2_39_78_365_2020-03-11 15:46:57.108818,2,CA-321,2-39-78-365,America/Los_Angeles,6623.0,400.0,8.0,20.0,451.0,"Wed, 11 Mar 2020 15:47:49 GMT",True,"Wed, 11 Mar 2020 23:17:57 GMT",6623.0,,,,,,,,,8.640833333333333,0 days 08:38:27,0 days 00:00:11,"Rain, not freezing, continuous",0,0-1
1949,5e7e9a9bf9af8b1be143ed77,39,2020-03-11 15:50:12,2020-03-11 18:50:25,2020-03-11 18:40:33,1.041,2_39_79_380_2020-03-11 15:50:12.083509,2,CA-489,2-39-79-380,America/Los_Angeles,,,,,,,,,,,,,,,,,,3.0036111111111112,0 days 03:00:13,0 days 00:09:52,"Drizzle, not freezing, continuous",18,18-19
1950,5e7e9a9bf9af8b1be143ed78,39,2020-03-11 15:50:39,2020-03-12 02:20:31,2020-03-11 17:38:31,4.752,2_39_126_20_2020-03-11 15:50:18.586922,2,CA-310,2-39-126-20,America/Los_Angeles,5594.0,360.0,7.2,20.0,383.0,"Wed, 11 Mar 2020 15:50:38 GMT",True,"Wed, 11 Mar 2020 22:13:39 GMT",5594.0,360.0,7.2,20.0,411.0,"Wed, 11 Mar 2020 22:11:49 GMT",True,"Wed, 11 Mar 2020 22:41:39 GMT",5594.0,10.497777777777777,0 days 10:29:52,0 days 08:42:00,"Rain, not freezing, continuous",2,2-3
1951,5e7e9a9bf9af8b1be143ed79,39,2020-03-11 16:02:53,2020-03-12 02:45:21,2020-03-11 19:38:19,11.562,2_39_78_361_2020-03-11 16:02:53.457899,2,CA-493,2-39-78-361,America/Los_Angeles,69.0,400.0,40.0,100.0,363.0,"Wed, 11 Mar 2020 16:05:39 GMT",True,"Wed, 11 Mar 2020 22:05:53 GMT",69.0,,,,,,,,,10.707777777777778,0 days 10:42:28,0 days 07:07:02,"Rain, not freezing, continuous",2,2-3
1952,5e7e9a9bf9af8b1be143ed7a,39,2020-03-11 16:06:39,2020-03-12 01:11:04,2020-03-11 18:53:01,16.475,2_39_95_27_2020-03-11 16:06:39.404436,2,CA-319,2-39-95-27,America/Los_Angeles,714.0,400.0,32.0,80.0,447.0,"Wed, 11 Mar 2020 16:07:14 GMT",True,"Wed, 11 Mar 2020 23:33:39 GMT",714.0,,,,,,,,,9.073611111111111,0 days 09:04:25,0 days 06:18:03,"Rain, not freezing, continuous",1,1-2
1953,5e7e9a9bf9af8b1be143ed7b,39,2020-03-11 16:07:05,2020-03-11 23:32:52,2020-03-11 17:39:38,8.25,2_39_91_437_2020-03-11 16:07:05.132494,2,CA-317,2-39-91-437,America/Los_Angeles,1095.0,400.0,12.0,30.0,447.0,"Wed, 11 Mar 2020 16:08:51 GMT",True,"Wed, 11 Mar 2020 23:34:05 GMT",1095.0,,,,,,,,,7.429722222222222,0 days 07:25:47,0 days 05:53:14,"Drizzle, not freezing, continuous",23,23-24
1954,5e7e9a9bf9af8b1be143ed7c,39,2020-03-11 16:08:16,2020-03-11 23:31:02,2020-03-11 22:49:39,1.134,2_39_125_21_2020-03-11 16:08:16.079121,2,CA-311,2-39-125-21,America/Los_Angeles,,,,,,,,,,,,,,,,,,7.379444444444444,0 days 07:22:46,0 days 00:41:23,"Drizzle, not freezing, continuous",23,23-24
1955,5e7e9a9bf9af8b1be143ed7d,39,2020-03-11 16:26:49,2020-03-12 04:29:08,2020-03-11 17:37:36,2.111,2_39_92_436_2020-03-11 16:26:48.989511,2,CA-318,2-39-92-436,America/Los_Angeles,324.0,444.0,8.88,20.0,101.0,"Wed, 11 Mar 2020 16:27:16 GMT",True,"Wed, 11 Mar 2020 18:07:49 GMT",324.0,,,,,,,,,12.038611111111111,0 days 12:02:19,0 days 10:51:32,"Rain, not freezing, continuous",4,4-5
1956,5e7e9a9bf9af8b1be143ed7e,39,2020-03-11 16:26:50,2020-03-11 21:01:48,2020-03-11 20:40:31,1.009,2_39_78_366_2020-03-11 16:26:50.482843,2,CA-323,2-39-78-366,America/Los_Angeles,,,,,,,,,,,,,,,,,,4.582777777777777,0 days 04:34:58,0 days 00:21:17,"Drizzle, not freezing, continuous",21,21-22
1957,5e7e9a9bf9af8b1be143ed7f,39,2020-03-11 16:30:13,2020-03-12 00:09:14,2020-03-11 22:45:36,8.153,2_39_89_25_2020-03-11 16:30:13.447363,2,CA-315,2-39-89-25,America/Los_Angeles,1364.0,400.0,28.0,70.0,182.0,"Wed, 11 Mar 2020 19:57:42 GMT",True,"Wed, 11 Mar 2020 19:32:13 GMT",1364.0,400.0,28.0,70.0,182.0,"Wed, 11 Mar 2020 19:58:56 GMT",True,"Wed, 11 Mar 2020 19:32:13 GMT",1364.0,7.650277777777778,0 days 07:39:01,0 days 01:23:38,"Rain, not freezing, continuous",0,0-1
1958,5e7e9a9bf9af8b1be143ed80,39,2020-03-11 17:11:30,2020-03-12 02:15:33,2020-03-11 21:19:28,11.821,2_39_78_363_2020-03-11 17:11:29.989512,2,CA-320,2-39-78-363,America/Los_Angeles,558.0,400.0,28.0,70.0,60.0,"Wed, 11 Mar 2020 17:11:33 GMT",True,"Wed, 11 Mar 2020 18:11:30 GMT",558.0,,,,,,,,,9.0675,0 days 09:04:03,0 days 04:56:05,"Rain, not freezing, continuous",2,2-3
1959,5e7e9a9bf9af8b1be143ed81,39,2020-03-11 17:25:50,2020-03-12 02:07:43,2020-03-12 02:08:39,43.915,2_39_78_362_2020-03-11 17:25:41.469074,2,CA-496,2-39-78-362,America/Los_Angeles,2743.0,240.0,60.0,250.0,652.0,"Wed, 11 Mar 2020 17:25:50 GMT",True,"Thu, 12 Mar 2020 04:17:50 GMT",2743.0,,,,,,,,,8.698055555555555,0 days 08:41:53,-1 days +23:59:04,"Rain, not freezing, continuous",2,2-3
1960,5e7e9a9bf9af8b1be143ed82,39,2020-03-11 18:31:12,2020-03-12 01:10:09,2020-03-11 19:31:13,2.592,2_39_127_19_2020-03-11 18:31:16.333147,2,CA-309,2-39-127-19,America/Los_Angeles,1864.0,400.0,12.0,30.0,391.0,"Wed, 11 Mar 2020 18:31:33 GMT",True,"Thu, 12 Mar 2020 01:02:12 GMT",1864.0,,,,,,,,,6.649166666666667,0 days 06:38:57,0 days 05:38:56,"Rain, not freezing, continuous",1,1-2
1961,5e7e9a9bf9af8b1be143ed83,39,2020-03-11 18:31:44,2020-03-12 00:15:26,2020-03-11 19:21:18,2.039,2_39_123_23_2020-03-11 18:31:43.888626,2,CA-313,2-39-123-23,America/Los_Angeles,891.0,400.0,8.0,20.0,216.0,"Wed, 11 Mar 2020 18:32:02 GMT",True,"Wed, 11 Mar 2020 22:07:44 GMT",891.0,,,,,,,,,5.7283333333333335,0 days 05:43:42,0 days 04:54:08,"Rain, not freezing, continuous",0,0-1
1962,5e7e9a9bf9af8b1be143ed84,39,2020-03-11 20:10:13,2020-03-12 02:17:04,2020-03-11 22:12:51,6.531,2_39_90_26_2020-03-11 20:10:12.680511,2,CA-316,2-39-90-26,America/Los_Angeles,1124.0,400.0,8.0,20.0,60.0,"Wed, 11 Mar 2020 20:10:39 GMT",True,"Wed, 11 Mar 2020 21:10:13 GMT",1124.0,,,,,,,,,6.114166666666667,0 days 06:06:51,0 days 04:04:13,"Rain, not freezing, continuous",2,2-3
1963,5e7e9a9bf9af8b1be143ed85,39,2020-03-11 20:25:17,2020-03-12 04:11:21,2020-03-11 22:44:53,9.021,2_39_79_383_2020-03-11 20:25:17.302310,2,CA-492,2-39-79-383,America/Los_Angeles,1137.0,400.0,32.0,80.0,336.0,"Wed, 11 Mar 2020 20:25:31 GMT",True,"Thu, 12 Mar 2020 02:01:17 GMT",1137.0,,,,,,,,,7.767777777777778,0 days 07:46:04,0 days 05:26:28,"Rain, not freezing, continuous",4,4-5
1964,5e7e9a9bf9af8b1be143ed86,39,2020-03-11 20:27:09,2020-03-11 23:28:09,2020-03-11 23:24:30,0.986,2_39_79_380_2020-03-11 20:27:09.357144,2,CA-489,2-39-79-380,America/Los_Angeles,,,,,,,,,,,,,,,,,,3.0166666666666666,0 days 03:01:00,0 days 00:03:39,"Drizzle, not freezing, continuous",23,23-24
1965,5e7e9a9bf9af8b1be143ed87,39,2020-03-11 20:35:46,2020-03-11 23:53:54,2020-03-11 23:39:55,1.063,2_39_83_387_2020-03-11 20:35:46.025135,2,CA-149,2-39-83-387,America/Los_Angeles,,,,,,,,,,,,,,,,,,3.3022222222222224,0 days 03:18:08,0 days 00:13:59,"Drizzle, not freezing, continuous",23,23-24
1966,5e7e9a9bf9af8b1be143ed88,39,2020-03-11 22:26:48,2020-03-12 02:27:34,2020-03-12 00:39:37,6.374,2_39_78_360_2020-03-11 22:26:48.481777,2,CA-322,2-39-78-360,America/Los_Angeles,3577.0,419.0,8.38,20.0,184.0,"Wed, 11 Mar 2020 22:29:05 GMT",True,"Thu, 12 Mar 2020 01:30:48 GMT",3577.0,,,,,,,,,4.012777777777778,0 days 04:00:46,0 days 01:47:57,"Rain, not freezing, continuous",2,2-3
1967,5e7e9a9bf9af8b1be143ed89,39,2020-03-12 00:33:33,2020-03-12 01:31:24,2020-03-12 01:31:19,5.99,2_39_79_382_2020-03-12 00:33:32.609501,2,CA-491,2-39-79-382,America/Los_Angeles,4701.0,300.0,6.0,20.0,82.0,"Thu, 12 Mar 2020 00:33:46 GMT",True,"Thu, 12 Mar 2020 01:55:33 GMT",4701.0,,,,,,,,,0.9641666666666666,0 days 00:57:51,0 days 00:00:05,"Rain, not freezing, continuous",1,1-2
1968,5e7e9a9bf9af8b1be143ed8a,39,2020-03-12 03:30:09,2020-03-12 04:03:47,2020-03-12 04:03:43,1.153,2_39_139_28_2020-03-12 03:30:08.549107,2,CA-303,2-39-139-28,America/Los_Angeles,6638.0,264.0,5.28,20.0,128.0,"Thu, 12 Mar 2020 03:57:45 GMT",True,"Thu, 12 Mar 2020 05:38:09 GMT",6638.0,,,,,,,,,0.5605555555555556,0 days 00:33:38,0 days 00:00:04,"Rain, not freezing, continuous",4,4-5
1969,5e7fec1af9af8b1fc4c8d3ca,39,2020-03-12 14:27:29,2020-03-13 00:41:11,2020-03-12 20:35:25,32.711,2_39_78_365_2020-03-12 14:27:29.395243,2,CA-321,2-39-78-365,America/Los_Angeles,3853.0,360.0,50.4,140.0,505.0,"Thu, 12 Mar 2020 14:27:39 GMT",True,"Thu, 12 Mar 2020 22:52:29 GMT",3853.0,,,,,,,,,10.228333333333333,0 days 10:13:42,0 days 04:05:46,"Drizzle, not freezing, continuous",0,0-1
1970,5e7fec1af9af8b1fc4c8d3cb,39,2020-03-12 14:42:58,2020-03-13 00:29:19,2020-03-12 16:03:38,2.941,2_39_79_382_2020-03-12 14:42:57.549555,2,CA-491,2-39-79-382,America/Los_Angeles,4701.0,300.0,9.0,30.0,425.0,"Thu, 12 Mar 2020 14:43:05 GMT",True,"Thu, 12 Mar 2020 21:47:58 GMT",4701.0,,,,,,,,,9.7725,0 days 09:46:21,0 days 08:25:41,"Drizzle, not freezing, continuous",0,0-1
1971,5e7fec1af9af8b1fc4c8d3cc,39,2020-03-12 14:53:20,2020-03-13 00:24:10,2020-03-12 16:10:30,4.104,2_39_92_442_2020-03-12 14:53:19.573922,2,CA-498,2-39-92-442,America/Los_Angeles,1524.0,400.0,8.0,20.0,129.0,"Thu, 12 Mar 2020 15:00:48 GMT",True,"Thu, 12 Mar 2020 17:02:20 GMT",1524.0,,,,,,,,,9.51388888888889,0 days 09:30:50,0 days 08:13:40,"Drizzle, not freezing, continuous",0,0-1
1972,5e7fec1af9af8b1fc4c8d3cd,39,2020-03-12 15:30:38,2020-03-13 02:07:55,2020-03-12 17:25:34,7.453294504180076,2_39_78_363_2020-03-12 15:30:37.856093,2,CA-320,2-39-78-363,America/Los_Angeles,2244.0,400.0,8.0,20.0,60.0,"Thu, 12 Mar 2020 15:31:08 GMT",True,"Thu, 12 Mar 2020 16:30:38 GMT",2244.0,,,,,,,,,10.62138888888889,0 days 10:37:17,0 days 08:42:21,"Drizzle, not freezing, continuous",2,2-3
1973,5e7fec1af9af8b1fc4c8d3ce,39,2020-03-12 15:35:12,2020-03-13 00:04:14,2020-03-12 23:59:59,1.141,2_39_79_379_2020-03-12 15:35:11.534196,2,CA-327,2-39-79-379,America/Los_Angeles,,,,,,,,,,,,,,,,,,8.483888888888888,0 days 08:29:02,0 days 00:04:15,"Drizzle, not freezing, continuous",0,0-1
1974,5e7fec1af9af8b1fc4c8d3cf,39,2020-03-12 15:40:13,2020-03-13 00:13:03,2020-03-12 16:47:31,6.097,2_39_89_25_2020-03-12 15:40:12.696183,2,CA-315,2-39-89-25,America/Los_Angeles,431.0,300.0,21.0,70.0,270.0,"Thu, 12 Mar 2020 15:40:19 GMT",True,"Thu, 12 Mar 2020 20:10:13 GMT",431.0,,,,,,,,,8.547222222222222,0 days 08:32:50,0 days 07:25:32,"Drizzle, not freezing, continuous",0,0-1
1975,5e7fec1af9af8b1fc4c8d3d0,39,2020-03-12 15:40:40,2020-03-12 20:16:47,2020-03-12 17:24:26,5.242,2_39_139_28_2020-03-12 15:40:40.125156,2,CA-303,2-39-139-28,America/Los_Angeles,562.0,325.0,6.5,20.0,196.0,"Thu, 12 Mar 2020 15:42:32 GMT",True,"Thu, 12 Mar 2020 18:56:40 GMT",562.0,,,,,,,,,4.601944444444444,0 days 04:36:07,0 days 02:52:21,"Rain, not freezing, continuous",20,20-21
1976,5e7fec1af9af8b1fc4c8d3d1,39,2020-03-12 15:41:33,2020-03-12 23:18:35,2020-03-12 17:53:46,1.136,2_39_78_364_2020-03-12 15:41:32.620928,2,CA-495,2-39-78-364,America/Los_Angeles,,,,,,,,,,,,,,,,,,7.617222222222222,0 days 07:37:02,0 days 05:24:49,"Rain, not freezing, continuous",23,23-24
1977,5e7fec1af9af8b1fc4c8d3d2,39,2020-03-12 15:45:13,2020-03-12 19:38:49,2020-03-12 19:17:08,7.916,2_39_79_381_2020-03-12 15:45:12.617250,2,CA-490,2-39-79-381,America/Los_Angeles,671.0,267.0,26.7,100.0,247.0,"Thu, 12 Mar 2020 15:45:33 GMT",True,"Thu, 12 Mar 2020 19:52:13 GMT",671.0,,,,,,,,,3.8933333333333335,0 days 03:53:36,0 days 00:21:41,"Rain, not freezing, continuous",19,19-20
1978,5e7fec1af9af8b1fc4c8d3d3,39,2020-03-12 16:11:08,2020-03-13 02:45:27,2020-03-12 17:20:06,2.253,2_39_95_27_2020-03-12 16:11:07.767308,2,CA-319,2-39-95-27,America/Los_Angeles,1082.0,400.0,8.0,20.0,64.0,"Thu, 12 Mar 2020 16:12:56 GMT",True,"Thu, 12 Mar 2020 17:15:08 GMT",1082.0,,,,,,,,,10.571944444444444,0 days 10:34:19,0 days 09:25:21,"Drizzle, not freezing, continuous",2,2-3
1979,5e7fec1af9af8b1fc4c8d3d4,39,2020-03-12 16:40:34,2020-03-13 00:01:00,2020-03-12 18:55:18,10.312,2_39_79_377_2020-03-12 16:40:34.203491,2,CA-325,2-39-79-377,America/Los_Angeles,714.0,400.0,32.0,80.0,447.0,"Thu, 12 Mar 2020 16:41:39 GMT",True,"Fri, 13 Mar 2020 00:07:34 GMT",714.0,,,,,,,,,7.3405555555555555,0 days 07:20:26,0 days 05:05:42,"Drizzle, not freezing, continuous",0,0-1
1980,5e7fec1af9af8b1fc4c8d3d5,39,2020-03-12 16:48:56,2020-03-13 01:13:35,2020-03-13 00:54:52,3.627,2_39_123_23_2020-03-12 16:48:56.132744,2,CA-313,2-39-123-23,America/Los_Angeles,2170.0,400.0,28.0,70.0,417.0,"Thu, 12 Mar 2020 16:49:18 GMT",True,"Thu, 12 Mar 2020 23:45:56 GMT",2170.0,,,,,,,,,8.410833333333333,0 days 08:24:39,0 days 00:18:43,"Drizzle, not freezing, continuous",1,1-2
1981,5e7fec1af9af8b1fc4c8d3d6,39,2020-03-12 16:50:19,2020-03-13 00:45:12,2020-03-12 18:59:54,5.997,2_39_79_383_2020-03-12 16:50:18.744404,2,CA-492,2-39-79-383,America/Los_Angeles,1222.0,400.0,8.0,20.0,72.0,"Thu, 12 Mar 2020 16:50:20 GMT",True,"Thu, 12 Mar 2020 18:02:19 GMT",1222.0,,,,,,,,,7.914722222222222,0 days 07:54:53,0 days 05:45:18,"Drizzle, not freezing, continuous",0,0-1
1982,5e7fec1af9af8b1fc4c8d3d7,39,2020-03-12 17:15:33,2020-03-13 00:48:13,2020-03-12 19:37:54,9.759132777777776,2_39_79_376_2020-03-12 17:15:33.189234,2,CA-324,2-39-79-376,America/Los_Angeles,1137.0,400.0,32.0,80.0,431.0,"Thu, 12 Mar 2020 17:16:33 GMT",True,"Fri, 13 Mar 2020 00:26:33 GMT",1137.0,,,,,,,,,7.544444444444444,0 days 07:32:40,0 days 05:10:19,"Drizzle, not freezing, continuous",0,0-1
1983,5e7fec1af9af8b1fc4c8d3d8,39,2020-03-12 17:19:04,2020-03-13 01:11:40,2020-03-13 00:15:19,1.134,2_39_127_19_2020-03-12 17:19:04.132167,2,CA-309,2-39-127-19,America/Los_Angeles,,,,,,,,,,,,,,,,,,7.876666666666667,0 days 07:52:36,0 days 00:56:21,"Drizzle, not freezing, continuous",1,1-2
1984,5e7fec1af9af8b1fc4c8d3d9,39,2020-03-12 17:42:53,2020-03-12 18:37:57,2020-03-12 18:33:50,1.130628733571921,2_39_78_366_2020-03-12 17:42:53.075069,2,CA-323,2-39-78-366,America/Los_Angeles,,,,,,,,,,,,,,,,,,0.9177777777777778,0 days 00:55:04,0 days 00:04:07,"Rain, not freezing, continuous",18,18-19
1985,5e7fec1af9af8b1fc4c8d3da,39,2020-03-12 17:47:25,2020-03-12 20:17:37,2020-03-12 20:14:12,0.92,2_39_79_380_2020-03-12 17:47:25.065352,2,CA-489,2-39-79-380,America/Los_Angeles,,,,,,,,,,,,,,,,,,2.5033333333333334,0 days 02:30:12,0 days 00:03:25,"Rain, not freezing, continuous",20,20-21
1986,5e7fec1af9af8b1fc4c8d3db,39,2020-03-12 18:05:15,2020-03-12 22:55:26,2020-03-12 22:54:55,12.443,2_39_91_437_2020-03-12 18:05:14.606067,2,CA-317,2-39-91-437,America/Los_Angeles,668.0,600.0,12.0,20.0,87.0,"Thu, 12 Mar 2020 18:05:21 GMT",True,"Thu, 12 Mar 2020 19:32:15 GMT",668.0,,,,,,,,,4.836388888888889,0 days 04:50:11,0 days 00:00:31,"Rain, not freezing, continuous",22,22-23
1987,5e7fec1af9af8b1fc4c8d3dc,39,2020-03-12 18:06:52,2020-03-12 20:52:19,2020-03-12 20:05:09,11.596,2_39_91_441_2020-03-12 18:06:52.313654,2,CA-499,2-39-91-441,America/Los_Angeles,69.0,400.0,40.0,100.0,363.0,"Thu, 12 Mar 2020 18:07:05 GMT",True,"Fri, 13 Mar 2020 00:09:52 GMT",69.0,,,,,,,,,2.7575,0 days 02:45:27,0 days 00:47:10,"Rain, not freezing, continuous",20,20-21
1988,5e7fec1af9af8b1fc4c8d3dd,39,2020-03-12 18:51:19,2020-03-12 20:10:45,2020-03-12 19:20:39,0.608,2_39_78_366_2020-03-12 18:51:19.117548,2,CA-323,2-39-78-366,America/Los_Angeles,,,,,,,,,,,,,,,,,,1.323888888888889,0 days 01:19:26,0 days 00:50:06,"Rain, not freezing, continuous",20,20-21
1989,5e7fec1af9af8b1fc4c8d3de,39,2020-03-12 19:50:18,2020-03-13 01:21:18,2020-03-12 21:01:04,3.855,2_39_125_21_2020-03-12 19:49:46.261295,2,CA-311,2-39-125-21,America/Los_Angeles,567.0,400.0,8.0,20.0,459.0,"Thu, 12 Mar 2020 19:50:17 GMT",True,"Fri, 13 Mar 2020 03:29:18 GMT",567.0,,,,,,,,,5.516666666666667,0 days 05:31:00,0 days 04:20:14,"Drizzle, not freezing, continuous",1,1-2
1990,5e7fec1af9af8b1fc4c8d3df,39,2020-03-12 20:18:47,2020-03-13 00:48:07,2020-03-12 22:31:10,6.491,2_39_78_360_2020-03-12 20:18:58.928494,2,CA-322,2-39-78-360,America/Los_Angeles,1124.0,400.0,8.0,20.0,60.0,"Thu, 12 Mar 2020 20:19:14 GMT",True,"Thu, 12 Mar 2020 21:18:47 GMT",1124.0,,,,,,,,,4.488888888888889,0 days 04:29:20,0 days 02:16:57,"Drizzle, not freezing, continuous",0,0-1
1991,5e7fec1af9af8b1fc4c8d3e0,39,2020-03-12 20:20:15,2020-03-13 00:22:12,2020-03-12 20:20:06,0.773461768219581,2_39_78_366_2020-03-12 20:20:14.592808,2,CA-323,2-39-78-366,America/Los_Angeles,560.0,400.0,32.0,80.0,132.0,"Thu, 12 Mar 2020 20:20:23 GMT",True,"Thu, 12 Mar 2020 22:32:15 GMT",560.0,400.0,32.0,80.0,298.0,"Fri, 13 Mar 2020 00:18:54 GMT",True,"Fri, 13 Mar 2020 01:18:15 GMT",560.0,4.0325,0 days 04:01:57,0 days 04:02:06,"Drizzle, not freezing, continuous",0,0-1
1992,5e7fec1af9af8b1fc4c8d3e1,39,2020-03-12 23:50:29,2020-03-13 02:14:09,2020-03-13 01:45:17,4.212,2_39_138_29_2020-03-12 23:50:19.842441,2,CA-304,2-39-138-29,America/Los_Angeles,3123.0,400.0,4.0,10.0,161.0,"Thu, 12 Mar 2020 23:50:29 GMT",True,"Fri, 13 Mar 2020 02:31:29 GMT",3123.0,,,,,,,,,2.3944444444444444,0 days 02:23:40,0 days 00:28:52,"Drizzle, not freezing, continuous",2,2-3
1993,5e7fec1af9af8b1fc4c8d3e2,39,2020-03-13 03:15:28,2020-03-13 05:38:27,2020-03-13 05:38:24,13.896,2_39_130_31_2020-03-13 03:15:27.913856,2,CA-306,2-39-130-31,America/Los_Angeles,1099.0,400.0,32.0,80.0,129.0,"Fri, 13 Mar 2020 03:16:17 GMT",True,"Fri, 13 Mar 2020 05:24:28 GMT",1099.0,,,,,,,,,2.3830555555555555,0 days 02:22:59,0 days 00:00:03,"Drizzle, not freezing, continuous",5,5-6
1994,5e7fec1af9af8b1fc4c8d3e3,39,2020-03-13 03:22:42,2020-03-13 04:47:18,2020-03-13 04:47:13,4.649,2_39_139_28_2020-03-13 03:22:42.261524,2,CA-303,2-39-139-28,America/Los_Angeles,1263.0,400.0,8.0,20.0,115.0,"Fri, 13 Mar 2020 03:23:21 GMT",True,"Fri, 13 Mar 2020 05:17:42 GMT",1263.0,,,,,,,,,1.41,0 days 01:24:36,0 days 00:00:05,"Drizzle, not freezing, continuous",4,4-5
1995,5e813d8ff9af8b23a8a39cf4,39,2020-03-13 15:34:24,2020-03-14 01:17:31,2020-03-13 15:58:59,1.473,2_39_79_379_2020-03-13 15:34:24.183289,2,CA-327,2-39-79-379,America/Los_Angeles,751.0,400.0,28.0,70.0,720.0,"Fri, 13 Mar 2020 15:35:41 GMT",True,"Sat, 14 Mar 2020 03:34:24 GMT",751.0,,,,,,,,,9.71861111111111,0 days 09:43:07,0 days 09:18:32,Clouds generally forming or developing,1,1-2
1996,5e813d8ff9af8b23a8a39cf5,39,2020-03-13 16:39:54,2020-03-14 01:19:56,2020-03-13 18:18:32,9.844,2_39_79_381_2020-03-13 16:39:53.605370,2,CA-490,2-39-79-381,America/Los_Angeles,1095.0,400.0,16.0,40.0,447.0,"Fri, 13 Mar 2020 16:40:03 GMT",True,"Sat, 14 Mar 2020 00:06:54 GMT",1095.0,,,,,,,,,8.667222222222222,0 days 08:40:02,0 days 07:01:24,Clouds generally forming or developing,1,1-2
1997,5e813d8ff9af8b23a8a39cf6,39,2020-03-13 17:06:46,2020-03-13 21:22:43,2020-03-13 19:03:36,5.95,2_39_138_29_2020-03-13 17:06:45.690006,2,CA-304,2-39-138-29,America/Los_Angeles,1366.0,400.0,8.0,20.0,60.0,"Fri, 13 Mar 2020 17:07:01 GMT",True,"Fri, 13 Mar 2020 18:06:46 GMT",1366.0,,,,,,,,,4.265833333333333,0 days 04:15:57,0 days 02:19:07,"Drizzle, not freezing, continuous",21,21-22
1998,5e813d8ff9af8b23a8a39cf7,39,2020-03-13 17:10:51,2020-03-14 00:32:46,2020-03-13 18:49:31,10.699,2_39_91_437_2020-03-13 17:10:50.573361,2,CA-317,2-39-91-437,America/Los_Angeles,6049.0,267.0,10.68,40.0,353.0,"Fri, 13 Mar 2020 17:11:38 GMT",True,"Fri, 13 Mar 2020 23:03:51 GMT",6049.0,,,,,,,,,7.365277777777778,0 days 07:21:55,0 days 05:43:15,Clouds generally forming or developing,0,0-1
1999,5e813d8ff9af8b23a8a39cf8,39,2020-03-13 17:41:53,2020-03-13 19:50:42,2020-03-13 18:12:29,0.718,2_39_78_366_2020-03-13 17:41:52.824287,2,CA-323,2-39-78-366,America/Los_Angeles,,,,,,,,,,,,,,,,,,2.1469444444444443,0 days 02:08:49,0 days 01:38:13,"Drizzle, not freezing, continuous",19,19-20
2000,5e813d8ff9af8b23a8a39cf9,39,2020-03-13 18:08:54,2020-03-13 22:37:39,2020-03-13 20:00:11,11.79,2_39_78_363_2020-03-13 18:08:54.034304,2,CA-320,2-39-78-363,America/Los_Angeles,668.0,600.0,18.0,30.0,87.0,"Fri, 13 Mar 2020 18:09:06 GMT",True,"Fri, 13 Mar 2020 19:35:54 GMT",668.0,,,,,,,,,4.479166666666667,0 days 04:28:45,0 days 02:37:28,"Drizzle, not freezing, continuous",22,22-23
2001,5e813d8ff9af8b23a8a39cfa,39,2020-03-13 21:52:23,2020-03-14 01:34:35,2020-03-13 23:57:06,6.371,2_39_123_23_2020-03-13 21:52:13.668237,2,CA-313,2-39-123-23,America/Los_Angeles,5594.0,360.0,7.2,20.0,411.0,"Fri, 13 Mar 2020 21:52:22 GMT",True,"Sat, 14 Mar 2020 04:43:23 GMT",5594.0,360.0,7.2,20.0,411.0,"Fri, 13 Mar 2020 21:52:58 GMT",True,"Sat, 14 Mar 2020 04:43:23 GMT",5594.0,3.703333333333333,0 days 03:42:12,0 days 01:37:29,Clouds generally forming or developing,1,1-2
2002,5e813d8ff9af8b23a8a39cfb,39,2020-03-13 22:23:00,2020-03-13 23:15:57,2020-03-13 23:04:22,1.746,2_39_138_29_2020-03-13 22:23:00.230187,2,CA-304,2-39-138-29,America/Los_Angeles,1366.0,400.0,8.0,20.0,60.0,"Fri, 13 Mar 2020 22:23:20 GMT",True,"Fri, 13 Mar 2020 23:23:00 GMT",1366.0,,,,,,,,,0.8825,0 days 00:52:57,0 days 00:11:35,"Drizzle, not freezing, continuous",23,23-24
2003,5e813d8ff9af8b23a8a39cfc,39,2020-03-14 00:35:56,2020-03-14 01:36:33,2020-03-14 01:36:25,3.277,2_39_139_28_2020-03-14 00:35:56.114144,2,CA-303,2-39-139-28,America/Los_Angeles,365.0,333.0,9.99,30.0,104.0,"Sat, 14 Mar 2020 00:36:12 GMT",True,"Sat, 14 Mar 2020 02:19:56 GMT",365.0,,,,,,,,,1.0102777777777778,0 days 01:00:37,0 days 00:00:08,Clouds generally forming or developing,1,1-2
2004,5e813d8ff9af8b23a8a39cfd,39,2020-03-14 02:59:38,2020-03-14 05:28:12,2020-03-14 05:05:55,14.172,2_39_139_28_2020-03-14 02:59:38.237351,2,CA-303,2-39-139-28,America/Los_Angeles,1085.0,236.0,14.16,60.0,142.0,"Sat, 14 Mar 2020 03:00:19 GMT",True,"Sat, 14 Mar 2020 05:21:38 GMT",1085.0,236.0,14.16,60.0,253.0,"Sat, 14 Mar 2020 05:02:45 GMT",True,"Sat, 14 Mar 2020 07:12:38 GMT",1085.0,2.476111111111111,0 days 02:28:34,0 days 00:22:17,Clouds generally forming or developing,5,5-6
2005,5e813d8ff9af8b23a8a39cfe,39,2020-03-14 03:29:15,2020-03-14 04:30:16,2020-03-14 04:30:11,3.493,2_39_125_21_2020-03-14 03:29:14.820199,2,CA-311,2-39-125-21,America/Los_Angeles,4622.0,300.0,6.0,20.0,61.0,"Sat, 14 Mar 2020 03:29:42 GMT",True,"Sat, 14 Mar 2020 04:30:15 GMT",4622.0,,,,,,,,,1.0169444444444444,0 days 01:01:01,0 days 00:00:05,Clouds generally forming or developing,4,4-5
2006,5e828f0cf9af8b279cf8cf1e,39,2020-03-14 22:10:09,2020-03-15 00:03:22,2020-03-14 23:39:47,4.421,2_39_127_19_2020-03-14 22:10:08.782212,2,CA-309,2-39-127-19,America/Los_Angeles,4622.0,300.0,6.0,20.0,61.0,"Sat, 14 Mar 2020 22:10:13 GMT",True,"Sat, 14 Mar 2020 23:11:09 GMT",4622.0,,,,,,,,,1.8869444444444445,0 days 01:53:13,0 days 00:23:35,Clouds generally forming or developing,0,0-1
2007,5e828f0cf9af8b279cf8cf1f,39,2020-03-14 23:26:22,2020-03-15 01:01:09,2020-03-14 23:56:38,0.83,2_39_131_30_2020-03-14 23:26:22.302223,2,CA-305,2-39-131-30,America/Los_Angeles,,,,,,,,,,,,,,,,,,1.5797222222222222,0 days 01:34:47,0 days 01:04:31,Clouds generally forming or developing,1,1-2
2008,5e828f0cf9af8b279cf8cf20,39,2020-03-15 00:57:31,2020-03-15 02:04:23,2020-03-15 02:04:18,3.868,2_39_129_17_2020-03-15 00:57:31.406861,2,CA-307,2-39-129-17,America/Los_Angeles,365.0,333.0,9.99,30.0,104.0,"Sun, 15 Mar 2020 00:57:51 GMT",True,"Sun, 15 Mar 2020 02:41:31 GMT",365.0,,,,,,,,,1.1144444444444443,0 days 01:06:52,0 days 00:00:05,Clouds generally forming or developing,2,2-3
2009,5e828f0cf9af8b279cf8cf21,39,2020-03-15 05:58:50,2020-03-15 18:17:49,2020-03-15 10:24:58,29.647,2_39_90_440_2020-03-15 05:58:50.402351,2,CA-500,2-39-90-440,America/Los_Angeles,292.0,200.0,48.0,240.0,685.0,"Sun, 15 Mar 2020 05:59:10 GMT",True,"Sun, 15 Mar 2020 17:23:50 GMT",292.0,,,,,,,,,12.31638888888889,0 days 12:18:59,0 days 07:52:51,Clouds generally forming or developing,18,18-19
2010,5e83e091f9af8b2b6eaaeae8,39,2020-03-15 17:34:43,2020-03-15 20:17:40,2020-03-15 20:17:31,18.497,2_39_139_28_2020-03-15 17:34:43.180074,2,CA-303,2-39-139-28,America/Los_Angeles,1085.0,236.0,28.32,120.0,253.0,"Sun, 15 Mar 2020 17:35:52 GMT",True,"Sun, 15 Mar 2020 21:47:43 GMT",1085.0,,,,,,,,,2.7158333333333333,0 days 02:42:57,0 days 00:00:09,Clouds generally forming or developing,20,20-21
2011,5e83e091f9af8b2b6eaaeae9,39,2020-03-15 18:02:46,2020-03-16 00:47:00,2020-03-15 19:53:29,4.667025,2_39_79_382_2020-03-15 18:02:46.014296,2,CA-491,2-39-79-382,America/Los_Angeles,4701.0,300.0,9.0,30.0,306.0,"Sun, 15 Mar 2020 18:02:51 GMT",True,"Sun, 15 Mar 2020 23:08:46 GMT",4701.0,,,,,,,,,6.737222222222222,0 days 06:44:14,0 days 04:53:31,Clouds generally forming or developing,0,0-1
2012,5e83e091f9af8b2b6eaaeaea,39,2020-03-15 18:12:11,2020-03-17 02:29:29,2020-03-16 02:01:58,51.337,2_39_131_30_2020-03-15 18:12:10.513452,2,CA-305,2-39-131-30,America/Los_Angeles,489.0,446.0,107.04,240.0,450.0,"Sun, 15 Mar 2020 18:12:30 GMT",True,"Mon, 16 Mar 2020 01:42:11 GMT",489.0,446.0,107.04,240.0,471.0,"Sun, 15 Mar 2020 18:12:36 GMT",True,"Mon, 16 Mar 2020 02:03:11 GMT",489.0,32.288333333333334,1 days 08:17:18,1 days 00:27:31,Clouds generally forming or developing,2,2-3
2013,5e83e091f9af8b2b6eaaeaeb,39,2020-03-15 19:18:58,2020-03-16 18:35:51,2020-03-15 23:01:58,13.097,2_39_79_383_2020-03-15 19:18:57.606977,2,CA-492,2-39-79-383,America/Los_Angeles,4913.0,400.0,20.0,50.0,529.0,"Sun, 15 Mar 2020 19:20:16 GMT",True,"Mon, 16 Mar 2020 04:07:58 GMT",4913.0,,,,,,,,,23.281388888888888,0 days 23:16:53,0 days 19:33:53,Clouds generally forming or developing,18,18-19
2014,5e83e091f9af8b2b6eaaeaec,39,2020-03-15 19:36:14,2020-03-15 21:35:46,2020-03-15 21:35:41,9.595,2_39_129_17_2020-03-15 19:36:14.399346,2,CA-307,2-39-129-17,America/Los_Angeles,2290.0,425.0,29.75,70.0,446.0,"Sun, 15 Mar 2020 19:38:34 GMT",True,"Mon, 16 Mar 2020 03:02:14 GMT",2290.0,,,,,,,,,1.9922222222222221,0 days 01:59:32,0 days 00:00:05,Clouds generally forming or developing,21,21-22
2015,5e83e091f9af8b2b6eaaeaed,39,2020-03-15 20:16:55,2020-03-15 22:16:43,2020-03-15 22:16:38,6.368,2_39_138_29_2020-03-15 20:16:54.513638,2,CA-304,2-39-138-29,America/Los_Angeles,1395.0,400.0,8.0,20.0,390.0,"Sun, 15 Mar 2020 20:17:30 GMT",True,"Mon, 16 Mar 2020 02:46:55 GMT",1395.0,,,,,,,,,1.9966666666666666,0 days 01:59:48,0 days 00:00:05,Clouds generally forming or developing,22,22-23
2016,5e83e091f9af8b2b6eaaeaee,39,2020-03-15 22:16:29,2020-03-16 06:02:08,2020-03-16 03:50:07,35.177,2_39_139_28_2020-03-15 22:16:28.974490,2,CA-303,2-39-139-28,America/Los_Angeles,1085.0,236.0,42.48,180.0,389.0,"Sun, 15 Mar 2020 22:17:30 GMT",True,"Mon, 16 Mar 2020 04:45:29 GMT",1085.0,236.0,42.48,180.0,410.0,"Mon, 16 Mar 2020 04:39:04 GMT",True,"Mon, 16 Mar 2020 05:06:29 GMT",1085.0,7.760833333333333,0 days 07:45:39,0 days 02:12:01,Clouds generally forming or developing,6,6-7
2017,5e83e091f9af8b2b6eaaeaef,39,2020-03-15 22:38:49,2020-03-16 00:35:44,2020-03-15 23:23:32,1.736,2_39_125_21_2020-03-15 22:38:25.990052,2,CA-311,2-39-125-21,America/Los_Angeles,4622.0,300.0,6.0,20.0,61.0,"Sun, 15 Mar 2020 22:38:48 GMT",True,"Sun, 15 Mar 2020 23:39:49 GMT",4622.0,,,,,,,,,1.948611111111111,0 days 01:56:55,0 days 01:12:12,Clouds generally forming or developing,0,0-1
2018,5e83e091f9af8b2b6eaaeaf0,39,2020-03-16 00:33:03,2020-03-16 01:12:27,2020-03-16 01:12:22,2.073,2_39_129_17_2020-03-16 00:33:03.447051,2,CA-307,2-39-129-17,America/Los_Angeles,365.0,333.0,9.99,30.0,104.0,"Mon, 16 Mar 2020 00:33:08 GMT",True,"Mon, 16 Mar 2020 02:17:03 GMT",365.0,,,,,,,,,0.6566666666666666,0 days 00:39:24,0 days 00:00:05,Clouds generally forming or developing,1,1-2
2019,5e853211f9af8b2fb505679a,39,2020-03-16 07:51:17,2020-03-16 22:12:39,2020-03-16 15:31:06,51.237,2_39_139_28_2020-03-16 07:51:17.415039,2,CA-303,2-39-139-28,America/Los_Angeles,67.0,250.0,50.0,200.0,472.0,"Mon, 16 Mar 2020 07:51:39 GMT",True,"Mon, 16 Mar 2020 15:43:17 GMT",67.0,250.0,50.0,200.0,900.0,"Mon, 16 Mar 2020 14:23:13 GMT",True,"Mon, 16 Mar 2020 22:51:17 GMT",67.0,14.356111111111112,0 days 14:21:22,0 days 06:41:33,Clouds generally forming or developing,22,22-23
2020,5e853211f9af8b2fb505679b,39,2020-03-16 14:16:18,2020-03-16 16:48:13,2020-03-16 16:48:09,16.202,2_39_91_437_2020-03-16 14:16:18.448509,2,CA-317,2-39-91-437,America/Los_Angeles,431.0,300.0,21.0,70.0,189.0,"Mon, 16 Mar 2020 14:16:39 GMT",True,"Mon, 16 Mar 2020 17:25:18 GMT",431.0,,,,,,,,,2.5319444444444446,0 days 02:31:55,0 days 00:00:04,Clouds generally forming or developing,16,16-17
2021,5e853211f9af8b2fb505679c,39,2020-03-16 14:36:39,2020-03-16 23:20:14,2020-03-16 15:55:32,2.534,2_39_79_382_2020-03-16 14:36:39.302719,2,CA-491,2-39-79-382,America/Los_Angeles,4701.0,300.0,9.0,30.0,414.0,"Mon, 16 Mar 2020 14:37:13 GMT",True,"Mon, 16 Mar 2020 21:30:39 GMT",4701.0,,,,,,,,,8.72638888888889,0 days 08:43:35,0 days 07:24:42,Clouds generally forming or developing,23,23-24
2022,5e853211f9af8b2fb505679d,39,2020-03-16 15:38:51,2020-03-17 02:23:45,2020-03-16 17:27:05,5.773,2_39_127_19_2020-03-16 15:38:51.074496,2,CA-309,2-39-127-19,America/Los_Angeles,562.0,325.0,6.5,20.0,196.0,"Mon, 16 Mar 2020 15:39:42 GMT",True,"Mon, 16 Mar 2020 18:54:51 GMT",562.0,,,,,,,,,10.748333333333333,0 days 10:44:54,0 days 08:56:40,Clouds generally forming or developing,2,2-3
2023,5e853211f9af8b2fb505679e,39,2020-03-16 16:57:07,2020-03-16 17:38:53,2020-03-16 17:38:49,4.375,2_39_138_29_2020-03-16 16:57:07.150208,2,CA-304,2-39-138-29,America/Los_Angeles,798.0,400.0,16.0,40.0,102.0,"Mon, 16 Mar 2020 16:58:25 GMT",True,"Mon, 16 Mar 2020 18:39:07 GMT",798.0,,,,,,,,,0.6961111111111111,0 days 00:41:46,0 days 00:00:04,Clouds generally forming or developing,17,17-18
2024,5e853211f9af8b2fb505679f,39,2020-03-16 18:34:40,2020-03-17 02:48:22,2020-03-16 20:33:12,6.356,2_39_79_379_2020-03-16 18:34:40.156290,2,CA-327,2-39-79-379,America/Los_Angeles,1111.0,400.0,12.0,30.0,99.0,"Mon, 16 Mar 2020 18:35:04 GMT",True,"Mon, 16 Mar 2020 20:13:40 GMT",1111.0,,,,,,,,,8.228333333333333,0 days 08:13:42,0 days 06:15:10,Clouds generally forming or developing,2,2-3
2025,5e853211f9af8b2fb50567a0,39,2020-03-16 20:39:59,2020-03-16 23:43:18,2020-03-16 22:10:17,4.575,2_39_90_440_2020-03-16 20:39:59.137292,2,CA-500,2-39-90-440,America/Los_Angeles,3447.0,375.0,15.0,40.0,420.0,"Mon, 16 Mar 2020 20:40:10 GMT",True,"Tue, 17 Mar 2020 03:39:59 GMT",3447.0,,,,,,,,,3.055277777777778,0 days 03:03:19,0 days 01:33:01,Clouds generally forming or developing,23,23-24
2026,5e853211f9af8b2fb50567a1,39,2020-03-16 21:00:09,2020-03-17 22:12:20,2020-03-16 22:24:59,2.741,2_39_130_31_2020-03-16 20:59:58.196898,2,CA-306,2-39-130-31,America/Los_Angeles,924.0,400.0,8.0,20.0,60.0,"Mon, 16 Mar 2020 21:00:08 GMT",True,"Mon, 16 Mar 2020 22:00:09 GMT",924.0,,,,,,,,,25.203055555555554,1 days 01:12:11,0 days 23:47:21,Clouds generally forming or developing,22,22-23
2027,5e86838df9af8b33946c3b8e,39,2020-03-17 14:26:24,2020-03-17 22:51:55,2020-03-17 17:07:34,7.929,2_39_79_382_2020-03-17 14:26:23.895078,2,CA-491,2-39-79-382,America/Los_Angeles,4701.0,300.0,9.0,30.0,554.0,"Tue, 17 Mar 2020 14:26:35 GMT",True,"Tue, 17 Mar 2020 23:40:24 GMT",4701.0,,,,,,,,,8.425277777777778,0 days 08:25:31,0 days 05:44:21,Clouds generally forming or developing,22,22-23
2028,5e86838df9af8b33946c3b8f,39,2020-03-17 17:49:54,2020-03-18 02:05:43,2020-03-17 19:42:16,5.742,2_39_88_24_2020-03-17 17:49:53.953275,2,CA-314,2-39-88-24,America/Los_Angeles,5594.0,360.0,7.2,20.0,411.0,"Tue, 17 Mar 2020 17:51:15 GMT",True,"Wed, 18 Mar 2020 00:40:54 GMT",5594.0,,,,,,,,,8.26361111111111,0 days 08:15:49,0 days 06:23:27,Clouds generally forming or developing,2,2-3
2029,5e86838df9af8b33946c3b90,39,2020-03-17 19:19:23,2020-03-18 01:13:03,2020-03-17 21:17:55,13.311,2_39_79_377_2020-03-17 19:19:22.745427,2,CA-325,2-39-79-377,America/Los_Angeles,714.0,400.0,32.0,80.0,305.0,"Tue, 17 Mar 2020 19:19:50 GMT",True,"Wed, 18 Mar 2020 00:24:23 GMT",714.0,,,,,,,,,5.894444444444445,0 days 05:53:40,0 days 03:55:08,Clouds generally forming or developing,1,1-2
2030,5e86838df9af8b33946c3b91,39,2020-03-18 01:34:38,2020-03-18 03:06:51,2020-03-18 03:06:47,9.841,2_39_128_18_2020-03-18 01:34:37.811281,2,CA-308,2-39-128-18,America/Los_Angeles,1099.0,400.0,32.0,80.0,129.0,"Wed, 18 Mar 2020 01:35:29 GMT",True,"Wed, 18 Mar 2020 03:43:38 GMT",1099.0,,,,,,,,,1.5369444444444444,0 days 01:32:13,0 days 00:00:04,Clouds generally forming or developing,3,3-4
2031,5e87d50bf9af8b397e1b8565,39,2020-03-18 16:32:33,2020-03-18 18:29:55,2020-03-18 17:04:27,0.886,2_39_79_379_2020-03-18 16:32:32.806216,2,CA-327,2-39-79-379,America/Los_Angeles,,,,,,,,,,,,,,,,,,1.9561111111111111,0 days 01:57:22,0 days 01:25:28,Clouds generally forming or developing,18,18-19
2032,5e87d50bf9af8b397e1b8566,39,2020-03-18 20:34:07,2020-03-18 22:30:10,2020-03-18 22:12:57,9.891,2_39_139_28_2020-03-18 20:34:06.874585,2,CA-303,2-39-139-28,America/Los_Angeles,2290.0,425.0,29.75,70.0,446.0,"Wed, 18 Mar 2020 20:35:33 GMT",True,"Thu, 19 Mar 2020 04:00:07 GMT",2290.0,,,,,,,,,1.9341666666666666,0 days 01:56:03,0 days 00:17:13,Clouds generally forming or developing,22,22-23
2033,5e87d50bf9af8b397e1b8567,39,2020-03-18 20:57:56,2020-03-18 22:03:06,2020-03-18 22:03:01,7.043,2_39_131_30_2020-03-18 20:57:56.235520,2,CA-305,2-39-131-30,America/Los_Angeles,710.0,400.0,28.0,70.0,496.0,"Wed, 18 Mar 2020 20:59:29 GMT",True,"Thu, 19 Mar 2020 05:13:56 GMT",710.0,,,,,,,,,1.086111111111111,0 days 01:05:10,0 days 00:00:05,Clouds generally forming or developing,22,22-23
2034,5e87d50bf9af8b397e1b8568,39,2020-03-19 02:15:46,2020-03-19 04:15:22,2020-03-19 04:15:17,9.133,2_39_126_20_2020-03-19 02:15:45.743569,2,CA-310,2-39-126-20,America/Los_Angeles,1099.0,400.0,32.0,80.0,129.0,"Thu, 19 Mar 2020 02:17:27 GMT",True,"Thu, 19 Mar 2020 04:24:46 GMT",1099.0,,,,,,,,,1.9933333333333334,0 days 01:59:36,0 days 00:00:05,"Drizzle, not freezing, continuous",4,4-5
2035,5e89268cf9af8b3d8b09a7fe,39,2020-03-19 13:35:59,2020-03-19 17:03:19,2020-03-19 17:03:15,23.089,2_39_92_436_2020-03-19 13:35:59.192163,2,CA-318,2-39-92-436,America/Los_Angeles,300.0,400.0,32.0,80.0,586.0,"Thu, 19 Mar 2020 13:37:16 GMT",True,"Thu, 19 Mar 2020 23:21:59 GMT",300.0,,,,,,,,,3.4555555555555557,0 days 03:27:20,0 days 00:00:04,"Drizzle, not freezing, continuous",17,17-18
2036,5e89268cf9af8b3d8b09a7ff,39,2020-03-19 18:27:27,2020-03-20 02:34:32,2020-03-19 20:07:36,4.944,2_39_128_18_2020-03-19 18:27:10.661130,2,CA-308,2-39-128-18,America/Los_Angeles,5594.0,360.0,7.2,20.0,411.0,"Thu, 19 Mar 2020 18:27:27 GMT",True,"Fri, 20 Mar 2020 01:18:27 GMT",5594.0,360.0,7.2,20.0,411.0,"Thu, 19 Mar 2020 18:27:49 GMT",True,"Fri, 20 Mar 2020 01:18:27 GMT",5594.0,8.118055555555555,0 days 08:07:05,0 days 06:26:56,Clouds generally forming or developing,2,2-3
2037,5e89268cf9af8b3d8b09a800,39,2020-03-19 19:38:14,2020-03-19 20:05:37,2020-03-19 20:05:32,1.521,2_39_89_25_2020-03-19 19:38:13.711821,2,CA-315,2-39-89-25,America/Los_Angeles,743.0,400.0,8.0,20.0,91.0,"Thu, 19 Mar 2020 19:38:30 GMT",True,"Thu, 19 Mar 2020 21:09:14 GMT",743.0,,,,,,,,,0.4563888888888889,0 days 00:27:23,0 days 00:00:05,"Drizzle, not freezing, continuous",20,20-21
2038,5e8d1b0df9af8b492a000e2e,39,2020-03-22 13:31:16,2020-03-22 19:44:31,2020-03-22 17:05:06,23.796,2_39_79_376_2020-03-22 13:31:15.554413,2,CA-324,2-39-79-376,America/Los_Angeles,300.0,400.0,32.0,80.0,586.0,"Sun, 22 Mar 2020 13:31:24 GMT",True,"Sun, 22 Mar 2020 23:17:16 GMT",300.0,400.0,32.0,80.0,586.0,"Sun, 22 Mar 2020 13:32:17 GMT",True,"Sun, 22 Mar 2020 23:17:16 GMT",300.0,6.220833333333333,0 days 06:13:15,0 days 02:39:25,Clouds generally dissolving or becoming less developed,19,19-20
2039,5e8d1b0df9af8b492a000e2f,39,2020-03-22 19:02:13,2020-03-22 20:15:07,2020-03-22 20:15:01,7.799,2_39_91_437_2020-03-22 18:47:54.657049,2,CA-317,2-39-91-437,America/Los_Angeles,431.0,300.0,18.0,60.0,189.0,"Sun, 22 Mar 2020 19:02:12 GMT",True,"Sun, 22 Mar 2020 22:11:13 GMT",431.0,,,,,,,,,1.215,0 days 01:12:54,0 days 00:00:06,Clouds generally dissolving or becoming less developed,20,20-21
2040,5e8d1b0df9af8b492a000e30,39,2020-03-22 21:38:59,2020-03-23 01:21:50,2020-03-22 23:33:51,5.82,2_39_79_383_2020-03-22 21:38:59.221748,2,CA-492,2-39-79-383,America/Los_Angeles,1222.0,400.0,8.0,20.0,72.0,"Sun, 22 Mar 2020 21:39:18 GMT",True,"Sun, 22 Mar 2020 22:50:59 GMT",1222.0,,,,,,,,,3.714166666666667,0 days 03:42:51,0 days 01:47:59,Clouds generally dissolving or becoming less developed,1,1-2
2041,5e8e6c8bf9af8b6fa5793a87,39,2020-03-24 03:39:53,2020-03-24 05:22:21,2020-03-24 05:22:16,10.221,2_39_131_30_2020-03-24 03:39:52.539395,2,CA-305,2-39-131-30,America/Los_Angeles,1099.0,400.0,36.0,90.0,129.0,"Tue, 24 Mar 2020 03:41:34 GMT",True,"Tue, 24 Mar 2020 05:48:53 GMT",1099.0,,,,,,,,,1.7077777777777778,0 days 01:42:28,0 days 00:00:05,Cloud development not observed or not observable,5,5-6
2042,5e8fbe0bf9af8b73fe59d676,39,2020-03-24 17:16:12,2020-03-24 17:47:48,2020-03-24 17:48:46,0.813,2_39_127_19_2020-03-24 17:16:12.124584,2,CA-309,2-39-127-19,America/Los_Angeles,,,,,,,,,,,,,,,,,,0.5266666666666666,0 days 00:31:36,-1 days +23:59:02,Cloud development not observed or not observable,17,17-18
2043,5e8fbe0bf9af8b73fe59d677,39,2020-03-24 17:47:55,2020-03-25 00:49:15,2020-03-25 00:48:51,0.838,2_39_127_19_2020-03-24 17:47:55.473889,2,CA-309,2-39-127-19,America/Los_Angeles,,,,,,,,,,,,,,,,,,7.022222222222222,0 days 07:01:20,0 days 00:00:24,State of sky on the whole unchanged,0,0-1
2044,5e910f8af9af8b77ccc1e624,39,2020-03-25 23:08:34,2020-03-25 23:38:07,2020-03-25 23:37:58,0.798,2_39_125_21_2020-03-25 23:08:33.642916,2,CA-311,2-39-125-21,America/Los_Angeles,,,,,,,,,,,,,,,,,,0.4925,0 days 00:29:33,0 days 00:00:09,State of sky on the whole unchanged,23,23-24
2045,5e93b28cf9af8b7f6b152033,39,2020-03-27 15:34:13,2020-03-28 01:41:56,2020-03-27 17:37:17,6.47,2_39_123_23_2020-03-27 15:33:58.449870,2,CA-313,2-39-123-23,America/Los_Angeles,5594.0,360.0,7.2,20.0,514.0,"Fri, 27 Mar 2020 15:34:13 GMT",True,"Sat, 28 Mar 2020 00:08:13 GMT",5594.0,360.0,7.2,20.0,514.0,"Fri, 27 Mar 2020 15:34:34 GMT",True,"Sat, 28 Mar 2020 00:08:13 GMT",5594.0,10.12861111111111,0 days 10:07:43,0 days 08:04:39,Clouds generally forming or developing,1,1-2
2046,5e95040af9af8b04aa96eadb,39,2020-03-29 00:40:26,2020-03-29 14:43:45,2020-03-29 01:29:57,33.191,2_39_79_376_2020-03-29 00:40:26.203243,2,CA-324,2-39-79-376,America/Los_Angeles,300.0,400.0,32.0,80.0,606.0,"Sun, 29 Mar 2020 00:41:02 GMT",True,"Sun, 29 Mar 2020 10:46:26 GMT",300.0,,,,,,,,,14.055277777777778,0 days 14:03:19,0 days 13:13:48,"Drizzle, not freezing, continuous",14,14-15
2047,5e95040af9af8b04aa96eadc,39,2020-03-29 01:49:12,2020-03-30 02:59:37,,32.873,2_39_129_17_2020-03-29 01:49:12.401152,2,CA-307,2-39-129-17,America/Los_Angeles,489.0,446.0,107.04,240.0,629.0,"Sun, 29 Mar 2020 01:49:54 GMT",True,"Sun, 29 Mar 2020 12:18:12 GMT",489.0,446.0,107.04,240.0,596.0,"Sun, 29 Mar 2020 01:50:12 GMT",True,"Sun, 29 Mar 2020 11:45:12 GMT",489.0,25.17361111111111,1 days 01:10:25,,Continuous fall of snowflakes,2,2-3
2048,5e96558bf9af8b0880ef25c6,39,2020-03-29 23:38:42,2020-03-30 04:46:44,,34.148,2_39_138_29_2020-03-29 23:38:41.993510,2,CA-304,2-39-138-29,America/Los_Angeles,1085.0,236.0,42.48,180.0,410.0,"Sun, 29 Mar 2020 23:38:51 GMT",True,"Mon, 30 Mar 2020 06:28:42 GMT",1085.0,236.0,42.48,180.0,204.0,"Mon, 30 Mar 2020 02:03:24 GMT",True,"Mon, 30 Mar 2020 03:02:42 GMT",1085.0,5.1338888888888885,0 days 05:08:02,,Continuous fall of snowflakes,4,4-5
2049,5e98f88bf9af8b19f30edbd2,39,2020-03-31 17:17:09,2020-04-01 01:21:04,2020-03-31 18:30:59,3.52,2_39_129_17_2020-03-31 17:16:52.272815,2,CA-307,2-39-129-17,America/Los_Angeles,5594.0,360.0,7.2,20.0,514.0,"Tue, 31 Mar 2020 17:17:08 GMT",True,"Wed, 01 Apr 2020 01:51:09 GMT",5594.0,360.0,7.2,20.0,514.0,"Tue, 31 Mar 2020 17:17:19 GMT",True,"Wed, 01 Apr 2020 01:51:09 GMT",5594.0,8.065277777777778,0 days 08:03:55,0 days 06:50:05,Clouds generally forming or developing,1,1-2
2050,5e9b9b8bf9af8b2186e8632f,39,2020-04-02 16:30:43,2020-04-02 19:15:04,,0.87,2_39_82_384_2020-04-02 16:30:42.723728,2,CA-213,2-39-82-384,America/Los_Angeles,,,,,,,,,,,,,,,,,,2.7391666666666667,0 days 02:44:21,,Clouds generally forming or developing,19,19-20
2051,5e9ced0af9af8b2592ab10c1,39,2020-04-03 23:50:52,2020-04-04 08:25:27,,46.465,2_39_139_28_2020-04-03 23:50:52.158887,2,CA-303,2-39-139-28,America/Los_Angeles,67.0,250.0,55.0,220.0,720.0,"Fri, 03 Apr 2020 23:52:10 GMT",True,"Sat, 04 Apr 2020 11:50:52 GMT",67.0,250.0,55.0,220.0,720.0,"Fri, 03 Apr 2020 23:53:13 GMT",True,"Sat, 04 Apr 2020 11:50:52 GMT",67.0,8.57638888888889,0 days 08:34:35,,Clouds generally forming or developing,8,8-9
2052,5e9e3e8cf9af8b295a29c1ef,39,2020-04-05 03:21:59,2020-04-05 23:35:38,2020-04-05 08:05:57,31.316,2_39_79_377_2020-04-05 03:21:58.639876,2,CA-325,2-39-79-377,America/Los_Angeles,292.0,200.0,40.0,200.0,605.0,"Sun, 05 Apr 2020 03:24:11 GMT",True,"Sun, 05 Apr 2020 13:26:59 GMT",292.0,200.0,40.0,200.0,557.0,"Sun, 05 Apr 2020 03:26:09 GMT",True,"Sun, 05 Apr 2020 12:38:59 GMT",292.0,20.2275,0 days 20:13:39,0 days 15:29:41,Clouds generally forming or developing,23,23-24
2053,5e9f900cf9af8b2d328530d1,39,2020-04-05 18:29:34,2020-04-06 02:56:24,2020-04-05 20:18:46,5.583,2_39_129_17_2020-04-05 18:29:33.554565,2,CA-307,2-39-129-17,America/Los_Angeles,5594.0,360.0,7.2,20.0,514.0,"Sun, 05 Apr 2020 18:29:47 GMT",True,"Mon, 06 Apr 2020 03:03:34 GMT",5594.0,360.0,7.2,20.0,732.0,"Sun, 05 Apr 2020 22:08:53 GMT",True,"Mon, 06 Apr 2020 06:41:34 GMT",5594.0,8.447222222222223,0 days 08:26:50,0 days 06:37:38,Cloud development not observed or not observable,2,2-3
2054,5ea2330bf9af8b3ed07789bb,39,2020-04-07 15:24:38,2020-04-07 19:48:12,2020-04-07 19:48:43,0.851,2_39_83_386_2020-04-07 15:24:37.666422,2,CA-212,2-39-83-386,America/Los_Angeles,,,,,,,,,,,,,,,,,,4.392777777777778,0 days 04:23:34,-1 days +23:59:29,Cloud development not observed or not observable,19,19-20
2055,5ea6278cf9af8b4a2e7bd228,39,2020-04-10 16:55:50,2020-04-10 22:07:47,2020-04-10 17:35:40,1.661,2_39_89_25_2020-04-10 16:55:49.617955,2,CA-315,2-39-89-25,America/Los_Angeles,743.0,400.0,8.0,20.0,91.0,"Fri, 10 Apr 2020 16:56:32 GMT",True,"Fri, 10 Apr 2020 18:26:50 GMT",743.0,400.0,8.0,20.0,213.0,"Fri, 10 Apr 2020 18:58:56 GMT",True,"Fri, 10 Apr 2020 20:28:50 GMT",743.0,5.199166666666667,0 days 05:11:57,0 days 04:32:07,Clouds generally forming or developing,22,22-23
2056,5ea6278cf9af8b4a2e7bd229,39,2020-04-10 17:48:54,2020-04-11 01:17:13,2020-04-10 19:21:02,4.591,2_39_130_31_2020-04-10 17:48:09.817964,2,CA-306,2-39-130-31,America/Los_Angeles,5594.0,360.0,7.2,20.0,432.0,"Fri, 10 Apr 2020 17:48:53 GMT",True,"Sat, 11 Apr 2020 01:00:54 GMT",5594.0,360.0,7.2,20.0,61.0,"Fri, 10 Apr 2020 17:49:44 GMT",True,"Fri, 10 Apr 2020 18:49:54 GMT",5594.0,7.4719444444444445,0 days 07:28:19,0 days 05:56:11,Clouds generally forming or developing,1,1-2
2057,5ea7790af9af8b4e1ade47c2,39,2020-04-11 14:00:46,2020-04-11 18:46:00,2020-04-11 18:45:55,32.568,2_39_79_378_2020-04-11 14:00:46.298459,2,CA-326,2-39-79-378,America/Los_Angeles,3424.0,295.0,41.3,140.0,363.0,"Sat, 11 Apr 2020 14:01:31 GMT",True,"Sat, 11 Apr 2020 20:03:46 GMT",3424.0,,,,,,,,,4.753888888888889,0 days 04:45:14,0 days 00:00:05,Clouds generally forming or developing,18,18-19
2058,5ea8ca8cf9af8b506330f528,39,2020-04-12 17:03:14,2020-04-13 00:22:01,2020-04-12 22:04:17,33.358,2_39_139_28_2020-04-12 17:03:14.295012,2,CA-303,2-39-139-28,America/Los_Angeles,1085.0,236.0,37.76,160.0,367.0,"Sun, 12 Apr 2020 17:03:28 GMT",True,"Sun, 12 Apr 2020 23:10:14 GMT",1085.0,,,,,,,,,7.313055555555556,0 days 07:18:47,0 days 02:17:44,"Drizzle, not freezing, continuous",0,0-1
2059,5eaa1c0bf9af8b55cb21b43c,39,2020-04-13 23:16:56,2020-04-14 02:52:49,2020-04-14 01:47:17,15.558,2_39_131_30_2020-04-13 23:16:56.451356,2,CA-305,2-39-131-30,America/Los_Angeles,67.0,250.0,55.0,220.0,572.0,"Mon, 13 Apr 2020 23:17:15 GMT",True,"Tue, 14 Apr 2020 08:48:56 GMT",67.0,,,,,,,,,3.5980555555555553,0 days 03:35:53,0 days 01:05:32,Clouds generally forming or developing,2,2-3
2060,5eab6d8af9af8b7d922b3a19,39,2020-04-14 16:06:35,2020-04-14 19:23:49,2020-04-14 17:32:29,4.33,2_39_89_25_2020-04-14 16:06:34.728568,2,CA-315,2-39-89-25,America/Los_Angeles,743.0,400.0,8.0,20.0,187.0,"Tue, 14 Apr 2020 16:07:07 GMT",True,"Tue, 14 Apr 2020 19:13:35 GMT",743.0,,,,,,,,,3.2872222222222223,0 days 03:17:14,0 days 01:51:20,Clouds generally forming or developing,19,19-20
2061,5eb0b38bf9af8b0ef6b6971c,39,2020-04-18 22:09:13,2020-04-19 04:13:16,2020-04-19 02:39:33,30.699,2_39_139_28_2020-04-18 22:09:12.813602,2,CA-303,2-39-139-28,America/Los_Angeles,1085.0,236.0,30.68,130.0,291.0,"Sat, 18 Apr 2020 22:09:31 GMT",True,"Sun, 19 Apr 2020 03:00:13 GMT",1085.0,236.0,7.08,30.0,389.0,"Sun, 19 Apr 2020 02:54:10 GMT",True,"Sun, 19 Apr 2020 04:38:13 GMT",1085.0,6.0675,0 days 06:04:03,0 days 01:33:43,Cloud development not observed or not observable,4,4-5
2062,5eb0b38bf9af8b0ef6b6971d,39,2020-04-19 02:38:22,2020-04-19 03:14:22,2020-04-19 03:08:54,0.879,2_39_126_20_2020-04-19 02:38:22.498018,2,CA-310,2-39-126-20,America/Los_Angeles,,,,,,,,,,,,,,,,,,0.6,0 days 00:36:00,0 days 00:05:28,Cloud development not observed or not observable,3,3-4
2063,5eb4a80cf9af8b35a74d0a6d,39,2020-04-21 18:21:54,2020-04-22 01:28:43,2020-04-21 20:25:17,6.395,2_39_129_17_2020-04-21 18:21:37.335284,2,CA-307,2-39-129-17,America/Los_Angeles,5594.0,360.0,7.2,20.0,61.0,"Tue, 21 Apr 2020 18:21:54 GMT",True,"Tue, 21 Apr 2020 19:22:54 GMT",5594.0,,,,,,,,,7.113611111111111,0 days 07:06:49,0 days 05:03:26,Cloud development not observed or not observable,1,1-2
2064,5eb74b0bf9af8b3dfb27c4b3,39,2020-04-23 16:42:17,2020-04-23 19:13:32,2020-04-23 18:01:34,3.916,2_39_89_25_2020-04-23 16:42:16.899095,2,CA-315,2-39-89-25,America/Los_Angeles,743.0,400.0,8.0,20.0,187.0,"Thu, 23 Apr 2020 16:42:36 GMT",True,"Thu, 23 Apr 2020 19:49:17 GMT",743.0,,,,,,,,,2.5208333333333335,0 days 02:31:15,0 days 01:11:58,Clouds generally forming or developing,19,19-20
2065,5eb74b0bf9af8b3dfb27c4b4,39,2020-04-24 04:07:49,2020-04-24 04:39:05,2020-04-24 04:38:13,0.858,2_39_126_560_2020-04-24 04:07:49.343785,2,CA-506,2-39-126-560,America/Los_Angeles,,,,,,,,,,,,,,,,,,0.5211111111111111,0 days 00:31:16,0 days 00:00:52,"Drizzle, not freezing, continuous",4,4-5
2066,5eb74b0bf9af8b3dfb27c4b5,39,2020-04-24 04:41:06,2020-04-24 05:13:37,2020-04-24 05:11:31,0.867,2_39_78_366_2020-04-24 04:41:06.408706,2,CA-323,2-39-78-366,America/Los_Angeles,,,,,,,,,,,,,,,,,,0.5419444444444445,0 days 00:32:31,0 days 00:02:06,"Drizzle, not freezing, continuous",5,5-6
2067,5eb9ee0af9af8b45badac6c5,39,2020-04-25 17:58:35,2020-04-25 20:59:32,2020-04-25 19:53:31,5.875,2_39_95_27_2020-04-25 17:58:35.199368,2,CA-319,2-39-95-27,America/Los_Angeles,1222.0,400.0,8.0,20.0,72.0,"Sat, 25 Apr 2020 17:59:03 GMT",True,"Sat, 25 Apr 2020 19:10:35 GMT",1222.0,,,,,,,,,3.015833333333333,0 days 03:00:57,0 days 01:06:01,Clouds generally forming or developing,20,20-21
2068,5ebb3f8cf9af8b4994d94d2b,39,2020-04-26 19:23:06,2020-04-27 02:21:59,2020-04-26 23:44:45,28.203,2_39_139_28_2020-04-26 19:23:05.658322,2,CA-303,2-39-139-28,America/Los_Angeles,1085.0,236.0,35.4,150.0,389.0,"Sun, 26 Apr 2020 19:23:11 GMT",True,"Mon, 27 Apr 2020 01:52:06 GMT",1085.0,,,,,,,,,6.981388888888889,0 days 06:58:53,0 days 02:37:14,Clouds generally forming or developing,2,2-3
2069,5ebb3f8cf9af8b4994d94d2c,39,2020-04-26 19:24:35,2020-04-26 20:06:21,2020-04-26 19:55:10,0.6269816666666667,2_39_123_23_2020-04-26 19:24:35.179924,2,CA-313,2-39-123-23,America/Los_Angeles,,,,,,,,,,,,,,,,,,0.6961111111111111,0 days 00:41:46,0 days 00:11:11,Clouds generally forming or developing,20,20-21
2070,5ebb3f8cf9af8b4994d94d2d,39,2020-04-26 20:58:39,2020-04-26 22:12:10,2020-04-26 22:04:59,0.84,2_39_138_566_2020-04-26 20:58:39.413424,2,CA-512,2-39-138-566,America/Los_Angeles,,,,,,,,,,,,,,,,,,1.2252777777777777,0 days 01:13:31,0 days 00:07:11,Clouds generally forming or developing,22,22-23
2071,5ebb3f8cf9af8b4994d94d2e,39,2020-04-27 00:11:23,2020-04-27 00:33:43,2020-04-27 00:33:34,0.633,2_39_95_27_2020-04-27 00:11:22.776889,2,CA-319,2-39-95-27,America/Los_Angeles,,,,,,,,,,,,,,,,,,0.37222222222222223,0 days 00:22:20,0 days 00:00:09,Clouds generally forming or developing,0,0-1
2072,5ebb3f8cf9af8b4994d94d2f,39,2020-04-27 04:29:38,2020-04-27 19:55:35,2020-04-27 08:39:08,25.152,2_39_131_30_2020-04-27 04:29:38.295181,2,CA-305,2-39-131-30,America/Los_Angeles,67.0,250.0,55.0,220.0,572.0,"Mon, 27 Apr 2020 04:30:41 GMT",True,"Mon, 27 Apr 2020 14:01:38 GMT",67.0,,,,,,,,,15.4325,0 days 15:25:57,0 days 11:16:27,Clouds generally forming or developing,19,19-20
2073,5ebf340bf9af8b7492d19d51,39,2020-04-29 12:09:09,2020-04-29 12:45:20,2020-04-29 12:39:36,0.853,2_39_79_379_2020-04-29 12:09:08.522836,2,CA-327,2-39-79-379,America/Los_Angeles,,,,,,,,,,,,,,,,,,0.6030555555555556,0 days 00:36:11,0 days 00:05:44,"Drizzle, not freezing, continuous",12,12-13
2074,5ec5cb8bf9af8b596b5eb7bf,39,2020-05-05 02:08:13,2020-05-05 02:20:02,2020-05-05 02:19:54,1.285,2_39_130_31_2020-05-05 02:08:13.056892,2,CA-306,2-39-130-31,America/Los_Angeles,1085.0,236.0,11.8,50.0,112.0,"Tue, 05 May 2020 02:08:27 GMT",True,"Tue, 05 May 2020 04:00:13 GMT",1085.0,,,,,,,,,0.19694444444444445,0 days 00:11:49,0 days 00:00:08,"Drizzle, not freezing, continuous",2,2-3
2075,5ecc630bf9af8b22f6e6854c,39,2020-05-09 18:13:02,2020-05-09 18:51:31,2020-05-09 18:43:14,0.86,2_39_95_27_2020-05-09 18:13:01.694696,2,CA-319,2-39-95-27,America/Los_Angeles,,,,,,,,,,,,,,,,,,0.6413888888888889,0 days 00:38:29,0 days 00:08:17,Clouds generally forming or developing,18,18-19
2076,5ecdb48cf9af8b26c1273094,39,2020-05-10 20:02:35,2020-05-11 02:26:44,2020-05-11 01:57:55,38.275,2_39_139_28_2020-05-10 20:02:34.627558,2,CA-303,2-39-139-28,America/Los_Angeles,1085.0,236.0,40.12,170.0,329.0,"Sun, 10 May 2020 20:02:57 GMT",True,"Mon, 11 May 2020 01:31:35 GMT",1085.0,,,,,,,,,6.4025,0 days 06:24:09,0 days 00:28:49,"Drizzle, not freezing, continuous",2,2-3
2077,5ecdb48cf9af8b26c1273095,39,2020-05-11 01:36:21,2020-05-11 17:34:09,2020-05-11 07:06:47,35.197,2_39_131_30_2020-05-11 01:36:18.763379,2,CA-305,2-39-131-30,America/Los_Angeles,67.0,250.0,55.0,220.0,572.0,"Mon, 11 May 2020 01:36:21 GMT",True,"Mon, 11 May 2020 11:08:21 GMT",67.0,,,,,,,,,15.963333333333333,0 days 15:57:48,0 days 10:27:22,"Drizzle, not freezing, continuous",17,17-18
2078,5ecf060af9af8b2a83001995,39,2020-05-11 20:58:06,2020-05-11 23:06:14,2020-05-11 21:28:18,0.825,2_39_89_25_2020-05-11 20:58:05.848503,2,CA-315,2-39-89-25,America/Los_Angeles,,,,,,,,,,,,,,,,,,2.1355555555555554,0 days 02:08:08,0 days 01:37:56,"Drizzle, not freezing, continuous",23,23-24
2079,5ed1a90bf9af8b32e9f098e3,39,2020-05-13 17:10:08,2020-05-13 19:21:33,2020-05-13 19:21:25,14.939,2_39_127_19_2020-05-13 17:10:07.807386,2,CA-309,2-39-127-19,America/Los_Angeles,1316.0,400.0,44.0,110.0,129.0,"Wed, 13 May 2020 17:10:25 GMT",True,"Wed, 13 May 2020 19:19:08 GMT",1316.0,,,,,,,,,2.1902777777777778,0 days 02:11:25,0 days 00:00:08,"Drizzle, not freezing, continuous",19,19-20
2080,5ed59d8bf9af8b757dd700ba,39,2020-05-16 17:11:23,2020-05-17 03:11:09,2020-05-17 00:49:05,48.878,2_39_131_30_2020-05-16 17:11:22.543804,2,CA-305,2-39-131-30,America/Los_Angeles,489.0,446.0,98.12,220.0,600.0,"Sat, 16 May 2020 17:12:18 GMT",True,"Sun, 17 May 2020 03:11:23 GMT",489.0,446.0,98.12,220.0,500.0,"Sat, 16 May 2020 17:12:37 GMT",True,"Sun, 17 May 2020 01:31:23 GMT",489.0,9.99611111111111,0 days 09:59:46,0 days 02:22:04,Clouds generally forming or developing,3,3-4
2081,5ed59d8bf9af8b757dd700bb,39,2020-05-17 04:03:59,2020-05-17 06:00:57,,5.864,2_39_79_383_2020-05-17 04:03:58.575434,2,CA-492,2-39-79-383,America/Los_Angeles,1222.0,400.0,8.0,20.0,72.0,"Sun, 17 May 2020 04:04:19 GMT",True,"Sun, 17 May 2020 05:15:59 GMT",1222.0,,,,,,,,,1.9494444444444445,0 days 01:56:58,,Clouds generally forming or developing,6,6-7
2082,5ed6ef0bf9af8b45cdf57ba6,39,2020-05-17 13:19:27,2020-05-17 16:14:53,,19.69,2_39_138_29_2020-05-17 13:19:26.959103,2,CA-304,2-39-138-29,America/Los_Angeles,300.0,400.0,32.0,80.0,606.0,"Sun, 17 May 2020 13:20:30 GMT",True,"Sun, 17 May 2020 23:25:27 GMT",300.0,400.0,32.0,80.0,606.0,"Sun, 17 May 2020 13:20:49 GMT",True,"Sun, 17 May 2020 23:25:27 GMT",300.0,2.923888888888889,0 days 02:55:26,,Clouds generally forming or developing,16,16-17
2083,5ed8408bf9af8b497367de1d,39,2020-05-18 21:52:34,2020-05-18 22:52:16,,0.901,2_39_83_386_2020-05-18 21:52:34.010715,2,CA-212,2-39-83-386,America/Los_Angeles,,,,,,,,,,,,,,,,,,0.995,0 days 00:59:42,,Clouds generally forming or developing,22,22-23
2084,5ed9920bf9af8b4d6ab7445e,39,2020-05-19 20:06:37,2020-05-19 23:40:55,,1.101,2_39_89_25_2020-05-19 20:06:36.742562,2,CA-315,2-39-89-25,America/Los_Angeles,743.0,400.0,8.0,20.0,187.0,"Tue, 19 May 2020 20:06:51 GMT",True,"Tue, 19 May 2020 23:13:37 GMT",743.0,,,,,,,,,3.5716666666666668,0 days 03:34:18,,Clouds generally forming or developing,23,23-24
2085,5ed9920bf9af8b4d6ab7445f,39,2020-05-19 21:29:28,2020-05-19 22:24:06,,0.901,2_39_139_28_2020-05-19 21:29:27.522554,2,CA-303,2-39-139-28,America/Los_Angeles,,,,,,,,,,,,,,,,,,0.9105555555555556,0 days 00:54:38,,Clouds generally forming or developing,22,22-23
2086,5edae38af9af8b516897ae3c,39,2020-05-20 19:08:53,2020-05-21 04:12:54,,6.254,2_39_131_30_2020-05-20 19:08:37.787386,2,CA-305,2-39-131-30,America/Los_Angeles,5594.0,400.0,8.0,20.0,60.0,"Wed, 20 May 2020 19:08:53 GMT",True,"Wed, 20 May 2020 20:08:53 GMT",5594.0,400.0,8.0,20.0,60.0,"Wed, 20 May 2020 19:09:01 GMT",True,"Wed, 20 May 2020 20:08:53 GMT",5594.0,9.066944444444445,0 days 09:04:01,,Clouds generally forming or developing,4,4-5
2087,5ee2cc8df9af8b67c338cd47,39,2020-05-26 20:06:06,2020-05-26 22:37:10,2020-05-26 22:38:08,0.82,2_39_139_28_2020-05-26 20:06:06.399729,2,CA-303,2-39-139-28,America/Los_Angeles,,,,,,,,,,,,,,,,,,2.517777777777778,0 days 02:31:04,-1 days +23:59:02,"Drizzle, not freezing, continuous",22,22-23
2088,5ee2cc8df9af8b67c338cd48,39,2020-05-26 22:37:30,2020-05-26 22:47:29,2020-05-26 22:47:20,0.544,2_39_139_28_2020-05-26 22:37:29.854698,2,CA-303,2-39-139-28,America/Los_Angeles,743.0,400.0,8.0,20.0,187.0,"Tue, 26 May 2020 22:37:36 GMT",True,"Wed, 27 May 2020 01:44:30 GMT",743.0,,,,,,,,,0.1663888888888889,0 days 00:09:59,0 days 00:00:09,"Drizzle, not freezing, continuous",22,22-23
2089,5ee41e0af9af8b69c1dccda5,39,2020-05-27 16:22:32,2020-05-27 19:13:38,2020-05-27 19:13:33,19.086,2_39_139_28_2020-05-27 16:22:31.700830,2,CA-303,2-39-139-28,America/Los_Angeles,1316.0,400.0,52.0,130.0,172.0,"Wed, 27 May 2020 16:23:00 GMT",True,"Wed, 27 May 2020 19:14:32 GMT",1316.0,,,,,,,,,2.8516666666666666,0 days 02:51:06,0 days 00:00:05,"Drizzle, not freezing, continuous",19,19-20
2090,5ee6c10bf9af8b6de7a2469a,39,2020-05-29 16:50:03,2020-05-29 17:01:40,,0.591,2_39_123_23_2020-05-29 16:50:03.428272,2,CA-313,2-39-123-23,America/Los_Angeles,1920.0,600.0,12.0,20.0,109.0,"Fri, 29 May 2020 16:51:16 GMT",True,"Fri, 29 May 2020 18:39:03 GMT",1920.0,,,,,,,,,0.19361111111111112,0 days 00:11:37,,Clouds generally forming or developing,17,17-18
2091,5eeab592f9af8b7423abd4c3,39,2020-06-01 19:52:47,2020-06-01 22:59:39,,6.202,2_39_131_30_2020-06-01 19:52:31.469281,2,CA-305,2-39-131-30,America/Los_Angeles,5594.0,400.0,8.0,20.0,327.0,"Mon, 01 Jun 2020 19:52:47 GMT",True,"Tue, 02 Jun 2020 01:19:47 GMT",5594.0,400.0,8.0,20.0,327.0,"Mon, 01 Jun 2020 19:52:52 GMT",True,"Tue, 02 Jun 2020 01:19:47 GMT",5594.0,3.1144444444444446,0 days 03:06:52,,Clouds generally forming or developing,22,22-23
2092,5eed588bf9af8b78100a5775,39,2020-06-03 19:31:58,2020-06-04 01:05:37,,36.333,2_39_79_378_2020-06-03 19:31:58.335579,2,CA-326,2-39-79-378,America/Los_Angeles,3424.0,295.0,41.3,140.0,269.0,"Wed, 03 Jun 2020 19:32:16 GMT",True,"Thu, 04 Jun 2020 00:00:58 GMT",3424.0,295.0,41.3,140.0,350.0,"Wed, 03 Jun 2020 23:19:01 GMT",True,"Thu, 04 Jun 2020 01:21:58 GMT",3424.0,5.560833333333333,0 days 05:33:39,,"Rain, not freezing, continuous",1,1-2
2093,5eed588bf9af8b78100a5776,39,2020-06-04 03:10:04,2020-06-04 23:17:27,,36.584,2_39_138_29_2020-06-04 03:10:04.130797,2,CA-304,2-39-138-29,America/Los_Angeles,67.0,250.0,55.0,220.0,553.0,"Thu, 04 Jun 2020 03:10:24 GMT",True,"Thu, 04 Jun 2020 12:23:04 GMT",67.0,250.0,55.0,220.0,554.0,"Thu, 04 Jun 2020 03:12:27 GMT",True,"Thu, 04 Jun 2020 12:24:04 GMT",67.0,20.123055555555556,0 days 20:07:23,,"Rain, not freezing, continuous",23,23-24
2094,5eeeaa0df9af8b7a130be5bf,39,2020-06-04 15:35:19,2020-06-04 19:11:48,,19.641,2_39_129_17_2020-06-04 15:35:19.416716,2,CA-307,2-39-129-17,America/Los_Angeles,1316.0,400.0,52.0,130.0,228.0,"Thu, 04 Jun 2020 15:35:35 GMT",True,"Thu, 04 Jun 2020 19:23:19 GMT",1316.0,,,,,,,,,3.6080555555555556,0 days 03:36:29,,"Rain, not freezing, continuous",19,19-20
2095,5eeeaa0df9af8b7a130be5c0,39,2020-06-05 00:59:56,2020-06-05 01:23:47,,1.247,2_39_125_21_2020-06-05 00:59:56.183545,2,CA-311,2-39-125-21,America/Los_Angeles,1395.0,400.0,16.0,40.0,390.0,"Fri, 05 Jun 2020 01:00:35 GMT",True,"Fri, 05 Jun 2020 07:29:56 GMT",1395.0,,,,,,,,,0.3975,0 days 00:23:51,,"Drizzle, not freezing, continuous",1,1-2
2096,5ef14d0bf9af8b7e468ea69f,39,2020-06-07 03:57:58,2020-06-07 15:07:10,2020-06-07 08:36:49,30.234,2_39_138_29_2020-06-07 03:57:57.631474,2,CA-304,2-39-138-29,America/Los_Angeles,300.0,400.0,40.0,100.0,687.0,"Sun, 07 Jun 2020 03:58:13 GMT",True,"Sun, 07 Jun 2020 15:24:58 GMT",300.0,,,,,,,,,11.153333333333334,0 days 11:09:12,0 days 06:30:21,"Drizzle, not freezing, continuous",15,15-16
2097,5ef29e8af9af8b017cc3760f,39,2020-06-08 01:03:24,2020-06-08 01:42:44,2020-06-08 01:33:31,0.814,2_39_139_28_2020-06-08 01:03:23.719066,2,CA-303,2-39-139-28,America/Los_Angeles,,,,,,,,,,,,,,,,,,0.6555555555555556,0 days 00:39:20,0 days 00:09:13,Clouds generally forming or developing,1,1-2
2098,5ef3f00bf9af8b039ea8261a,39,2020-06-08 16:11:08,2020-06-08 21:58:57,2020-06-08 21:42:17,37.505,2_39_79_377_2020-06-08 16:11:08.435856,2,CA-325,2-39-79-377,America/Los_Angeles,248.0,250.0,37.5,150.0,911.0,"Mon, 08 Jun 2020 16:11:27 GMT",True,"Tue, 09 Jun 2020 07:22:08 GMT",248.0,,,,,,,,,5.796944444444445,0 days 05:47:49,0 days 00:16:40,Clouds generally forming or developing,21,21-22
2099,5ef3f00bf9af8b039ea8261b,39,2020-06-08 16:47:29,2020-06-09 01:53:08,2020-06-08 20:20:47,12.146,2_39_79_382_2020-06-08 16:47:28.606245,2,CA-491,2-39-79-382,America/Los_Angeles,1526.0,333.0,16.65,50.0,625.0,"Mon, 08 Jun 2020 16:47:55 GMT",True,"Tue, 09 Jun 2020 03:12:29 GMT",1526.0,,,,,,,,,9.094166666666666,0 days 09:05:39,0 days 05:32:21,Clouds generally forming or developing,1,1-2
2100,5ef5418af9af8b05b7146679,39,2020-06-09 16:24:21,2020-06-09 20:28:01,2020-06-09 20:27:56,14.06,2_39_79_382_2020-06-09 16:24:21.244900,2,CA-491,2-39-79-382,America/Los_Angeles,1526.0,300.0,15.0,50.0,625.0,"Tue, 09 Jun 2020 16:28:32 GMT",True,"Wed, 10 Jun 2020 02:49:21 GMT",1526.0,,,,,,,,,4.061111111111111,0 days 04:03:40,0 days 00:00:05,Clouds generally forming or developing,20,20-21
2101,5ef7e48ef9af8b09cdaec736,39,2020-06-11 20:17:59,2020-06-12 03:42:51,2020-06-12 03:39:02,2.494,2_39_78_365_2020-06-11 20:17:59.169246,2,CA-321,2-39-78-365,America/Los_Angeles,6952.0,320.0,24.0,75.0,274.0,"Thu, 11 Jun 2020 20:18:00 GMT",True,"Fri, 12 Jun 2020 00:51:59 GMT",6952.0,,,,,,,,,7.414444444444444,0 days 07:24:52,0 days 00:03:49,"Drizzle, not freezing, continuous",3,3-4
2102,5ef9360af9af8b0c125996e9,39,2020-06-12 14:50:17,2020-06-12 15:00:16,2020-06-12 15:00:11,0.51,2_39_125_21_2020-06-12 14:50:16.823511,2,CA-311,2-39-125-21,America/Los_Angeles,1920.0,600.0,12.0,20.0,109.0,"Fri, 12 Jun 2020 14:51:46 GMT",True,"Fri, 12 Jun 2020 16:39:17 GMT",1920.0,,,,,,,,,0.1663888888888889,0 days 00:09:59,0 days 00:00:05,"Drizzle, not freezing, continuous",15,15-16
2103,5ef9360af9af8b0c125996ea,39,2020-06-12 21:13:33,2020-06-12 21:57:14,2020-06-12 21:56:22,2.32,2_39_131_30_2020-06-12 21:13:14.362038,2,CA-305,2-39-131-30,America/Los_Angeles,5594.0,400.0,8.0,20.0,327.0,"Fri, 12 Jun 2020 21:13:33 GMT",True,"Sat, 13 Jun 2020 02:40:33 GMT",5594.0,400.0,8.0,20.0,328.0,"Fri, 12 Jun 2020 21:56:02 GMT",True,"Sat, 13 Jun 2020 02:41:33 GMT",5594.0,0.7280555555555556,0 days 00:43:41,0 days 00:00:52,"Drizzle, not freezing, continuous",21,21-22
2104,5efa878cf9af8b0e10f832e1,39,2020-06-13 19:17:35,2020-06-14 01:38:20,2020-06-14 00:41:10,35.548,2_39_130_31_2020-06-13 19:17:35.488303,2,CA-306,2-39-130-31,America/Los_Angeles,1085.0,283.0,33.96,120.0,432.0,"Sat, 13 Jun 2020 19:17:41 GMT",True,"Sun, 14 Jun 2020 02:29:35 GMT",1085.0,283.0,39.62,140.0,432.0,"Sat, 13 Jun 2020 19:17:58 GMT",True,"Sun, 14 Jun 2020 02:29:35 GMT",1085.0,6.345833333333333,0 days 06:20:45,0 days 00:57:10,Clouds generally forming or developing,1,1-2
2105,5efa878cf9af8b0e10f832e2,39,2020-06-14 03:14:07,2020-06-14 13:35:33,2020-06-14 05:55:32,17.283,2_39_139_28_2020-06-14 03:14:06.864489,2,CA-303,2-39-139-28,America/Los_Angeles,300.0,400.0,40.0,100.0,687.0,"Sun, 14 Jun 2020 03:14:52 GMT",True,"Sun, 14 Jun 2020 14:41:07 GMT",300.0,,,,,,,,,10.357222222222223,0 days 10:21:26,0 days 07:40:01,Clouds generally forming or developing,13,13-14
2106,5effcd8ef9af8b168b96e403,39,2020-06-17 19:42:04,2020-06-18 04:19:33,2020-06-17 21:31:44,6.35,2_39_89_439_2020-06-17 19:42:03.834998,2,CA-501,2-39-89-439,America/Los_Angeles,6952.0,240.0,18.0,75.0,309.0,"Wed, 17 Jun 2020 19:42:06 GMT",True,"Thu, 18 Jun 2020 00:51:04 GMT",6952.0,,,,,,,,,8.624722222222223,0 days 08:37:29,0 days 06:47:49,"Drizzle, not freezing, continuous",4,4-5
2107,5effcd8ef9af8b168b96e404,39,2020-06-18 01:38:18,2020-06-18 18:50:15,2020-06-18 09:40:15,52.368,2_39_129_17_2020-06-18 01:38:18.424678,2,CA-307,2-39-129-17,America/Los_Angeles,489.0,446.0,102.58,230.0,720.0,"Thu, 18 Jun 2020 01:38:54 GMT",True,"Thu, 18 Jun 2020 13:38:18 GMT",489.0,446.0,102.58,230.0,694.0,"Thu, 18 Jun 2020 01:39:02 GMT",True,"Thu, 18 Jun 2020 13:12:18 GMT",489.0,17.199166666666667,0 days 17:11:57,0 days 09:10:00,"Drizzle, not freezing, continuous",18,18-19
2108,5f011f0cf9af8b1885758ea4,39,2020-06-18 16:27:09,2020-06-18 22:05:36,2020-06-18 18:07:50,5.94,2_39_91_441_2020-06-18 16:27:09.395597,2,CA-499,2-39-91-441,America/Los_Angeles,6952.0,240.0,18.0,75.0,309.0,"Thu, 18 Jun 2020 16:27:12 GMT",True,"Thu, 18 Jun 2020 21:36:09 GMT",6952.0,,,,,,,,,5.640833333333333,0 days 05:38:27,0 days 03:57:46,"Drizzle, not freezing, continuous",22,22-23
2109,5f011f0cf9af8b1885758ea5,39,2020-06-18 16:29:44,2020-06-18 18:54:42,2020-06-18 18:54:37,13.974,2_39_138_29_2020-06-18 16:29:44.146455,2,CA-304,2-39-138-29,America/Los_Angeles,559.0,400.0,8.0,20.0,60.0,"Thu, 18 Jun 2020 16:33:26 GMT",True,"Thu, 18 Jun 2020 17:29:44 GMT",559.0,400.0,16.0,40.0,118.0,"Thu, 18 Jun 2020 16:57:05 GMT",True,"Thu, 18 Jun 2020 18:27:44 GMT",559.0,2.4161111111111113,0 days 02:24:58,0 days 00:00:05,"Drizzle, not freezing, continuous",18,18-19
2110,5f011f0cf9af8b1885758ea6,39,2020-06-18 23:21:36,2020-06-19 00:32:59,2020-06-18 23:50:29,1.112,2_39_89_25_2020-06-18 23:21:35.692705,2,CA-315,2-39-89-25,America/Los_Angeles,743.0,400.0,8.0,20.0,187.0,"Thu, 18 Jun 2020 23:21:58 GMT",True,"Fri, 19 Jun 2020 02:28:36 GMT",743.0,,,,,,,,,1.1897222222222221,0 days 01:11:23,0 days 00:42:30,"Drizzle, not freezing, continuous",0,0-1
2111,5f02708bf9af8b1a991c4f63,39,2020-06-19 14:46:23,2020-06-19 15:45:57,2020-06-19 15:45:52,3.308,2_39_127_19_2020-06-19 14:46:22.542546,2,CA-309,2-39-127-19,America/Los_Angeles,1920.0,600.0,12.0,20.0,109.0,"Fri, 19 Jun 2020 14:46:38 GMT",True,"Fri, 19 Jun 2020 16:35:23 GMT",1920.0,,,,,,,,,0.9927777777777778,0 days 00:59:34,0 days 00:00:05,"Drizzle, not freezing, continuous",15,15-16
2112,5f02708bf9af8b1a991c4f64,39,2020-06-19 20:52:06,2020-06-19 21:34:36,2020-06-19 21:35:03,0.5779583333333334,2_39_130_31_2020-06-19 20:52:06.215477,2,CA-306,2-39-130-31,America/Los_Angeles,,,,,,,,,,,,,,,,,,0.7083333333333334,0 days 00:42:30,-1 days +23:59:33,"Drizzle, not freezing, continuous",21,21-22
2113,5f02708bf9af8b1a991c4f65,39,2020-06-20 03:10:51,2020-06-20 06:12:22,2020-06-20 05:13:28,6.353,2_39_129_17_2020-06-20 03:10:34.013502,2,CA-307,2-39-129-17,America/Los_Angeles,5594.0,400.0,8.0,20.0,328.0,"Sat, 20 Jun 2020 03:10:51 GMT",True,"Sat, 20 Jun 2020 08:38:51 GMT",5594.0,400.0,8.0,20.0,328.0,"Sat, 20 Jun 2020 03:11:29 GMT",True,"Sat, 20 Jun 2020 08:38:51 GMT",5594.0,3.0252777777777777,0 days 03:01:31,0 days 00:58:54,"Rain, not freezing, continuous",6,6-7
2114,5f03c20bf9af8b1ca56e2637,39,2020-06-20 21:54:22,2020-06-20 23:30:51,2020-06-20 23:30:46,10.62,2_39_131_30_2020-06-20 21:54:21.994356,2,CA-305,2-39-131-30,America/Los_Angeles,358.0,400.0,24.0,60.0,281.0,"Sat, 20 Jun 2020 21:54:55 GMT",True,"Sun, 21 Jun 2020 02:35:22 GMT",358.0,400.0,24.0,60.0,281.0,"Sat, 20 Jun 2020 21:55:18 GMT",True,"Sun, 21 Jun 2020 02:35:22 GMT",358.0,1.6080555555555556,0 days 01:36:29,0 days 00:00:05,"Rain, not freezing, continuous",23,23-24
2115,5f03c20bf9af8b1ca56e2638,39,2020-06-21 00:48:58,2020-06-21 04:47:51,2020-06-21 04:47:44,26.947,2_39_138_29_2020-06-21 00:48:58.290178,2,CA-304,2-39-138-29,America/Los_Angeles,1085.0,283.0,33.96,120.0,432.0,"Sun, 21 Jun 2020 00:49:12 GMT",True,"Sun, 21 Jun 2020 08:00:58 GMT",1085.0,283.0,33.96,120.0,432.0,"Sun, 21 Jun 2020 00:50:15 GMT",True,"Sun, 21 Jun 2020 08:00:58 GMT",1085.0,3.981388888888889,0 days 03:58:53,0 days 00:00:07,"Drizzle, not freezing, continuous",4,4-5
2116,5f05138af9af8b1ea28d9ffc,39,2020-06-21 23:31:43,2020-06-22 00:09:02,2020-06-22 00:08:57,1.335,2_39_139_28_2020-06-21 23:31:43.411738,2,CA-303,2-39-139-28,America/Los_Angeles,1539.0,290.0,5.8,20.0,120.0,"Sun, 21 Jun 2020 23:33:26 GMT",True,"Mon, 22 Jun 2020 01:31:43 GMT",1539.0,,,,,,,,,0.6219444444444444,0 days 00:37:19,0 days 00:00:05,State of sky on the whole unchanged,0,0-1
2117,5f06650cf9af8b2095888d4a,39,2020-06-22 14:13:19,2020-06-22 14:47:28,2020-06-22 14:47:23,3.72,2_39_131_30_2020-06-22 14:13:18.549771,2,CA-305,2-39-131-30,America/Los_Angeles,710.0,400.0,28.0,70.0,496.0,"Mon, 22 Jun 2020 14:13:32 GMT",True,"Mon, 22 Jun 2020 22:29:19 GMT",710.0,,,,,,,,,0.5691666666666667,0 days 00:34:09,0 days 00:00:05,State of sky on the whole unchanged,14,14-15
2118,5f06650cf9af8b2095888d4b,39,2020-06-22 15:35:35,2020-06-22 16:35:41,2020-06-22 16:31:51,2.807,2_39_125_21_2020-06-22 15:35:34.946766,2,CA-311,2-39-125-21,America/Los_Angeles,1920.0,600.0,12.0,20.0,109.0,"Mon, 22 Jun 2020 15:35:45 GMT",True,"Mon, 22 Jun 2020 17:24:35 GMT",1920.0,,,,,,,,,1.0016666666666667,0 days 01:00:06,0 days 00:03:50,State of sky on the whole unchanged,16,16-17
2119,5f0a598cf9af8b269d62d268,39,2020-06-25 18:13:31,2020-06-25 21:12:57,2020-06-25 20:01:09,6.369,2_39_92_436_2020-06-25 18:13:15.910609,2,CA-318,2-39-92-436,America/Los_Angeles,6952.0,340.0,34.0,100.0,480.0,"Thu, 25 Jun 2020 18:13:31 GMT",True,"Fri, 26 Jun 2020 02:13:31 GMT",6952.0,,,,,,,,,2.9905555555555554,0 days 02:59:26,0 days 01:11:48,"Drizzle, not freezing, continuous",21,21-22
2120,5f0a598cf9af8b269d62d269,39,2020-06-25 21:08:24,2020-06-25 22:00:45,2020-06-25 22:00:40,2.911,2_39_126_20_2020-06-25 21:08:24.102234,2,CA-310,2-39-126-20,America/Los_Angeles,1920.0,600.0,12.0,20.0,109.0,"Thu, 25 Jun 2020 21:09:11 GMT",True,"Thu, 25 Jun 2020 22:57:24 GMT",1920.0,,,,,,,,,0.8725,0 days 00:52:21,0 days 00:00:05,"Drizzle, not freezing, continuous",22,22-23
2121,5f0bab0bf9af8b28db17a305,39,2020-06-26 15:42:23,2020-06-26 16:26:06,2020-06-26 16:26:01,2.404,2_39_125_21_2020-06-26 15:42:23.230807,2,CA-311,2-39-125-21,America/Los_Angeles,1920.0,600.0,12.0,20.0,109.0,"Fri, 26 Jun 2020 15:42:37 GMT",True,"Fri, 26 Jun 2020 17:31:23 GMT",1920.0,,,,,,,,,0.7286111111111111,0 days 00:43:43,0 days 00:00:05,"Rain, not freezing, continuous",16,16-17
2122,5f0bab0bf9af8b28db17a306,39,2020-06-26 16:18:15,2020-06-26 16:44:11,2020-06-26 16:44:07,1.182,2_39_89_25_2020-06-26 16:18:14.739879,2,CA-315,2-39-89-25,America/Los_Angeles,743.0,250.0,25.0,100.0,480.0,"Fri, 26 Jun 2020 16:20:23 GMT",True,"Sat, 27 Jun 2020 00:18:15 GMT",743.0,,,,,,,,,0.43222222222222223,0 days 00:25:56,0 days 00:00:04,"Rain, not freezing, continuous",16,16-17
2123,5f0bab0bf9af8b28db17a307,39,2020-06-26 17:29:38,2020-06-27 04:09:19,2020-06-27 04:09:12,13.31,2_39_89_25_2020-06-26 17:29:38.394628,2,CA-315,2-39-89-25,America/Los_Angeles,431.0,286.0,28.6,100.0,480.0,"Fri, 26 Jun 2020 17:32:25 GMT",True,"Sat, 27 Jun 2020 01:29:38 GMT",431.0,,,,,,,,,10.661388888888888,0 days 10:39:41,0 days 00:00:07,"Drizzle, not freezing, continuous",4,4-5
2124,5f0e4e0af9af8b2cf1b36e65,39,2020-06-27 23:52:13,2020-06-28 00:16:19,2020-06-28 00:16:14,1.39,2_39_129_17_2020-06-27 23:51:55.389105,2,CA-307,2-39-129-17,America/Los_Angeles,1297.0,310.0,31.0,100.0,480.0,"Sat, 27 Jun 2020 23:52:12 GMT",True,"Sun, 28 Jun 2020 07:52:13 GMT",1297.0,,,,,,,,,0.40166666666666667,0 days 00:24:06,0 days 00:00:05,"Drizzle, not freezing, continuous",0,0-1
2125,5f0e4e0cf9af8b2cf1b36e66,39,2020-06-28 21:18:05,2020-06-29 05:08:16,2020-06-29 04:35:13,47.437,2_39_139_28_2020-06-28 21:18:04.772110,2,CA-303,2-39-139-28,America/Los_Angeles,1085.0,283.0,28.3,100.0,480.0,"Sun, 28 Jun 2020 21:18:14 GMT",True,"Mon, 29 Jun 2020 05:18:05 GMT",1085.0,283.0,56.6,200.0,480.0,"Sun, 28 Jun 2020 21:37:04 GMT",True,"Mon, 29 Jun 2020 05:18:05 GMT",1085.0,7.836388888888889,0 days 07:50:11,0 days 00:33:03,"Drizzle, not freezing, continuous",5,5-6
2126,5f0f9f8bf9af8b2f1292e0c8,39,2020-06-29 23:09:54,2020-06-30 00:07:06,2020-06-30 00:06:58,3.153,2_39_124_22_2020-06-29 23:09:54.204699,2,CA-312,2-39-124-22,America/Los_Angeles,1746.0,350.0,35.0,100.0,534.0,"Mon, 29 Jun 2020 23:11:53 GMT",True,"Tue, 30 Jun 2020 08:03:54 GMT",1746.0,,,,,,,,,0.9533333333333334,0 days 00:57:12,0 days 00:00:08,"Drizzle, not freezing, continuous",0,0-1
2127,5f10f10cf9af8b31234b5ed4,39,2020-06-30 13:40:25,2020-06-30 20:44:26,2020-06-30 15:19:19,5.861,2_39_91_437_2020-06-30 13:40:17.475404,2,CA-317,2-39-91-437,America/Los_Angeles,6952.0,340.0,34.0,100.0,480.0,"Tue, 30 Jun 2020 13:40:24 GMT",True,"Tue, 30 Jun 2020 21:40:25 GMT",6952.0,,,,,,,,,7.066944444444444,0 days 07:04:01,0 days 05:25:07,"Drizzle, not freezing, continuous",20,20-21
2128,5f10f10cf9af8b31234b5ed5,39,2020-06-30 19:54:22,2020-06-30 22:43:29,2020-06-30 21:05:49,3.521,2_39_89_25_2020-06-30 19:54:21.714241,2,CA-315,2-39-89-25,America/Los_Angeles,743.0,250.0,25.0,100.0,480.0,"Tue, 30 Jun 2020 19:54:54 GMT",True,"Wed, 01 Jul 2020 03:54:22 GMT",743.0,,,,,,,,,2.818611111111111,0 days 02:49:07,0 days 01:37:40,"Drizzle, not freezing, continuous",22,22-23
2129,5f10f10cf9af8b31234b5ed6,39,2020-06-30 20:21:14,2020-06-30 23:36:17,2020-06-30 21:05:21,2.729,2_39_79_380_2020-06-30 20:21:13.995218,2,CA-489,2-39-79-380,America/Los_Angeles,751.0,340.0,34.0,100.0,480.0,"Tue, 30 Jun 2020 20:21:53 GMT",True,"Wed, 01 Jul 2020 04:21:14 GMT",751.0,,,,,,,,,3.2508333333333335,0 days 03:15:03,0 days 02:30:56,"Drizzle, not freezing, continuous",23,23-24
2130,5f10f10cf9af8b31234b5ed7,39,2020-06-30 21:08:39,2020-06-30 22:05:28,2020-06-30 22:05:23,3.118,2_39_127_19_2020-06-30 21:08:39.125889,2,CA-309,2-39-127-19,America/Los_Angeles,1746.0,350.0,35.0,100.0,534.0,"Tue, 30 Jun 2020 21:08:45 GMT",True,"Wed, 01 Jul 2020 06:02:39 GMT",1746.0,350.0,38.5,110.0,534.0,"Tue, 30 Jun 2020 21:09:31 GMT",True,"Wed, 01 Jul 2020 06:02:39 GMT",1746.0,0.9469444444444445,0 days 00:56:49,0 days 00:00:05,"Drizzle, not freezing, continuous",22,22-23
2131,5f12428ef9af8b334b1b64ec,39,2020-07-01 16:20:25,2020-07-01 23:25:57,2020-07-01 18:10:09,6.141,2_39_91_437_2020-07-01 16:20:18.201841,2,CA-317,2-39-91-437,America/Los_Angeles,6952.0,340.0,34.0,100.0,480.0,"Wed, 01 Jul 2020 16:20:24 GMT",True,"Thu, 02 Jul 2020 00:20:25 GMT",6952.0,,,,,,,,,7.092222222222222,0 days 07:05:32,0 days 05:15:48,"Rain, not freezing, continuous",23,23-24
2132,5f12428ef9af8b334b1b64ed,39,2020-07-01 20:27:27,2020-07-01 21:56:19,2020-07-01 21:18:20,3.152,2_39_79_380_2020-07-01 20:27:27.396061,2,CA-489,2-39-79-380,America/Los_Angeles,751.0,340.0,34.0,100.0,480.0,"Wed, 01 Jul 2020 20:27:44 GMT",True,"Thu, 02 Jul 2020 04:27:27 GMT",751.0,,,,,,,,,1.481111111111111,0 days 01:28:52,0 days 00:37:59,"Rain, not freezing, continuous",21,21-22
2133,5f13940cf9af8b354425516c,39,2020-07-02 09:20:29,2020-07-02 22:24:37,2020-07-02 16:40:23,48.577,2_39_131_30_2020-07-02 09:20:28.845315,2,CA-305,2-39-131-30,America/Los_Angeles,67.0,283.0,67.92,240.0,720.0,"Thu, 02 Jul 2020 09:20:30 GMT",True,"Thu, 02 Jul 2020 21:20:29 GMT",67.0,283.0,67.92,240.0,720.0,"Thu, 02 Jul 2020 22:22:12 GMT",True,"Thu, 02 Jul 2020 21:20:29 GMT",67.0,13.068888888888889,0 days 13:04:08,0 days 05:44:14,"Drizzle, not freezing, continuous",22,22-23
2134,5f13940cf9af8b354425516d,39,2020-07-02 14:59:06,2020-07-02 21:13:24,2020-07-02 16:44:07,6.129,2_39_91_437_2020-07-02 14:59:00.044151,2,CA-317,2-39-91-437,America/Los_Angeles,6952.0,340.0,34.0,100.0,480.0,"Thu, 02 Jul 2020 14:59:06 GMT",True,"Thu, 02 Jul 2020 22:59:06 GMT",6952.0,,,,,,,,,6.238333333333333,0 days 06:14:18,0 days 04:29:17,"Drizzle, not freezing, continuous",21,21-22
2135,5f13940cf9af8b354425516e,39,2020-07-02 17:24:19,2020-07-02 18:42:05,2020-07-02 18:42:00,4.299,2_39_125_21_2020-07-02 17:24:06.584575,2,CA-311,2-39-125-21,America/Los_Angeles,1746.0,350.0,35.0,100.0,534.0,"Thu, 02 Jul 2020 17:24:19 GMT",True,"Fri, 03 Jul 2020 02:18:19 GMT",1746.0,,,,,,,,,1.2961111111111112,0 days 01:17:46,0 days 00:00:05,"Drizzle, not freezing, continuous",18,18-19
2136,5f13940cf9af8b354425516f,39,2020-07-02 18:51:38,2020-07-02 19:47:29,2020-07-02 19:22:12,0.869,2_39_78_361_2020-07-02 18:51:38.069997,2,CA-493,2-39-78-361,America/Los_Angeles,,,,,,,,,,,,,,,,,,0.9308333333333333,0 days 00:55:51,0 days 00:25:17,"Drizzle, not freezing, continuous",19,19-20
2137,5f14e58bf9af8b37796edc8f,39,2020-07-03 15:36:52,2020-07-03 16:33:22,2020-07-03 16:33:17,2.888,2_39_125_21_2020-07-03 15:36:52.370048,2,CA-311,2-39-125-21,America/Los_Angeles,1746.0,350.0,35.0,100.0,534.0,"Fri, 03 Jul 2020 15:37:22 GMT",True,"Sat, 04 Jul 2020 00:30:52 GMT",1746.0,,,,,,,,,0.9416666666666667,0 days 00:56:30,0 days 00:00:05,"Drizzle, not freezing, continuous",16,16-17
2138,5f16370bf9af8b39a6773efa,39,2020-07-05 03:45:55,2020-07-05 04:12:51,2020-07-05 04:12:46,0.751,2_39_139_28_2020-07-05 03:45:55.363632,2,CA-303,2-39-139-28,America/Los_Angeles,,,,,,,,,,,,,,,,,,0.4488888888888889,0 days 00:26:56,0 days 00:00:05,"Drizzle, not freezing, continuous",4,4-5
2139,5f17888df9af8b3bb9e3eb22,39,2020-07-05 20:01:09,2020-07-05 21:57:16,2020-07-05 21:51:09,12.013,2_39_79_380_2020-07-05 20:01:08.855899,2,CA-489,2-39-79-380,America/Los_Angeles,1142.0,400.0,12.0,30.0,160.0,"Sun, 05 Jul 2020 20:02:45 GMT",True,"Sun, 05 Jul 2020 22:41:09 GMT",1142.0,400.0,12.0,30.0,124.0,"Sun, 05 Jul 2020 20:02:55 GMT",True,"Sun, 05 Jul 2020 22:05:09 GMT",1142.0,1.9352777777777779,0 days 01:56:07,0 days 00:06:07,"Drizzle, not freezing, continuous",21,21-22
2140,5f17888df9af8b3bb9e3eb23,39,2020-07-06 02:27:47,2020-07-07 00:07:19,2020-07-06 10:49:05,52.55333111111111,2_39_131_30_2020-07-06 02:27:46.774546,2,CA-305,2-39-131-30,America/Los_Angeles,489.0,283.0,59.43,210.0,605.0,"Mon, 06 Jul 2020 02:28:46 GMT",True,"Mon, 06 Jul 2020 12:32:47 GMT",489.0,283.0,59.43,210.0,605.0,"Tue, 07 Jul 2020 00:02:09 GMT",True,"Mon, 06 Jul 2020 12:32:47 GMT",489.0,21.65888888888889,0 days 21:39:32,0 days 13:18:14,"Drizzle, not freezing, continuous",0,0-1
2141,5f18da0bf9af8b3dd24eabb8,39,2020-07-06 15:48:12,2020-07-07 00:07:19,2020-07-06 16:07:45,0.9198261111111112,2_39_125_21_2020-07-06 15:48:11.137006,2,CA-311,2-39-125-21,America/Los_Angeles,1746.0,350.0,35.0,100.0,534.0,"Mon, 06 Jul 2020 15:48:11 GMT",True,"Tue, 07 Jul 2020 00:42:12 GMT",1746.0,,,,,,,,,8.31861111111111,0 days 08:19:07,0 days 07:59:34,"Drizzle, not freezing, continuous",0,0-1
2142,5f18da0bf9af8b3dd24eabb9,39,2020-07-07 00:07:09,2020-07-07 00:24:26,2020-07-07 00:20:05,2.052,2_39_79_382_2020-07-06 21:43:40.828102,2,CA-491,2-39-79-382,America/Los_Angeles,1082.0,400.0,8.0,20.0,64.0,"Tue, 07 Jul 2020 00:07:09 GMT",True,"Tue, 07 Jul 2020 01:11:09 GMT",1082.0,,,,,,,,,0.28805555555555556,0 days 00:17:17,0 days 00:04:21,"Drizzle, not freezing, continuous",0,0-1
2143,5f18da0bf9af8b3dd24eabba,39,2020-07-07 00:07:20,2020-07-07 05:38:50,2020-07-07 00:38:02,0.5275447222222222,2_39_138_29_2020-07-07 00:07:19.519772,2,CA-304,2-39-138-29,America/Los_Angeles,,,,,,,,,,,,,,,,,,5.525,0 days 05:31:30,0 days 05:00:48,"Drizzle, not freezing, continuous",5,5-6
2144,5f1a2b8bf9af8b3fee6daaaa,39,2020-07-07 17:00:14,2020-07-07 21:41:44,2020-07-07 18:39:51,5.842,2_39_91_441_2020-07-07 17:00:03.965778,2,CA-499,2-39-91-441,America/Los_Angeles,6952.0,340.0,34.0,100.0,480.0,"Tue, 07 Jul 2020 17:00:13 GMT",True,"Wed, 08 Jul 2020 01:00:14 GMT",6952.0,,,,,,,,,4.691666666666666,0 days 04:41:30,0 days 03:01:53,"Drizzle, not freezing, continuous",21,21-22
2145,5f1a2b8bf9af8b3fee6daaab,39,2020-07-07 20:51:42,2020-07-07 22:07:49,2020-07-07 21:36:17,2.175,2_39_125_21_2020-07-07 20:51:41.504102,2,CA-311,2-39-125-21,America/Los_Angeles,1746.0,350.0,35.0,100.0,534.0,"Tue, 07 Jul 2020 20:52:46 GMT",True,"Wed, 08 Jul 2020 05:45:42 GMT",1746.0,350.0,35.0,100.0,798.0,"Tue, 07 Jul 2020 21:01:00 GMT",True,"Wed, 08 Jul 2020 10:09:42 GMT",1746.0,1.2686111111111111,0 days 01:16:07,0 days 00:31:32,"Drizzle, not freezing, continuous",22,22-23
2146,5f1a2b8bf9af8b3fee6daaac,39,2020-07-08 00:49:13,2020-07-08 01:12:44,2020-07-08 01:12:35,0.658,2_39_130_31_2020-07-08 00:49:13.138087,2,CA-306,2-39-130-31,America/Los_Angeles,,,,,,,,,,,,,,,,,,0.39194444444444443,0 days 00:23:31,0 days 00:00:09,Clouds generally forming or developing,1,1-2
2147,5f1b7d0bf9af8b42093cf616,39,2020-07-08 15:44:47,2020-07-08 21:07:13,2020-07-08 17:27:21,6.582,2_39_91_441_2020-07-08 15:44:40.009133,2,CA-499,2-39-91-441,America/Los_Angeles,6952.0,340.0,13.6,40.0,329.0,"Wed, 08 Jul 2020 15:44:46 GMT",True,"Wed, 08 Jul 2020 21:13:47 GMT",6952.0,,,,,,,,,5.373888888888889,0 days 05:22:26,0 days 03:39:52,Clouds generally forming or developing,21,21-22
2148,5f1cce8cf9af8b43ff3ad65b,39,2020-07-09 15:46:14,2020-07-09 21:23:48,,6.543,2_39_91_437_2020-07-09 15:46:06.653396,2,CA-317,2-39-91-437,America/Los_Angeles,6952.0,340.0,13.6,40.0,329.0,"Thu, 09 Jul 2020 15:46:14 GMT",True,"Thu, 09 Jul 2020 21:15:14 GMT",6952.0,,,,,,,,,5.626111111111111,0 days 05:37:34,,"Rain, not freezing, continuous",21,21-22
2149,5f1cce8cf9af8b43ff3ad65c,39,2020-07-09 20:08:23,2020-07-10 00:34:18,,24.205,2_39_79_377_2020-07-09 20:08:23.012389,2,CA-325,2-39-79-377,America/Los_Angeles,3424.0,280.0,42.0,150.0,480.0,"Thu, 09 Jul 2020 20:08:41 GMT",True,"Fri, 10 Jul 2020 04:08:23 GMT",3424.0,,,,,,,,,4.4319444444444445,0 days 04:25:55,,"Rain, not freezing, continuous",0,0-1
2150,5f1cce8cf9af8b43ff3ad65d,39,2020-07-10 01:59:26,2020-07-10 15:31:35,,19.303,2_39_79_377_2020-07-10 01:59:26.063720,2,CA-325,2-39-79-377,America/Los_Angeles,3267.0,310.0,34.1,110.0,660.0,"Fri, 10 Jul 2020 02:03:51 GMT",True,"Fri, 10 Jul 2020 12:59:26 GMT",3267.0,310.0,34.1,110.0,660.0,"Fri, 10 Jul 2020 15:31:06 GMT",True,"Fri, 10 Jul 2020 12:59:26 GMT",3267.0,13.535833333333333,0 days 13:32:09,,"Rain, not freezing, continuous",15,15-16
2151,5f1e200af9af8b4657722fd8,39,2020-07-10 15:36:27,2020-07-10 16:24:08,,1.535,2_39_125_21_2020-07-10 15:36:27.320102,2,CA-311,2-39-125-21,America/Los_Angeles,1746.0,350.0,35.0,100.0,534.0,"Fri, 10 Jul 2020 15:36:34 GMT",True,"Sat, 11 Jul 2020 00:30:27 GMT",1746.0,,,,,,,,,0.7947222222222222,0 days 00:47:41,,"Rain, not freezing, continuous",16,16-17
2152,5f1f718bf9af8b4886ae9ca0,39,2020-07-11 18:49:19,2020-07-13 03:58:50,,14.886,2_39_79_378_2020-07-11 18:49:18.748420,2,CA-326,2-39-79-378,America/Los_Angeles,3267.0,310.0,34.1,110.0,660.0,"Sat, 11 Jul 2020 18:50:26 GMT",True,"Sun, 12 Jul 2020 05:49:19 GMT",3267.0,310.0,34.1,110.0,660.0,"Mon, 13 Jul 2020 03:58:42 GMT",True,"Sun, 12 Jul 2020 05:49:19 GMT",3267.0,33.158611111111114,1 days 09:09:31,,Clouds generally forming or developing,3,3-4
2153,5f20c30af9af8b4b01797e8d,39,2020-07-12 23:38:35,2020-07-13 00:59:30,,8.711,2_39_127_19_2020-07-12 23:38:26.638723,2,CA-309,2-39-127-19,America/Los_Angeles,7339.0,310.0,21.7,70.0,201.0,"Sun, 12 Jul 2020 23:38:35 GMT",True,"Mon, 13 Jul 2020 02:59:35 GMT",7339.0,,,,,,,,,1.3486111111111112,0 days 01:20:55,,Clouds generally forming or developing,0,0-1
2154,5f22148cf9af8b4d7198d2dc,39,2020-07-13 15:25:08,2020-07-13 15:34:23,,0.632,2_39_131_30_2020-07-13 15:25:07.741343,2,CA-305,2-39-131-30,America/Los_Angeles,1316.0,283.0,28.3,100.0,480.0,"Mon, 13 Jul 2020 15:27:45 GMT",True,"Mon, 13 Jul 2020 23:25:08 GMT",1316.0,,,,,,,,,0.15416666666666667,0 days 00:09:15,,Clouds generally forming or developing,15,15-16
2155,5f22148cf9af8b4d7198d2dd,39,2020-07-13 15:25:08,2020-07-13 19:16:37,2020-07-13 19:13:35,11.116954444444444,2_39_79_380_2020-07-13 15:25:08.131933,2,CA-489,2-39-79-380,America/Los_Angeles,3853.0,310.0,62.0,200.0,605.0,"Mon, 13 Jul 2020 15:26:35 GMT",True,"Tue, 14 Jul 2020 01:30:08 GMT",3853.0,,,,,,,,,3.8580555555555556,0 days 03:51:29,0 days 00:03:02,Clouds generally forming or developing,19,19-20
2156,5f22148cf9af8b4d7198d2de,39,2020-07-13 17:31:23,2020-07-13 21:13:34,2020-07-13 19:05:44,7.229,2_39_91_441_2020-07-13 16:38:34.243130,2,CA-499,2-39-91-441,America/Los_Angeles,6952.0,340.0,13.6,40.0,329.0,"Mon, 13 Jul 2020 17:31:23 GMT",True,"Mon, 13 Jul 2020 23:00:23 GMT",6952.0,,,,,,,,,3.7030555555555558,0 days 03:42:11,0 days 02:07:50,Clouds generally forming or developing,21,21-22
2157,5f22148cf9af8b4d7198d2df,39,2020-07-13 19:53:23,2020-07-14 02:26:24,2020-07-14 02:26:19,21.307,2_39_79_381_2020-07-13 19:53:11.632128,2,CA-490,2-39-79-381,America/Los_Angeles,2743.0,283.0,70.75,250.0,750.0,"Mon, 13 Jul 2020 19:53:23 GMT",True,"Tue, 14 Jul 2020 08:23:23 GMT",2743.0,,,,,,,,,6.550277777777778,0 days 06:33:01,0 days 00:00:05,"Drizzle, not freezing, continuous",2,2-3
2158,5f23660af9af8b4f7cbb422c,39,2020-07-14 20:40:43,2020-07-14 23:41:36,2020-07-14 22:10:25,4.49,2_39_89_25_2020-07-14 20:40:43.369565,2,CA-315,2-39-89-25,America/Los_Angeles,743.0,250.0,25.0,100.0,480.0,"Tue, 14 Jul 2020 20:41:06 GMT",True,"Wed, 15 Jul 2020 04:40:43 GMT",743.0,,,,,,,,,3.0147222222222223,0 days 03:00:53,0 days 01:31:11,"Drizzle, not freezing, continuous",23,23-24
2159,5f24b78bf9af8b51841f0929,39,2020-07-15 15:35:16,2020-07-15 21:36:25,2020-07-15 17:23:13,6.216,2_39_91_437_2020-07-15 15:35:10.209484,2,CA-317,2-39-91-437,America/Los_Angeles,6952.0,340.0,13.6,40.0,329.0,"Wed, 15 Jul 2020 15:35:15 GMT",True,"Wed, 15 Jul 2020 21:04:16 GMT",6952.0,,,,,,,,,6.019166666666667,0 days 06:01:09,0 days 04:13:12,"Rain, not freezing, continuous",21,21-22
2160,5f24b78bf9af8b51841f092a,39,2020-07-15 20:37:19,2020-07-15 21:31:37,2020-07-15 21:31:32,2.746,2_39_125_21_2020-07-15 20:37:19.125791,2,CA-311,2-39-125-21,America/Los_Angeles,1746.0,350.0,35.0,100.0,534.0,"Wed, 15 Jul 2020 20:37:41 GMT",True,"Thu, 16 Jul 2020 05:31:19 GMT",1746.0,,,,,,,,,0.905,0 days 00:54:18,0 days 00:00:05,"Rain, not freezing, continuous",21,21-22
2161,5f24b78bf9af8b51841f092b,39,2020-07-15 20:53:05,2020-07-15 21:33:21,2020-07-15 21:33:16,2.163,2_39_79_380_2020-07-15 20:53:05.499813,2,CA-489,2-39-79-380,America/Los_Angeles,3389.0,250.0,10.0,40.0,120.0,"Wed, 15 Jul 2020 20:54:39 GMT",True,"Wed, 15 Jul 2020 22:53:05 GMT",3389.0,,,,,,,,,0.6711111111111111,0 days 00:40:16,0 days 00:00:05,"Rain, not freezing, continuous",21,21-22
2162,5f26090bf9af8b5396fb3022,39,2020-07-16 15:25:34,2020-07-16 19:01:31,2020-07-16 19:01:26,23.703,2_39_79_379_2020-07-16 15:25:34.233090,2,CA-327,2-39-79-379,America/Los_Angeles,3853.0,310.0,62.0,200.0,605.0,"Thu, 16 Jul 2020 15:25:51 GMT",True,"Fri, 17 Jul 2020 01:30:34 GMT",3853.0,310.0,40.3,130.0,291.0,"Thu, 16 Jul 2020 15:26:41 GMT",True,"Thu, 16 Jul 2020 20:16:34 GMT",3853.0,3.5991666666666666,0 days 03:35:57,0 days 00:00:05,"Drizzle, not freezing, continuous",19,19-20
2163,5f26090bf9af8b5396fb3023,39,2020-07-16 15:30:52,2020-07-16 20:52:14,2020-07-16 17:14:18,6.026,2_39_91_437_2020-07-16 15:30:42.711686,2,CA-317,2-39-91-437,America/Los_Angeles,6952.0,340.0,13.6,40.0,329.0,"Thu, 16 Jul 2020 15:30:51 GMT",True,"Thu, 16 Jul 2020 20:59:52 GMT",6952.0,,,,,,,,,5.356111111111111,0 days 05:21:22,0 days 03:37:56,"Drizzle, not freezing, continuous",20,20-21
2164,5f275a8bf9af8b55be3ef21c,39,2020-07-17 15:07:41,2020-07-17 18:46:57,2020-07-17 15:38:09,0.85,2_39_79_379_2020-07-17 15:07:41.257623,2,CA-327,2-39-79-379,America/Los_Angeles,,,,,,,,,,,,,,,,,,3.6544444444444446,0 days 03:39:16,0 days 03:08:48,"Rain, not freezing, continuous",18,18-19
2165,5f275a8bf9af8b55be3ef21d,39,2020-07-17 15:45:10,2020-07-17 16:39:57,2020-07-17 16:23:15,1.788,2_39_125_21_2020-07-17 15:45:10.051935,2,CA-311,2-39-125-21,America/Los_Angeles,1746.0,350.0,35.0,100.0,534.0,"Fri, 17 Jul 2020 15:45:14 GMT",True,"Sat, 18 Jul 2020 00:39:10 GMT",1746.0,,,,,,,,,0.9130555555555555,0 days 00:54:47,0 days 00:16:42,"Rain, not freezing, continuous",16,16-17
2166,5f275a8bf9af8b55be3ef21e,39,2020-07-17 22:46:01,2020-07-18 03:53:27,2020-07-18 00:49:12,6.298,2_39_130_31_2020-07-17 22:45:34.418611,2,CA-306,2-39-130-31,America/Los_Angeles,5594.0,250.0,25.0,100.0,480.0,"Fri, 17 Jul 2020 22:46:00 GMT",True,"Sat, 18 Jul 2020 06:46:01 GMT",5594.0,,,,,,,,,5.123888888888889,0 days 05:07:26,0 days 03:04:15,Clouds generally forming or developing,3,3-4
2167,5f275a8bf9af8b55be3ef21f,39,2020-07-17 22:50:41,2020-07-18 00:02:52,2020-07-18 00:02:47,4.034,2_39_95_27_2020-07-17 22:50:41.327222,2,CA-319,2-39-95-27,America/Los_Angeles,1222.0,250.0,5.0,20.0,85.0,"Fri, 17 Jul 2020 22:52:32 GMT",True,"Sat, 18 Jul 2020 00:15:41 GMT",1222.0,,,,,,,,,1.2030555555555555,0 days 01:12:11,0 days 00:00:05,Clouds generally forming or developing,0,0-1
2168,5f275a8bf9af8b55be3ef220,39,2020-07-17 23:41:10,2020-07-17 23:55:01,2020-07-17 23:54:56,0.812,2_39_79_379_2020-07-17 23:40:53.036065,2,CA-327,2-39-79-379,America/Los_Angeles,5368.0,470.0,9.4,20.0,60.0,"Fri, 17 Jul 2020 23:41:09 GMT",True,"Sat, 18 Jul 2020 00:41:10 GMT",5368.0,,,,,,,,,0.23083333333333333,0 days 00:13:51,0 days 00:00:05,"Rain, not freezing, continuous",23,23-24
2169,5f28ac0bf9af8b58442d0370,39,2020-07-19 06:16:27,2020-07-19 16:34:41,2020-07-19 08:13:01,11.516,2_39_79_377_2020-07-19 06:16:27.331010,2,CA-325,2-39-79-377,America/Los_Angeles,3267.0,310.0,34.1,110.0,660.0,"Sun, 19 Jul 2020 06:16:58 GMT",True,"Sun, 19 Jul 2020 17:16:27 GMT",3267.0,310.0,34.1,110.0,660.0,"Sun, 19 Jul 2020 16:34:14 GMT",True,"Sun, 19 Jul 2020 17:16:27 GMT",3267.0,10.303888888888888,0 days 10:18:14,0 days 08:21:40,"Drizzle, not freezing, continuous",16,16-17
2170,5f29fd8cf9af8b5a3f4e6473,39,2020-07-19 17:08:24,2020-07-20 02:22:48,2020-07-20 00:17:48,45.839,2_39_131_30_2020-07-19 17:08:24.220946,2,CA-305,2-39-131-30,America/Los_Angeles,1085.0,283.0,33.96,120.0,432.0,"Sun, 19 Jul 2020 17:08:28 GMT",True,"Mon, 20 Jul 2020 00:20:24 GMT",1085.0,283.0,56.6,200.0,432.0,"Sun, 19 Jul 2020 17:08:39 GMT",True,"Mon, 20 Jul 2020 00:20:24 GMT",1085.0,9.24,0 days 09:14:24,0 days 02:05:00,"Drizzle, not freezing, continuous",2,2-3
2171,5f29fd8cf9af8b5a3f4e6474,39,2020-07-19 17:10:06,2020-07-20 02:22:35,2020-07-19 19:17:22,6.485,2_39_138_29_2020-07-19 17:09:48.236780,2,CA-304,2-39-138-29,America/Los_Angeles,1395.0,250.0,7.5,30.0,488.0,"Sun, 19 Jul 2020 17:10:06 GMT",True,"Mon, 20 Jul 2020 01:18:06 GMT",1395.0,,,,,,,,,9.208055555555555,0 days 09:12:29,0 days 07:05:13,"Drizzle, not freezing, continuous",2,2-3
2172,5f29fd8cf9af8b5a3f4e6475,39,2020-07-20 05:57:38,2020-07-20 06:22:40,,0.728,2_39_139_28_2020-07-20 05:57:38.044808,2,CA-303,2-39-139-28,America/Los_Angeles,,,,,,,,,,,,,,,,,,0.4172222222222222,0 days 00:25:02,,"Drizzle, not freezing, continuous",6,6-7
2173,5f2b4f0bf9af8b5c40a948af,39,2020-07-20 15:50:50,2020-07-20 16:37:24,,2.538,2_39_125_21_2020-07-20 15:50:50.289203,2,CA-311,2-39-125-21,America/Los_Angeles,1746.0,350.0,35.0,100.0,534.0,"Mon, 20 Jul 2020 15:50:58 GMT",True,"Tue, 21 Jul 2020 00:44:50 GMT",1746.0,,,,,,,,,0.7761111111111111,0 days 00:46:34,,"Drizzle, not freezing, continuous",16,16-17
2174,5f2b4f0bf9af8b5c40a948b0,39,2020-07-20 17:11:10,2020-07-21 00:22:27,,7.807,2_39_79_382_2020-07-20 17:10:50.329180,2,CA-491,2-39-79-382,America/Los_Angeles,2149.0,253.0,25.3,100.0,480.0,"Mon, 20 Jul 2020 17:11:10 GMT",True,"Tue, 21 Jul 2020 01:11:10 GMT",2149.0,253.0,30.36,120.0,360.0,"Mon, 20 Jul 2020 17:11:13 GMT",True,"Mon, 20 Jul 2020 23:11:10 GMT",2149.0,7.188055555555556,0 days 07:11:17,,Clouds generally forming or developing,0,0-1
2175,5f2b4f0bf9af8b5c40a948b1,39,2020-07-20 18:48:23,2020-07-21 03:21:35,,48.455,2_39_131_30_2020-07-20 18:48:22.741081,2,CA-305,2-39-131-30,America/Los_Angeles,489.0,283.0,62.26,220.0,634.0,"Mon, 20 Jul 2020 18:49:08 GMT",True,"Tue, 21 Jul 2020 05:22:23 GMT",489.0,,,,,,,,,8.553333333333333,0 days 08:33:12,,Clouds generally forming or developing,3,3-4
2176,5f2ca08bf9af8b5e61be2676,39,2020-07-21 14:42:32,2020-07-21 21:01:30,,5.945,2_39_91_437_2020-07-21 14:42:24.800221,2,CA-317,2-39-91-437,America/Los_Angeles,6952.0,340.0,13.6,40.0,329.0,"Tue, 21 Jul 2020 14:42:32 GMT",True,"Tue, 21 Jul 2020 20:11:32 GMT",6952.0,,,,,,,,,6.316111111111111,0 days 06:18:58,,Clouds generally forming or developing,21,21-22
2177,5f2df20bf9af8b604c17dbf7,39,2020-07-22 21:49:31,2020-07-22 22:44:06,,2.973,2_39_125_21_2020-07-22 21:49:31.167667,2,CA-311,2-39-125-21,America/Los_Angeles,1746.0,350.0,35.0,100.0,534.0,"Wed, 22 Jul 2020 21:49:41 GMT",True,"Thu, 23 Jul 2020 06:43:31 GMT",1746.0,,,,,,,,,0.9097222222222222,0 days 00:54:35,,"Drizzle, not freezing, continuous",22,22-23
2178,5f30950bf9af8b64b9e72c96,39,2020-07-24 15:34:06,2020-07-24 21:05:42,,5.964,2_39_91_437_2020-07-24 15:34:00.177372,2,CA-317,2-39-91-437,America/Los_Angeles,6952.0,340.0,13.6,40.0,329.0,"Fri, 24 Jul 2020 15:34:06 GMT",True,"Fri, 24 Jul 2020 21:03:06 GMT",6952.0,,,,,,,,,5.526666666666666,0 days 05:31:36,,Clouds generally forming or developing,21,21-22
2179,5f30950bf9af8b64b9e72c97,39,2020-07-24 15:51:08,2020-07-24 16:47:24,,3.075,2_39_125_21_2020-07-24 15:51:07.505585,2,CA-311,2-39-125-21,America/Los_Angeles,1746.0,350.0,35.0,100.0,534.0,"Fri, 24 Jul 2020 15:51:18 GMT",True,"Sat, 25 Jul 2020 00:45:08 GMT",1746.0,,,,,,,,,0.9377777777777778,0 days 00:56:16,,Clouds generally forming or developing,16,16-17
2180,5f30950bf9af8b64b9e72c98,39,2020-07-24 16:39:55,2020-07-24 17:37:55,,6.115,2_39_131_30_2020-07-24 16:39:55.378050,2,CA-305,2-39-131-30,America/Los_Angeles,7339.0,310.0,21.7,70.0,201.0,"Fri, 24 Jul 2020 16:40:12 GMT",True,"Fri, 24 Jul 2020 20:00:55 GMT",7339.0,,,,,,,,,0.9666666666666667,0 days 00:58:00,,Clouds generally forming or developing,17,17-18
2181,5f30950bf9af8b64b9e72c99,39,2020-07-25 00:06:27,2020-07-25 00:18:32,,1.09,2_39_129_17_2020-07-25 00:06:26.929323,2,CA-307,2-39-129-17,America/Los_Angeles,2213.0,290.0,29.0,100.0,288.0,"Sat, 25 Jul 2020 00:06:36 GMT",True,"Sat, 25 Jul 2020 04:54:27 GMT",2213.0,290.0,5.8,20.0,46.0,"Sat, 25 Jul 2020 00:11:50 GMT",True,"Sat, 25 Jul 2020 00:52:27 GMT",2213.0,0.2013888888888889,0 days 00:12:05,,"Drizzle, not freezing, continuous",0,0-1
2182,5f31e68af9af8b66b9a795b9,39,2020-07-25 15:48:57,2020-07-25 22:33:31,,6.453,2_39_129_17_2020-07-25 15:48:56.704465,2,CA-307,2-39-129-17,America/Los_Angeles,1395.0,250.0,7.5,30.0,488.0,"Sat, 25 Jul 2020 15:49:44 GMT",True,"Sat, 25 Jul 2020 23:56:57 GMT",1395.0,250.0,7.5,30.0,432.0,"Sat, 25 Jul 2020 15:50:59 GMT",True,"Sat, 25 Jul 2020 23:00:57 GMT",1395.0,6.7427777777777775,0 days 06:44:34,,"Drizzle, not freezing, continuous",22,22-23
2183,5f31e68af9af8b66b9a795ba,39,2020-07-25 15:49:07,2020-07-26 03:24:14,,42.49,2_39_128_18_2020-07-25 15:49:06.775371,2,CA-308,2-39-128-18,America/Los_Angeles,1085.0,283.0,33.96,120.0,432.0,"Sat, 25 Jul 2020 15:50:14 GMT",True,"Sat, 25 Jul 2020 23:01:07 GMT",1085.0,283.0,42.45,150.0,432.0,"Sat, 25 Jul 2020 15:50:28 GMT",True,"Sat, 25 Jul 2020 23:01:07 GMT",1085.0,11.585277777777778,0 days 11:35:07,,"Rain, not freezing, continuous",3,3-4
2184,5f31e68af9af8b66b9a795bb,39,2020-07-25 23:16:31,2020-07-25 23:37:03,,0.509,2_39_131_30_2020-07-25 23:16:30.553618,2,CA-305,2-39-131-30,America/Los_Angeles,,,,,,,,,,,,,,,,,,0.3422222222222222,0 days 00:20:32,,"Drizzle, not freezing, continuous",23,23-24
2185,5f33380df9af8b68a98afd29,39,2020-07-26 18:19:46,2020-07-26 19:05:04,,2.454,2_39_125_21_2020-07-26 18:19:45.779187,2,CA-311,2-39-125-21,America/Los_Angeles,1746.0,350.0,35.0,100.0,534.0,"Sun, 26 Jul 2020 18:19:49 GMT",True,"Mon, 27 Jul 2020 03:13:46 GMT",1746.0,,,,,,,,,0.755,0 days 00:45:18,,"Rain, not freezing, continuous",19,19-20
2186,5f33380df9af8b68a98afd2a,39,2020-07-27 01:41:46,2020-07-27 02:19:36,,1.353,2_39_139_28_2020-07-27 01:41:45.990486,2,CA-303,2-39-139-28,America/Los_Angeles,1539.0,290.0,5.8,20.0,120.0,"Mon, 27 Jul 2020 01:43:30 GMT",True,"Mon, 27 Jul 2020 03:41:46 GMT",1539.0,,,,,,,,,0.6305555555555555,0 days 00:37:50,,"Drizzle, not freezing, continuous",2,2-3
2187,5f34898cf9af8b7e41ed99c9,39,2020-07-27 16:57:17,2020-07-27 18:16:03,,8.554,2_39_79_378_2020-07-27 16:57:17.208406,2,CA-326,2-39-79-378,America/Los_Angeles,3424.0,280.0,42.0,150.0,480.0,"Mon, 27 Jul 2020 16:57:38 GMT",True,"Tue, 28 Jul 2020 00:57:17 GMT",3424.0,280.0,14.0,50.0,302.0,"Mon, 27 Jul 2020 16:58:07 GMT",True,"Mon, 27 Jul 2020 21:59:17 GMT",3424.0,1.3127777777777778,0 days 01:18:46,,"Drizzle, not freezing, continuous",18,18-19
2188,5f35db0bf9af8b01a79a82be,39,2020-07-28 13:21:47,2020-07-28 13:59:48,,2.28,2_39_91_437_2020-07-28 13:21:47.214626,2,CA-317,2-39-91-437,America/Los_Angeles,7675.0,297.0,29.7,100.0,288.0,"Tue, 28 Jul 2020 13:42:09 GMT",True,"Tue, 28 Jul 2020 18:09:47 GMT",7675.0,,,,,,,,,0.6336111111111111,0 days 00:38:01,,"Drizzle, not freezing, continuous",13,13-14
2189,5f35db0bf9af8b01a79a82bf,39,2020-07-28 21:40:29,2020-07-29 00:12:47,,4.984,2_39_89_25_2020-07-28 21:40:28.550046,2,CA-315,2-39-89-25,America/Los_Angeles,743.0,250.0,25.0,100.0,480.0,"Tue, 28 Jul 2020 21:40:54 GMT",True,"Wed, 29 Jul 2020 05:40:29 GMT",743.0,,,,,,,,,2.5383333333333336,0 days 02:32:18,,Clouds generally forming or developing,0,0-1
2190,5f372c8bf9af8b03ab457d04,39,2020-07-29 16:12:20,2020-07-29 21:14:24,,6.0,2_39_91_437_2020-07-29 16:12:11.695692,2,CA-317,2-39-91-437,America/Los_Angeles,6952.0,340.0,13.6,40.0,329.0,"Wed, 29 Jul 2020 16:12:20 GMT",True,"Wed, 29 Jul 2020 21:41:20 GMT",6952.0,,,,,,,,,5.0344444444444445,0 days 05:02:04,,Clouds generally forming or developing,21,21-22
2191,5f372c8bf9af8b03ab457d05,39,2020-07-29 23:05:54,2020-07-29 23:27:17,,0.591,2_39_127_19_2020-07-29 23:05:53.646092,2,CA-309,2-39-127-19,America/Los_Angeles,,,,,,,,,,,,,,,,,,0.35638888888888887,0 days 00:21:23,,Clouds generally forming or developing,23,23-24
2192,5f387e0af9af8b05ad94ad9b,39,2020-07-30 20:38:07,2020-07-31 00:22:23,,4.657,2_39_79_380_2020-07-30 20:38:07.486241,2,CA-489,2-39-79-380,America/Los_Angeles,751.0,340.0,34.0,100.0,480.0,"Thu, 30 Jul 2020 20:38:14 GMT",True,"Fri, 31 Jul 2020 04:38:07 GMT",751.0,,,,,,,,,3.7377777777777776,0 days 03:44:16,,Clouds generally forming or developing,0,0-1
2193,5f39cf8bf9af8b07c39cfd0f,39,2020-07-31 18:01:37,2020-08-01 03:27:17,2020-08-01 00:41:22,6.423,2_39_131_30_2020-07-31 17:57:59.470037,2,CA-305,2-39-131-30,America/Los_Angeles,5594.0,250.0,25.0,100.0,480.0,"Fri, 31 Jul 2020 18:01:37 GMT",True,"Sat, 01 Aug 2020 02:01:37 GMT",5594.0,,,,,,,,,9.427777777777777,0 days 09:25:40,0 days 02:45:55,Clouds generally forming or developing,3,3-4
2194,5f39cf8bf9af8b07c39cfd10,39,2020-07-31 20:15:59,2020-07-31 22:53:09,,4.087,2_39_79_380_2020-07-31 20:15:59.042505,2,CA-489,2-39-79-380,America/Los_Angeles,751.0,340.0,34.0,100.0,480.0,"Fri, 31 Jul 2020 20:16:23 GMT",True,"Sat, 01 Aug 2020 04:15:59 GMT",751.0,,,,,,,,,2.6194444444444445,0 days 02:37:10,,Clouds generally forming or developing,22,22-23
2195,5f39cf8bf9af8b07c39cfd11,39,2020-08-01 00:26:43,2020-08-01 01:50:39,2020-08-01 01:50:07,7.933,2_39_139_28_2020-08-01 00:26:43.140330,2,CA-303,2-39-139-28,America/Los_Angeles,358.0,310.0,31.0,100.0,480.0,"Sat, 01 Aug 2020 00:28:09 GMT",True,"Sat, 01 Aug 2020 08:26:43 GMT",358.0,,,,,,,,,1.3988888888888888,0 days 01:23:56,0 days 00:00:32,Clouds generally forming or developing,1,1-2
2196,5f39cf8bf9af8b07c39cfd12,39,2020-08-01 02:16:32,2020-08-01 03:04:21,2020-08-01 03:04:16,1.729,2_39_139_28_2020-08-01 02:16:32.021183,2,CA-303,2-39-139-28,America/Los_Angeles,1539.0,290.0,5.8,20.0,120.0,"Sat, 01 Aug 2020 02:17:55 GMT",True,"Sat, 01 Aug 2020 04:16:32 GMT",1539.0,,,,,,,,,0.7969444444444445,0 days 00:47:49,0 days 00:00:05,Clouds generally forming or developing,3,3-4
2197,5f3c728cf9af8b0c7b9c8a89,39,2020-08-02 12:30:47,2020-08-02 18:11:36,2020-08-02 16:48:42,28.87,2_39_130_31_2020-08-02 12:30:47.006756,2,CA-306,2-39-130-31,America/Los_Angeles,300.0,440.0,44.0,100.0,470.0,"Sun, 02 Aug 2020 12:30:52 GMT",True,"Sun, 02 Aug 2020 20:20:47 GMT",300.0,,,,,,,,,5.6802777777777775,0 days 05:40:49,0 days 01:22:54,"Rain, not freezing, continuous",18,18-19
2198,5f3dc40cf9af8b0e903d431b,39,2020-08-03 15:47:14,2020-08-03 16:45:14,2020-08-03 16:45:05,3.144,2_39_125_21_2020-08-03 15:47:14.458999,2,CA-311,2-39-125-21,America/Los_Angeles,1746.0,350.0,35.0,100.0,534.0,"Mon, 03 Aug 2020 15:49:08 GMT",True,"Tue, 04 Aug 2020 00:41:14 GMT",1746.0,,,,,,,,,0.9666666666666667,0 days 00:58:00,0 days 00:00:09,Clouds generally forming or developing,16,16-17
2199,5f3dc40cf9af8b0e903d431c,39,2020-08-03 18:59:36,2020-08-04 04:55:35,2020-08-04 03:38:55,53.068,2_39_131_30_2020-08-03 18:59:36.286040,2,CA-305,2-39-131-30,America/Los_Angeles,489.0,283.0,62.26,220.0,634.0,"Mon, 03 Aug 2020 19:00:05 GMT",True,"Tue, 04 Aug 2020 05:33:36 GMT",489.0,,,,,,,,,9.933055555555555,0 days 09:55:59,0 days 01:16:40,Clouds generally forming or developing,4,4-5
2200,5f3dc40cf9af8b0e903d431d,39,2020-08-03 19:12:11,2020-08-03 22:23:45,2020-08-03 19:40:36,1.32,2_39_91_437_2020-08-03 19:12:05.738685,2,CA-317,2-39-91-437,America/Los_Angeles,6952.0,340.0,13.6,40.0,329.0,"Mon, 03 Aug 2020 19:12:10 GMT",True,"Tue, 04 Aug 2020 00:41:11 GMT",6952.0,,,,,,,,,3.1927777777777777,0 days 03:11:34,0 days 02:43:09,Clouds generally forming or developing,22,22-23
2201,5f3dc40cf9af8b0e903d431e,39,2020-08-03 22:02:13,2020-08-03 22:29:53,2020-08-03 22:29:48,1.724,2_39_79_380_2020-08-03 22:02:01.464006,2,CA-489,2-39-79-380,America/Los_Angeles,751.0,340.0,34.0,100.0,480.0,"Mon, 03 Aug 2020 22:02:13 GMT",True,"Tue, 04 Aug 2020 06:02:13 GMT",751.0,,,,,,,,,0.46111111111111114,0 days 00:27:40,0 days 00:00:05,Clouds generally forming or developing,22,22-23
2202,5fdd57b1f9af8b16e6675dc6,39,2020-11-18 21:37:02,2020-11-19 02:29:15,2020-11-18 22:45:41,2.237,2_39_78_365_2020-11-18 21:37:01.529096,2,CA-321,2-39-78-365,America/Los_Angeles,1082.0,290.0,5.8,20.0,120.0,"Wed, 18 Nov 2020 21:37:37 GMT",True,"Wed, 18 Nov 2020 23:37:02 GMT",1082.0,,,,,,,,,4.870277777777778,0 days 04:52:13,0 days 03:43:34,"Drizzle, not freezing, continuous",2,2-3
2203,5fdd57b1f9af8b16e6675dc7,39,2020-11-18 23:36:26,2020-11-19 00:02:37,,4.816,2_39_81_4550_2020-11-18 23:36:26.012461,2,11900388,2-39-81-4550,America/Los_Angeles,7132.0,274.0,8.22,30.0,480.0,"Wed, 18 Nov 2020 23:36:42 GMT",True,"Thu, 19 Nov 2020 07:36:26 GMT",7132.0,,,,,,,,,0.4363888888888889,0 days 00:26:11,,"Drizzle, not freezing, continuous",0,0-1
2204,5fdd57b1f9af8b16e6675dc8,39,2020-11-19 00:35:54,2020-11-19 01:31:08,,10.027,2_39_81_4550_2020-11-19 00:35:53.924922,2,11900388,2-39-81-4550,America/Los_Angeles,4903.0,258.0,51.6,200.0,576.0,"Thu, 19 Nov 2020 00:36:25 GMT",True,"Thu, 19 Nov 2020 10:11:54 GMT",4903.0,,,,,,,,,0.9205555555555556,0 days 00:55:14,,"Drizzle, not freezing, continuous",1,1-2
2205,5fdd57b1f9af8b16e6675dc9,39,2020-11-19 01:34:02,2020-11-19 02:45:14,,24.486,2_39_81_4550_2020-11-19 01:33:46.845927,2,11900388,2-39-81-4550,America/Los_Angeles,4903.0,258.0,51.6,200.0,576.0,"Thu, 19 Nov 2020 01:34:02 GMT",True,"Thu, 19 Nov 2020 11:10:02 GMT",4903.0,,,,,,,,,1.1866666666666668,0 days 01:11:12,,"Drizzle, not freezing, continuous",2,2-3
2206,5fdd57b1f9af8b16e6675dca,39,2020-11-19 02:07:56,2020-11-19 03:51:11,2020-11-19 03:51:02,11.507,2_39_128_18_2020-11-19 02:07:56.420183,2,CA-308,2-39-128-18,America/Los_Angeles,1085.0,283.0,56.6,200.0,589.0,"Thu, 19 Nov 2020 02:08:02 GMT",True,"Thu, 19 Nov 2020 11:56:56 GMT",1085.0,,,,,,,,,1.7208333333333334,0 days 01:43:15,0 days 00:00:09,"Drizzle, not freezing, continuous",3,3-4
2207,5fdd57b1f9af8b16e6675dcb,39,2020-11-19 02:09:24,2020-11-19 04:01:31,2020-11-19 04:01:23,6.334,2_39_130_31_2020-11-19 02:09:24.413029,2,CA-306,2-39-130-31,America/Los_Angeles,1395.0,250.0,7.5,30.0,488.0,"Thu, 19 Nov 2020 02:10:42 GMT",True,"Thu, 19 Nov 2020 10:17:24 GMT",1395.0,,,,,,,,,1.868611111111111,0 days 01:52:07,0 days 00:00:08,"Drizzle, not freezing, continuous",4,4-5
2208,5fdd57b1f9af8b16e6675dcc,39,2020-11-19 03:52:00,2020-11-19 04:00:50,,4.788,2_39_81_4550_2020-11-19 03:51:59.755295,2,11900388,2-39-81-4550,America/Los_Angeles,1085.0,283.0,56.6,200.0,589.0,"Thu, 19 Nov 2020 03:52:50 GMT",True,"Thu, 19 Nov 2020 13:41:00 GMT",1085.0,,,,,,,,,0.14722222222222223,0 days 00:08:50,,"Drizzle, not freezing, continuous",4,4-5
2209,5fdd57b1f9af8b16e6675dcd,39,2020-11-19 04:24:11,2020-11-19 05:07:15,,30.849,2_39_81_4550_2020-11-19 04:24:10.706432,2,11900388,2-39-81-4550,America/Los_Angeles,9284.0,400.0,40.0,100.0,30.0,"Thu, 19 Nov 2020 04:24:50 GMT",True,"Thu, 19 Nov 2020 04:54:11 GMT",9284.0,,,,,,,,,0.7177777777777777,0 days 00:43:04,,"Drizzle, not freezing, continuous",5,5-6
2210,5fdd57b3f9af8b16e6675dce,39,2020-11-19 21:33:17,2020-11-20 02:47:16,2020-11-19 22:40:02,2.245,2_39_78_365_2020-11-19 21:33:17.369860,2,CA-321,2-39-78-365,America/Los_Angeles,1082.0,290.0,5.8,20.0,120.0,"Thu, 19 Nov 2020 21:33:54 GMT",True,"Thu, 19 Nov 2020 23:33:17 GMT",1082.0,,,,,,,,,5.233055555555556,0 days 05:13:59,0 days 04:07:14,"Drizzle, not freezing, continuous",2,2-3
2211,5fdd57b3f9af8b16e6675dcf,39,2020-11-19 23:28:16,2020-11-20 01:47:22,2020-11-20 01:47:18,7.738,2_39_91_437_2020-11-19 23:28:16.238693,2,CA-317,2-39-91-437,America/Los_Angeles,2170.0,310.0,12.4,40.0,120.0,"Thu, 19 Nov 2020 23:28:30 GMT",True,"Fri, 20 Nov 2020 01:28:16 GMT",2170.0,,,,,,,,,2.3183333333333334,0 days 02:19:06,0 days 00:00:04,"Drizzle, not freezing, continuous",1,1-2
2212,5fdd57b7f9af8b16e6675dd0,39,2020-11-20 13:56:11,2020-11-20 19:31:52,2020-11-20 15:29:18,9.683,2_39_131_30_2020-11-20 13:56:03.696292,2,CA-305,2-39-131-30,America/Los_Angeles,8677.0,310.0,15.5,50.0,240.0,"Fri, 20 Nov 2020 13:56:11 GMT",True,"Fri, 20 Nov 2020 17:56:11 GMT",8677.0,,,,,,,,,5.594722222222222,0 days 05:35:41,0 days 04:02:34,"Drizzle, not freezing, continuous",19,19-20
2213,5fdd57b7f9af8b16e6675dd1,39,2020-11-20 15:17:56,2020-11-20 15:46:33,,11.106,2_39_81_4550_2020-11-20 15:17:56.195814,2,11900388,2-39-81-4550,America/Los_Angeles,9266.0,300.0,48.0,160.0,461.0,"Fri, 20 Nov 2020 15:18:27 GMT",True,"Fri, 20 Nov 2020 22:58:56 GMT",9266.0,,,,,,,,,0.47694444444444445,0 days 00:28:37,,"Drizzle, not freezing, continuous",15,15-16
2214,5fdd57b7f9af8b16e6675dd2,39,2020-11-20 16:20:35,2020-11-20 19:06:06,2020-11-20 17:18:30,3.608,2_39_79_380_2020-11-20 16:20:34.999856,2,CA-489,2-39-79-380,America/Los_Angeles,751.0,340.0,20.4,60.0,360.0,"Fri, 20 Nov 2020 16:20:35 GMT",True,"Fri, 20 Nov 2020 22:20:35 GMT",751.0,,,,,,,,,2.758611111111111,0 days 02:45:31,0 days 01:47:36,"Drizzle, not freezing, continuous",19,19-20
2215,5fdd57b7f9af8b16e6675dd3,39,2020-11-20 19:02:31,2020-11-20 23:17:18,2020-11-20 20:07:04,6.401,2_39_95_27_2020-11-20 19:02:21.892481,2,CA-319,2-39-95-27,America/Los_Angeles,2461.0,2000.0,200.0,100.0,300.0,"Fri, 20 Nov 2020 19:02:31 GMT",True,"Sat, 21 Nov 2020 00:02:31 GMT",2461.0,,,,,,,,,4.246388888888889,0 days 04:14:47,0 days 03:10:14,"Drizzle, not freezing, continuous",23,23-24
2216,5fdd57b7f9af8b16e6675dd4,39,2020-11-20 20:00:00,2020-11-21 04:12:43,2020-11-20 21:55:11,6.009,2_39_139_28_2020-11-20 19:59:46.036236,2,CA-303,2-39-139-28,America/Los_Angeles,5594.0,250.0,25.0,100.0,480.0,"Fri, 20 Nov 2020 19:59:59 GMT",True,"Sat, 21 Nov 2020 04:00:00 GMT",5594.0,,,,,,,,,8.211944444444445,0 days 08:12:43,0 days 06:17:32,"Drizzle, not freezing, continuous",4,4-5
2217,5fdd57b7f9af8b16e6675dd5,39,2020-11-20 22:11:07,2020-11-21 03:44:38,2020-11-20 23:08:25,1.916,2_39_78_365_2020-11-20 22:11:06.923773,2,CA-321,2-39-78-365,America/Los_Angeles,1082.0,290.0,5.8,20.0,120.0,"Fri, 20 Nov 2020 22:11:48 GMT",True,"Sat, 21 Nov 2020 00:11:07 GMT",1082.0,,,,,,,,,5.558611111111111,0 days 05:33:31,0 days 04:36:13,"Drizzle, not freezing, continuous",3,3-4
2218,5fdd57b7f9af8b16e6675dd6,39,2020-11-20 23:55:56,2020-11-21 01:00:58,2020-11-21 00:59:30,1.834,2_39_125_21_2020-11-20 23:55:55.850502,2,CA-311,2-39-125-21,America/Los_Angeles,1746.0,350.0,35.0,100.0,534.0,"Fri, 20 Nov 2020 23:56:12 GMT",True,"Sat, 21 Nov 2020 08:49:56 GMT",1746.0,,,,,,,,,1.083888888888889,0 days 01:05:02,0 days 00:01:28,"Drizzle, not freezing, continuous",1,1-2
2219,5fdd57b7f9af8b16e6675dd7,39,2020-11-21 00:50:33,2020-11-21 01:18:59,,15.416,2_39_81_4550_2020-11-21 00:50:30.786067,2,11900388,2-39-81-4550,America/Los_Angeles,9283.0,319.0,28.71,90.0,270.0,"Sat, 21 Nov 2020 00:50:33 GMT",True,"Sat, 21 Nov 2020 05:20:33 GMT",9283.0,,,,,,,,,0.4738888888888889,0 days 00:28:26,,"Drizzle, not freezing, continuous",1,1-2
2220,5fdd57b9f9af8b16e6675dd8,39,2020-11-21 17:28:00,2020-11-21 17:51:19,2020-11-21 17:51:14,0.849,2_39_139_28_2020-11-21 17:28:00.146378,2,CA-303,2-39-139-28,America/Los_Angeles,1539.0,290.0,5.8,20.0,120.0,"Sat, 21 Nov 2020 17:29:53 GMT",True,"Sat, 21 Nov 2020 19:28:00 GMT",1539.0,,,,,,,,,0.38861111111111113,0 days 00:23:19,0 days 00:00:05,"Drizzle, not freezing, continuous",17,17-18
2221,5fdd57b9f9af8b16e6675dd9,39,2020-11-21 19:14:50,2020-11-21 19:27:54,2020-11-21 19:27:49,0.754,2_39_138_29_2020-11-21 19:14:49.916231,2,CA-304,2-39-138-29,America/Los_Angeles,9048.0,450.0,45.0,100.0,480.0,"Sat, 21 Nov 2020 19:15:22 GMT",True,"Sun, 22 Nov 2020 03:14:50 GMT",9048.0,450.0,13.5,30.0,160.0,"Sat, 21 Nov 2020 19:19:29 GMT",True,"Sat, 21 Nov 2020 21:54:50 GMT",9048.0,0.21777777777777776,0 days 00:13:04,0 days 00:00:05,"Drizzle, not freezing, continuous",19,19-20
2222,5fdd57b9f9af8b16e6675dda,39,2020-11-22 06:21:53,2020-11-22 06:42:34,,8.451,2_39_81_4550_2020-11-22 06:21:47.433608,2,11900388,2-39-81-4550,America/Los_Angeles,9506.0,300.0,30.0,100.0,480.0,"Sun, 22 Nov 2020 06:21:53 GMT",True,"Sun, 22 Nov 2020 14:21:53 GMT",9506.0,,,,,,,,,0.3447222222222222,0 days 00:20:41,,"Drizzle, not freezing, continuous",6,6-7
2223,5fdd57bbf9af8b16e6675ddb,39,2020-11-22 15:52:21,2020-11-22 16:44:10,2020-11-22 16:44:06,5.898,2_39_129_17_2020-11-22 15:52:21.064812,2,CA-307,2-39-129-17,America/Los_Angeles,1039.0,283.0,28.3,100.0,288.0,"Sun, 22 Nov 2020 15:52:46 GMT",True,"Sun, 22 Nov 2020 20:40:21 GMT",1039.0,,,,,,,,,0.8636111111111111,0 days 00:51:49,0 days 00:00:04,"Drizzle, not freezing, continuous",16,16-17
2224,5fdd57bbf9af8b16e6675ddc,39,2020-11-22 20:48:19,2020-11-23 02:57:49,2020-11-22 23:45:49,10.289,2_39_139_28_2020-11-22 20:48:18.515829,2,CA-303,2-39-139-28,America/Los_Angeles,9048.0,450.0,45.0,100.0,480.0,"Sun, 22 Nov 2020 20:48:42 GMT",True,"Mon, 23 Nov 2020 04:48:19 GMT",9048.0,450.0,13.5,30.0,144.0,"Sun, 22 Nov 2020 20:49:39 GMT",True,"Sun, 22 Nov 2020 23:12:19 GMT",9048.0,6.158333333333333,0 days 06:09:30,0 days 03:12:00,Clouds generally forming or developing,2,2-3
2225,5fdd57bbf9af8b16e6675ddd,39,2020-11-22 23:23:14,2020-11-22 23:58:10,2020-11-22 23:59:09,0.892,2_39_79_379_2020-11-22 23:23:14.182081,2,CA-327,2-39-79-379,America/Los_Angeles,2291.0,330.0,13.2,40.0,483.0,"Sun, 22 Nov 2020 23:57:53 GMT",True,"Mon, 23 Nov 2020 07:26:14 GMT",2291.0,,,,,,,,,0.5822222222222222,0 days 00:34:56,-1 days +23:59:01,"Drizzle, not freezing, continuous",23,23-24
2226,5fdd57bbf9af8b16e6675dde,39,2020-11-22 23:58:14,2020-11-23 00:47:10,2020-11-23 00:45:27,2.208,2_39_79_379_2020-11-22 23:58:14.389989,2,CA-327,2-39-79-379,America/Los_Angeles,2291.0,330.0,13.2,40.0,483.0,"Sun, 22 Nov 2020 23:58:30 GMT",True,"Mon, 23 Nov 2020 08:01:14 GMT",2291.0,,,,,,,,,0.8155555555555556,0 days 00:48:56,0 days 00:01:43,Clouds generally forming or developing,0,0-1
2227,5fdd57bbf9af8b16e6675ddf,39,2020-11-23 00:14:50,2020-11-23 00:52:06,,27.855,2_39_81_4550_2020-11-23 00:14:23.449939,2,11900388,2-39-81-4550,America/Los_Angeles,9513.0,297.0,44.55,150.0,480.0,"Mon, 23 Nov 2020 00:14:49 GMT",True,"Mon, 23 Nov 2020 08:14:50 GMT",9513.0,,,,,,,,,0.6211111111111111,0 days 00:37:16,,Clouds generally forming or developing,0,0-1
2228,5fdd57bbf9af8b16e6675de0,39,2020-11-23 05:08:19,2020-11-23 19:06:54,,12.463,2_39_81_4550_2020-11-23 05:07:43.108934,2,11900388,2-39-81-4550,America/Los_Angeles,9502.0,310.0,15.5,50.0,180.0,"Mon, 23 Nov 2020 05:08:18 GMT",True,"Mon, 23 Nov 2020 08:08:19 GMT",9502.0,310.0,15.5,50.0,180.0,"Mon, 23 Nov 2020 05:14:32 GMT",True,"Mon, 23 Nov 2020 08:08:19 GMT",9502.0,13.97638888888889,0 days 13:58:35,,Clouds generally forming or developing,19,19-20
2229,5fdd57bbf9af8b16e6675de1,39,2020-11-23 05:12:11,2020-11-23 09:58:56,2020-11-23 09:43:57,16.441,2_39_129_17_2020-11-23 05:11:52.357700,2,CA-307,2-39-129-17,America/Los_Angeles,9502.0,310.0,15.5,50.0,180.0,"Mon, 23 Nov 2020 05:12:11 GMT",True,"Mon, 23 Nov 2020 08:12:11 GMT",9502.0,310.0,15.5,50.0,171.0,"Mon, 23 Nov 2020 05:12:29 GMT",True,"Mon, 23 Nov 2020 08:03:11 GMT",9502.0,4.779166666666667,0 days 04:46:45,0 days 00:14:59,Clouds generally forming or developing,9,9-10
2230,5fdd57bef9af8b16e6675de2,39,2020-11-23 16:00:19,2020-11-23 17:03:32,2020-11-23 16:20:07,0.837,2_39_125_21_2020-11-23 16:00:18.949204,2,CA-311,2-39-125-21,America/Los_Angeles,1746.0,350.0,35.0,100.0,534.0,"Mon, 23 Nov 2020 16:00:33 GMT",True,"Tue, 24 Nov 2020 00:54:19 GMT",1746.0,,,,,,,,,1.053611111111111,0 days 01:03:13,0 days 00:43:25,Clouds generally forming or developing,17,17-18
2231,5fdd57bef9af8b16e6675de3,39,2020-11-23 17:18:24,2020-11-23 22:40:40,2020-11-23 19:20:40,6.933,2_39_139_28_2020-11-23 17:18:23.545136,2,CA-303,2-39-139-28,America/Los_Angeles,9048.0,450.0,13.5,30.0,300.0,"Mon, 23 Nov 2020 17:18:38 GMT",True,"Mon, 23 Nov 2020 22:18:24 GMT",9048.0,450.0,13.5,30.0,240.0,"Mon, 23 Nov 2020 17:19:21 GMT",True,"Mon, 23 Nov 2020 21:18:24 GMT",9048.0,5.371111111111111,0 days 05:22:16,0 days 03:20:00,Clouds generally forming or developing,22,22-23
2232,5fdd57bef9af8b16e6675de4,39,2020-11-23 21:10:28,2020-11-24 00:41:00,2020-11-23 22:16:56,2.248,2_39_78_365_2020-11-23 21:10:28.032817,2,CA-321,2-39-78-365,America/Los_Angeles,1082.0,290.0,5.8,20.0,120.0,"Mon, 23 Nov 2020 21:11:08 GMT",True,"Mon, 23 Nov 2020 23:10:28 GMT",1082.0,,,,,,,,,3.508888888888889,0 days 03:30:32,0 days 02:24:04,Clouds generally forming or developing,0,0-1
2233,5fdd57bef9af8b16e6675de5,39,2020-11-23 23:02:45,2020-11-24 00:16:07,2020-11-24 00:15:58,4.172,2_39_89_25_2020-11-23 23:02:45.156524,2,CA-315,2-39-89-25,America/Los_Angeles,743.0,250.0,7.5,30.0,180.0,"Mon, 23 Nov 2020 23:02:55 GMT",True,"Tue, 24 Nov 2020 02:02:45 GMT",743.0,,,,,,,,,1.2227777777777777,0 days 01:13:22,0 days 00:00:09,Clouds generally forming or developing,0,0-1
2234,5fdd57bef9af8b16e6675de6,39,2020-11-24 00:00:36,2020-11-24 03:41:05,2020-11-24 01:34:23,5.339,2_39_139_28_2020-11-24 00:00:36.344838,2,CA-303,2-39-139-28,America/Los_Angeles,9048.0,450.0,13.5,30.0,300.0,"Tue, 24 Nov 2020 00:00:55 GMT",True,"Tue, 24 Nov 2020 05:00:36 GMT",9048.0,450.0,13.5,30.0,120.0,"Tue, 24 Nov 2020 00:01:12 GMT",True,"Tue, 24 Nov 2020 02:00:36 GMT",9048.0,3.674722222222222,0 days 03:40:29,0 days 02:06:42,Clouds generally forming or developing,3,3-4
2235,5fdd57bef9af8b16e6675de7,39,2020-11-24 02:10:58,2020-11-24 02:51:55,,21.768,2_39_81_4550_2020-11-24 02:10:57.682788,2,11900388,2-39-81-4550,America/Los_Angeles,9266.0,300.0,48.0,160.0,461.0,"Tue, 24 Nov 2020 02:11:15 GMT",True,"Tue, 24 Nov 2020 09:51:58 GMT",9266.0,,,,,,,,,0.6825,0 days 00:40:57,,Clouds generally forming or developing,2,2-3
2236,5fdd57c1f9af8b16e6675de8,39,2020-11-24 15:58:06,2020-11-25 00:09:18,2020-11-24 18:24:25,9.361,2_39_79_379_2020-11-24 15:58:05.914578,2,CA-327,2-39-79-379,America/Los_Angeles,3853.0,310.0,62.0,200.0,605.0,"Tue, 24 Nov 2020 15:58:21 GMT",True,"Wed, 25 Nov 2020 02:03:06 GMT",3853.0,,,,,,,,,8.186666666666667,0 days 08:11:12,0 days 05:44:53,Clouds generally forming or developing,0,0-1
2237,5fdd57c1f9af8b16e6675de9,39,2020-11-24 17:22:11,2020-11-25 02:39:20,2020-11-24 19:09:41,6.076,2_39_139_28_2020-11-24 17:22:11.459586,2,CA-303,2-39-139-28,America/Los_Angeles,9048.0,450.0,13.5,30.0,300.0,"Tue, 24 Nov 2020 17:22:23 GMT",True,"Tue, 24 Nov 2020 22:22:11 GMT",9048.0,,,,,,,,,9.285833333333333,0 days 09:17:09,0 days 07:29:39,Clouds generally forming or developing,2,2-3
2238,5fdd57c1f9af8b16e6675dea,39,2020-11-24 21:31:25,2020-11-25 02:47:09,2020-11-24 22:39:11,2.305,2_39_78_365_2020-11-24 21:31:24.780131,2,CA-321,2-39-78-365,America/Los_Angeles,1082.0,290.0,5.8,20.0,120.0,"Tue, 24 Nov 2020 21:31:54 GMT",True,"Tue, 24 Nov 2020 23:31:25 GMT",1082.0,,,,,,,,,5.262222222222222,0 days 05:15:44,0 days 04:07:58,Clouds generally forming or developing,2,2-3
2239,5fdd57c1f9af8b16e6675deb,39,2020-11-24 22:06:34,2020-11-24 22:44:40,2020-11-24 22:37:09,0.898,2_39_83_386_2020-11-24 22:06:33.835532,2,CA-212,2-39-83-386,America/Los_Angeles,,,,,,,,,,,,,,,,,,0.635,0 days 00:38:06,0 days 00:07:31,Clouds generally forming or developing,22,22-23
2240,5fdd57c1f9af8b16e6675dec,39,2020-11-24 22:45:56,2020-11-24 23:27:06,,10.806,2_39_81_4550_2020-11-24 22:45:56.070209,2,11900388,2-39-81-4550,America/Los_Angeles,7132.0,274.0,8.22,30.0,480.0,"Tue, 24 Nov 2020 22:47:03 GMT",True,"Wed, 25 Nov 2020 06:45:56 GMT",7132.0,274.0,16.44,60.0,480.0,"Tue, 24 Nov 2020 23:05:23 GMT",True,"Wed, 25 Nov 2020 06:45:56 GMT",7132.0,0.6861111111111111,0 days 00:41:10,,Clouds generally forming or developing,23,23-24
2241,5fdd57c1f9af8b16e6675ded,39,2020-11-24 23:17:52,2020-11-25 00:13:22,2020-11-25 00:02:27,4.534,2_39_131_30_2020-11-24 23:17:51.960207,2,CA-305,2-39-131-30,America/Los_Angeles,2290.0,299.0,29.9,100.0,300.0,"Tue, 24 Nov 2020 23:18:24 GMT",True,"Wed, 25 Nov 2020 04:17:52 GMT",2290.0,,,,,,,,,0.925,0 days 00:55:30,0 days 00:10:55,Clouds generally forming or developing,0,0-1
2242,5fdd57c1f9af8b16e6675dee,39,2020-11-25 02:06:32,2020-11-25 02:29:04,,9.09,2_39_81_4550_2020-11-25 02:06:32.326649,2,11900388,2-39-81-4550,America/Los_Angeles,9266.0,300.0,48.0,160.0,461.0,"Wed, 25 Nov 2020 02:06:56 GMT",True,"Wed, 25 Nov 2020 09:47:32 GMT",9266.0,,,,,,,,,0.37555555555555553,0 days 00:22:32,,Clouds generally forming or developing,2,2-3
2243,5fdd57c1f9af8b16e6675def,39,2020-11-25 02:29:07,2020-11-25 02:40:29,,2.35,2_39_81_4550_2020-11-25 02:29:07.331920,2,11900388,2-39-81-4550,America/Los_Angeles,9266.0,300.0,48.0,160.0,461.0,"Wed, 25 Nov 2020 02:29:38 GMT",True,"Wed, 25 Nov 2020 10:10:07 GMT",9266.0,,,,,,,,,0.18944444444444444,0 days 00:11:22,,Clouds generally forming or developing,2,2-3
2244,5fdd57c1f9af8b16e6675df0,39,2020-11-25 03:17:20,2020-11-25 03:55:54,,11.047,2_39_81_4550_2020-11-25 03:17:19.506673,2,11900388,2-39-81-4550,America/Los_Angeles,316.0,290.0,20.3,70.0,146.0,"Wed, 25 Nov 2020 03:18:13 GMT",True,"Wed, 25 Nov 2020 05:43:20 GMT",316.0,,,,,,,,,0.6427777777777778,0 days 00:38:34,,Clouds generally forming or developing,3,3-4
2245,5fdd57c5f9af8b16e6675df1,39,2020-11-25 16:13:44,2020-11-25 16:35:41,,8.728,2_39_81_4550_2020-11-25 16:13:44.115684,2,11900388,2-39-81-4550,America/Los_Angeles,1039.0,283.0,28.3,100.0,288.0,"Wed, 25 Nov 2020 16:14:44 GMT",True,"Wed, 25 Nov 2020 21:01:44 GMT",1039.0,,,,,,,,,0.36583333333333334,0 days 00:21:57,,Clouds generally forming or developing,16,16-17
2246,5fdd57c5f9af8b16e6675df2,39,2020-11-25 19:37:35,2020-11-26 03:38:58,2020-11-25 20:42:40,2.194,2_39_78_365_2020-11-25 19:37:34.510780,2,CA-321,2-39-78-365,America/Los_Angeles,1082.0,290.0,5.8,20.0,120.0,"Wed, 25 Nov 2020 19:38:17 GMT",True,"Wed, 25 Nov 2020 21:37:35 GMT",1082.0,,,,,,,,,8.023055555555555,0 days 08:01:23,0 days 06:56:18,"Drizzle, not freezing, continuous",3,3-4
2247,5fdd57c5f9af8b16e6675df3,39,2020-11-25 23:00:21,2020-11-25 23:37:11,,11.563,2_39_81_4550_2020-11-25 23:00:20.689697,2,11900388,2-39-81-4550,America/Los_Angeles,316.0,290.0,20.3,70.0,146.0,"Wed, 25 Nov 2020 23:00:35 GMT",True,"Thu, 26 Nov 2020 01:26:21 GMT",316.0,,,,,,,,,0.6138888888888889,0 days 00:36:50,,Clouds generally forming or developing,23,23-24
2248,5fdd57c5f9af8b16e6675df4,39,2020-11-25 23:39:34,2020-11-26 02:49:50,2020-11-26 01:59:38,7.995,2_39_139_28_2020-11-25 23:39:34.008532,2,CA-303,2-39-139-28,America/Los_Angeles,9048.0,450.0,13.5,30.0,300.0,"Wed, 25 Nov 2020 23:39:48 GMT",True,"Thu, 26 Nov 2020 04:39:34 GMT",9048.0,450.0,9.0,20.0,300.0,"Wed, 25 Nov 2020 23:40:23 GMT",True,"Thu, 26 Nov 2020 04:39:34 GMT",9048.0,3.171111111111111,0 days 03:10:16,0 days 00:50:12,"Drizzle, not freezing, continuous",2,2-3
2249,5fdd57c5f9af8b16e6675df5,39,2020-11-26 00:00:32,2020-11-26 00:51:14,2020-11-26 00:49:47,2.314,2_39_125_21_2020-11-26 00:00:32.070811,2,CA-311,2-39-125-21,America/Los_Angeles,1746.0,350.0,35.0,100.0,534.0,"Thu, 26 Nov 2020 00:00:46 GMT",True,"Thu, 26 Nov 2020 08:54:32 GMT",1746.0,,,,,,,,,0.845,0 days 00:50:42,0 days 00:01:27,"Drizzle, not freezing, continuous",0,0-1
2250,5fdd57c8f9af8b16e6675df6,39,2020-11-26 17:29:16,2020-11-26 22:47:17,2020-11-26 21:58:55,15.943,2_39_139_28_2020-11-26 17:29:15.581338,2,CA-303,2-39-139-28,America/Los_Angeles,9502.0,310.0,15.5,50.0,180.0,"Thu, 26 Nov 2020 17:31:02 GMT",True,"Thu, 26 Nov 2020 20:29:16 GMT",9502.0,310.0,18.6,60.0,180.0,"Thu, 26 Nov 2020 17:31:35 GMT",True,"Thu, 26 Nov 2020 20:29:16 GMT",9502.0,5.300277777777778,0 days 05:18:01,0 days 00:48:22,"Drizzle, not freezing, continuous",22,22-23
2251,5fdd57c8f9af8b16e6675df7,39,2020-11-27 01:08:06,2020-11-27 01:53:36,,29.655,2_39_81_4550_2020-11-27 01:08:00.259609,2,11900388,2-39-81-4550,America/Los_Angeles,1895.0,283.0,84.9,300.0,865.0,"Fri, 27 Nov 2020 01:08:06 GMT",True,"Fri, 27 Nov 2020 15:33:06 GMT",1895.0,,,,,,,,,0.7583333333333333,0 days 00:45:30,,Clouds generally forming or developing,1,1-2
2252,5fdd57c8f9af8b16e6675df8,39,2020-11-27 05:34:45,2020-11-28 01:27:51,2020-11-27 09:27:57,13.841,2_39_139_28_2020-11-27 05:34:44.667246,2,CA-303,2-39-139-28,America/Los_Angeles,9502.0,310.0,15.5,50.0,180.0,"Fri, 27 Nov 2020 05:34:53 GMT",True,"Fri, 27 Nov 2020 08:34:45 GMT",9502.0,,,,,,,,,19.885,0 days 19:53:06,0 days 15:59:54,Clouds generally forming or developing,1,1-2
2253,5fdd57caf9af8b16e6675df9,39,2020-11-27 22:39:07,2020-11-28 00:46:48,2020-11-28 00:46:43,7.711,2_39_130_31_2020-11-27 22:39:07.103469,2,CA-306,2-39-130-31,America/Los_Angeles,9048.0,450.0,13.5,30.0,300.0,"Fri, 27 Nov 2020 22:39:48 GMT",True,"Sat, 28 Nov 2020 03:39:07 GMT",9048.0,450.0,13.5,30.0,120.0,"Fri, 27 Nov 2020 22:40:02 GMT",True,"Sat, 28 Nov 2020 00:39:07 GMT",9048.0,2.1280555555555556,0 days 02:07:41,0 days 00:00:05,Clouds generally forming or developing,0,0-1
2254,5fdd57caf9af8b16e6675dfa,39,2020-11-27 23:17:54,2020-11-28 05:05:24,2020-11-27 23:48:25,0.897,2_39_78_360_2020-11-27 23:17:54.127118,2,CA-322,2-39-78-360,America/Los_Angeles,,,,,,,,,,,,,,,,,,5.791666666666667,0 days 05:47:30,0 days 05:16:59,Clouds generally forming or developing,5,5-6
2255,5fdd57caf9af8b16e6675dfb,39,2020-11-28 02:45:44,2020-11-28 03:44:51,,44.286,2_39_81_4550_2020-11-28 02:44:53.746650,2,11900388,2-39-81-4550,America/Los_Angeles,9570.0,258.0,51.6,200.0,634.0,"Sat, 28 Nov 2020 02:45:43 GMT",True,"Sat, 28 Nov 2020 13:19:44 GMT",9570.0,,,,,,,,,0.9852777777777778,0 days 00:59:07,,Clouds generally forming or developing,3,3-4
2256,5fdd57cdf9af8b16e6675dfc,39,2020-11-28 19:08:45,2020-11-28 20:00:07,,11.944,2_39_81_4550_2020-11-28 19:08:44.929741,2,11900388,2-39-81-4550,America/Los_Angeles,856.0,400.0,8.0,20.0,60.0,"Sat, 28 Nov 2020 19:09:07 GMT",True,"Sat, 28 Nov 2020 20:08:45 GMT",856.0,,,,,,,,,0.8561111111111112,0 days 00:51:22,,Clouds generally forming or developing,20,20-21
2257,5fdd57cdf9af8b16e6675dfd,39,2020-11-28 19:50:39,2020-11-28 22:37:16,2020-11-28 20:21:02,0.874,2_39_139_28_2020-11-28 19:50:38.640109,2,CA-303,2-39-139-28,America/Los_Angeles,,,,,,,,,,,,,,,,,,2.7769444444444447,0 days 02:46:37,0 days 02:16:14,Clouds generally forming or developing,22,22-23
2258,5fdd57cdf9af8b16e6675dfe,39,2020-11-28 21:15:02,2020-11-28 21:54:13,,7.434,2_39_81_4550_2020-11-28 21:14:36.571013,2,11900388,2-39-81-4550,America/Los_Angeles,8197.0,290.0,29.0,100.0,480.0,"Sat, 28 Nov 2020 21:15:01 GMT",True,"Sun, 29 Nov 2020 05:15:02 GMT",8197.0,,,,,,,,,0.6530555555555555,0 days 00:39:11,,Clouds generally forming or developing,21,21-22
2259,5fdd57cdf9af8b16e6675dff,39,2020-11-28 22:31:59,2020-11-29 04:03:48,2020-11-28 23:41:42,2.276,2_39_78_365_2020-11-28 22:31:58.892403,2,CA-321,2-39-78-365,America/Los_Angeles,1082.0,290.0,5.8,20.0,120.0,"Sat, 28 Nov 2020 22:32:36 GMT",True,"Sun, 29 Nov 2020 00:31:59 GMT",1082.0,,,,,,,,,5.530277777777778,0 days 05:31:49,0 days 04:22:06,Clouds generally forming or developing,4,4-5
2260,5fdd57cdf9af8b16e6675e00,39,2020-11-28 23:01:03,2020-11-29 02:17:49,2020-11-29 01:34:12,9.993,2_39_128_18_2020-11-28 23:00:47.242609,2,CA-308,2-39-128-18,America/Los_Angeles,9587.0,296.0,29.6,100.0,288.0,"Sat, 28 Nov 2020 23:01:02 GMT",True,"Sun, 29 Nov 2020 03:49:03 GMT",9587.0,,,,,,,,,3.2794444444444446,0 days 03:16:46,0 days 00:43:37,Clouds generally forming or developing,2,2-3
2261,5fdd57cdf9af8b16e6675e01,39,2020-11-29 00:08:26,2020-11-29 01:58:42,2020-11-29 01:58:34,12.724,2_39_131_30_2020-11-29 00:08:25.885773,2,CA-305,2-39-131-30,America/Los_Angeles,1085.0,283.0,56.6,200.0,589.0,"Sun, 29 Nov 2020 00:08:31 GMT",True,"Sun, 29 Nov 2020 09:57:26 GMT",1085.0,,,,,,,,,1.8377777777777777,0 days 01:50:16,0 days 00:00:08,Clouds generally forming or developing,1,1-2
2262,5fdd57cdf9af8b16e6675e02,39,2020-11-29 00:08:51,2020-11-29 01:58:19,2020-11-29 01:54:31,5.275,2_39_138_29_2020-11-29 00:08:50.518664,2,CA-304,2-39-138-29,America/Los_Angeles,1395.0,250.0,7.5,30.0,488.0,"Sun, 29 Nov 2020 00:09:27 GMT",True,"Sun, 29 Nov 2020 08:16:51 GMT",1395.0,,,,,,,,,1.8244444444444445,0 days 01:49:28,0 days 00:03:48,Clouds generally forming or developing,1,1-2
2263,5fdd57cdf9af8b16e6675e03,39,2020-11-29 01:38:38,2020-11-29 02:07:14,,12.75,2_39_81_4550_2020-11-29 01:38:37.885424,2,11900388,2-39-81-4550,America/Los_Angeles,316.0,290.0,20.3,70.0,146.0,"Sun, 29 Nov 2020 01:38:54 GMT",True,"Sun, 29 Nov 2020 04:04:38 GMT",316.0,,,,,,,,,0.4766666666666667,0 days 00:28:36,,Clouds generally forming or developing,2,2-3
2264,5fdd57d0f9af8b16e6675e04,39,2020-11-29 18:41:49,2020-11-29 20:13:34,2020-11-29 19:49:59,3.441,2_39_79_379_2020-11-29 18:41:49.184997,2,CA-327,2-39-79-379,America/Los_Angeles,2291.0,330.0,33.0,100.0,480.0,"Sun, 29 Nov 2020 18:42:38 GMT",True,"Mon, 30 Nov 2020 02:41:49 GMT",2291.0,,,,,,,,,1.5291666666666666,0 days 01:31:45,0 days 00:23:35,Clouds generally forming or developing,20,20-21
2265,5fdd57d0f9af8b16e6675e05,39,2020-11-29 19:14:58,2020-11-30 03:41:28,2020-11-29 22:15:22,10.476,2_39_139_28_2020-11-29 19:14:58.031888,2,CA-303,2-39-139-28,America/Los_Angeles,9048.0,450.0,13.5,30.0,300.0,"Sun, 29 Nov 2020 19:15:51 GMT",True,"Mon, 30 Nov 2020 00:14:58 GMT",9048.0,,,,,,,,,8.441666666666666,0 days 08:26:30,0 days 05:26:06,Continuous fall of snowflakes,3,3-4
2266,5fdd57d0f9af8b16e6675e06,39,2020-11-30 00:18:58,2020-11-30 05:40:03,2020-11-30 01:24:55,2.223,2_39_78_365_2020-11-30 00:18:58.156393,2,CA-321,2-39-78-365,America/Los_Angeles,1082.0,290.0,5.8,20.0,120.0,"Mon, 30 Nov 2020 00:19:41 GMT",True,"Mon, 30 Nov 2020 02:18:58 GMT",1082.0,,,,,,,,,5.351388888888889,0 days 05:21:05,0 days 04:15:08,Continuous fall of snowflakes,5,5-6
2267,5fdd57d3f9af8b16e6675e07,39,2020-11-30 16:02:59,2020-11-30 17:02:22,2020-11-30 16:59:59,2.143,2_39_125_21_2020-11-30 16:02:59.486705,2,CA-311,2-39-125-21,America/Los_Angeles,1746.0,350.0,35.0,100.0,534.0,"Mon, 30 Nov 2020 16:03:13 GMT",True,"Tue, 01 Dec 2020 00:56:59 GMT",1746.0,,,,,,,,,0.9897222222222222,0 days 00:59:23,0 days 00:02:23,Continuous fall of snowflakes,17,17-18
2268,5fdd57d3f9af8b16e6675e08,39,2020-11-30 17:13:30,2020-11-30 22:41:50,2020-11-30 22:42:48,0.894,2_39_83_386_2020-11-30 17:13:29.994089,2,CA-212,2-39-83-386,America/Los_Angeles,,,,,,,,,,,,,,,,,,5.472222222222222,0 days 05:28:20,-1 days +23:59:02,Continuous fall of snowflakes,22,22-23
2269,5fdd57d3f9af8b16e6675e09,39,2020-11-30 18:33:34,2020-11-30 19:28:22,,20.981,2_39_81_4550_2020-11-30 18:33:33.964339,2,11900388,2-39-81-4550,America/Los_Angeles,7132.0,274.0,8.22,30.0,480.0,"Mon, 30 Nov 2020 18:33:51 GMT",True,"Tue, 01 Dec 2020 02:33:34 GMT",7132.0,,,,,,,,,0.9133333333333333,0 days 00:54:48,,Continuous fall of snowflakes,19,19-20
2270,5fdd57d3f9af8b16e6675e0a,39,2020-11-30 22:33:25,2020-12-01 03:51:03,2020-11-30 23:40:16,2.239,2_39_78_365_2020-11-30 22:33:25.300548,2,CA-321,2-39-78-365,America/Los_Angeles,1082.0,290.0,5.8,20.0,120.0,"Mon, 30 Nov 2020 22:34:36 GMT",True,"Tue, 01 Dec 2020 00:33:25 GMT",1082.0,,,,,,,,,5.293888888888889,0 days 05:17:38,0 days 04:10:47,Clouds generally forming or developing,3,3-4
2271,5fdd57d3f9af8b16e6675e0b,39,2020-12-01 02:10:20,2020-12-01 02:49:04,,21.032,2_39_81_4550_2020-12-01 02:10:19.997513,2,11900388,2-39-81-4550,America/Los_Angeles,9266.0,300.0,48.0,160.0,461.0,"Tue, 01 Dec 2020 02:10:41 GMT",True,"Tue, 01 Dec 2020 09:51:20 GMT",9266.0,,,,,,,,,0.6455555555555555,0 days 00:38:44,,Clouds generally forming or developing,2,2-3
2272,5fdd57d3f9af8b16e6675e0c,39,2020-12-01 04:02:32,2020-12-01 04:17:36,,6.367,2_39_81_4550_2020-12-01 04:02:32.406901,2,11900388,2-39-81-4550,America/Los_Angeles,9625.0,319.0,28.71,90.0,259.0,"Tue, 01 Dec 2020 04:03:33 GMT",True,"Tue, 01 Dec 2020 08:21:32 GMT",9625.0,,,,,,,,,0.2511111111111111,0 days 00:15:04,,Clouds generally forming or developing,4,4-5
2273,5fdd57d3f9af8b16e6675e0d,39,2020-12-01 04:19:01,2020-12-01 04:54:25,2020-12-01 04:49:38,0.737,2_39_127_19_2020-12-01 04:19:01.008160,2,CA-309,2-39-127-19,America/Los_Angeles,,,,,,,,,,,,,,,,,,0.59,0 days 00:35:24,0 days 00:04:47,Clouds generally forming or developing,4,4-5
